idx,batch,variant,label,prediction,logit_0,logit_1
0,1,cpu_fp32,1,1,-4.3610053062438965,4.7004594802856445
1,1,cpu_fp32,0,0,3.7257399559020996,-3.1509437561035156
2,1,cpu_fp32,1,1,-3.870816946029663,4.0582594871521
3,1,cpu_fp32,1,1,-3.90592360496521,4.2031707763671875
4,1,cpu_fp32,0,0,4.479057312011719,-3.5969555377960205
5,1,cpu_fp32,1,1,-4.218740940093994,4.455478668212891
6,1,cpu_fp32,0,0,4.1839399337768555,-3.4255762100219727
7,1,cpu_fp32,0,0,2.609142541885376,-2.1812899112701416
8,1,cpu_fp32,1,1,-2.4336817264556885,2.474889039993286
9,1,cpu_fp32,0,0,3.9623446464538574,-3.2333877086639404
10,1,cpu_fp32,1,1,-4.358582496643066,4.702707767486572
11,1,cpu_fp32,0,0,4.391480445861816,-3.636770725250244
12,1,cpu_fp32,0,0,4.783197402954102,-3.815133810043335
13,1,cpu_fp32,1,1,-1.4933260679244995,1.611536979675293
14,1,cpu_fp32,0,0,4.646418571472168,-3.7373859882354736
15,1,cpu_fp32,1,1,-4.37285852432251,4.714893341064453
16,1,cpu_fp32,1,1,-3.7014291286468506,3.8703863620758057
17,1,cpu_fp32,1,1,-4.109631538391113,4.400333881378174
18,1,cpu_fp32,0,0,3.945051908493042,-3.2927894592285156
19,1,cpu_fp32,0,0,4.287922382354736,-3.502499580383301
20,1,cpu_fp32,0,0,2.031165838241577,-1.7332334518432617
21,1,cpu_fp32,0,0,1.6732076406478882,-1.386183500289917
22,1,cpu_fp32,0,1,-2.281980514526367,2.3921101093292236
23,1,cpu_fp32,1,1,-4.3636250495910645,4.692905426025391
24,1,cpu_fp32,1,1,-2.7366223335266113,2.9171218872070312
25,1,cpu_fp32,0,0,4.358222961425781,-3.5923523902893066
26,1,cpu_fp32,0,0,3.3847508430480957,-2.8591833114624023
27,1,cpu_fp32,1,1,-3.9088895320892334,4.119823455810547
28,1,cpu_fp32,0,0,2.5307812690734863,-2.2294905185699463
29,1,cpu_fp32,0,0,3.0977580547332764,-2.7103989124298096
30,1,cpu_fp32,1,1,-4.319858551025391,4.681188583374023
31,1,cpu_fp32,0,0,3.055737257003784,-2.631113290786743
32,1,cpu_fp32,1,1,-4.368192672729492,4.727358341217041
33,1,cpu_fp32,0,0,1.5938702821731567,-1.3218443393707275
34,1,cpu_fp32,0,0,4.750856876373291,-3.8474128246307373
35,1,cpu_fp32,0,0,4.503684043884277,-3.6649515628814697
36,1,cpu_fp32,1,1,-3.433701276779175,3.6121981143951416
37,1,cpu_fp32,0,0,2.316343069076538,-2.016906499862671
38,1,cpu_fp32,1,1,-3.4160239696502686,3.6266865730285645
39,1,cpu_fp32,1,1,-4.0783514976501465,4.306221008300781
40,1,cpu_fp32,1,1,-4.368948936462402,4.729483127593994
41,1,cpu_fp32,1,1,-3.9291179180145264,4.117685794830322
42,1,cpu_fp32,1,1,-4.068191051483154,4.339515209197998
43,1,cpu_fp32,1,1,-4.21105432510376,4.478203296661377
44,1,cpu_fp32,0,0,2.9403839111328125,-2.474222421646118
45,1,cpu_fp32,0,0,3.2275936603546143,-2.6734161376953125
46,1,cpu_fp32,0,0,1.7577908039093018,-1.4228262901306152
47,1,cpu_fp32,1,1,-4.307878494262695,4.592294216156006
48,1,cpu_fp32,1,1,-4.19327974319458,4.502119064331055
49,1,cpu_fp32,0,0,4.651422500610352,-3.758065938949585
50,1,cpu_fp32,0,0,3.9673192501068115,-3.1727840900421143
51,1,cpu_fp32,1,1,-4.197662353515625,4.453756332397461
52,1,cpu_fp32,1,1,-3.176091432571411,3.409763813018799
53,1,cpu_fp32,1,1,-4.028066158294678,4.230414390563965
54,1,cpu_fp32,0,0,3.8606653213500977,-3.1534066200256348
55,1,cpu_fp32,1,1,-4.316878318786621,4.616761684417725
56,1,cpu_fp32,0,0,4.397714614868164,-3.614060163497925
57,1,cpu_fp32,0,0,3.188455581665039,-2.736359119415283
58,1,cpu_fp32,0,0,3.4079933166503906,-2.8668034076690674
59,1,cpu_fp32,0,0,1.0966448783874512,-0.8431130051612854
60,1,cpu_fp32,1,1,-4.220419406890869,4.506735324859619
61,1,cpu_fp32,0,0,4.427288055419922,-3.6108899116516113
62,1,cpu_fp32,1,1,-2.204810857772827,2.3363492488861084
63,1,cpu_fp32,1,1,-4.049454212188721,4.306805610656738
64,1,cpu_fp32,0,1,-0.8275747895240784,0.9682726263999939
65,1,cpu_fp32,0,0,3.4203598499298096,-2.911336660385132
66,1,cpu_fp32,1,1,-0.721743106842041,0.8757256269454956
67,1,cpu_fp32,1,1,-4.374194622039795,4.751890182495117
68,1,cpu_fp32,1,1,-3.0759315490722656,3.2254137992858887
69,1,cpu_fp32,0,0,1.0880670547485352,-0.740753710269928
70,1,cpu_fp32,0,0,2.995553970336914,-2.4825148582458496
71,1,cpu_fp32,1,1,-4.275369644165039,4.5541276931762695
72,1,cpu_fp32,1,1,-3.8539879322052,4.056636810302734
73,1,cpu_fp32,1,1,-1.7542892694473267,1.8965404033660889
74,1,cpu_fp32,0,0,4.159975051879883,-3.463970899581909
75,1,cpu_fp32,1,1,-4.163607120513916,4.425305366516113
76,1,cpu_fp32,0,0,4.638533592224121,-3.679226875305176
77,1,cpu_fp32,1,1,-4.127120494842529,4.414659023284912
78,1,cpu_fp32,1,1,-4.186489105224609,4.458347320556641
79,1,cpu_fp32,0,0,4.353364944458008,-3.5426201820373535
80,1,cpu_fp32,1,1,-4.2462687492370605,4.577407360076904
81,1,cpu_fp32,0,0,4.353166580200195,-3.5833847522735596
82,1,cpu_fp32,0,0,1.367979645729065,-1.095076560974121
83,1,cpu_fp32,1,1,-1.080649971961975,1.1506296396255493
84,1,cpu_fp32,1,1,-4.112783432006836,4.359834671020508
85,1,cpu_fp32,1,1,-3.724172353744507,3.9264490604400635
86,1,cpu_fp32,0,0,4.412728786468506,-3.5839643478393555
87,1,cpu_fp32,1,0,3.0006344318389893,-2.5401408672332764
88,1,cpu_fp32,1,1,-3.041748046875,3.1927647590637207
89,1,cpu_fp32,1,1,-2.934840440750122,3.01941180229187
90,1,cpu_fp32,1,1,-3.998100519180298,4.202726364135742
91,1,cpu_fp32,1,1,-4.182565689086914,4.424108982086182
92,1,cpu_fp32,0,1,-3.2071235179901123,3.306715965270996
93,1,cpu_fp32,1,0,4.055170059204102,-3.3494386672973633
94,1,cpu_fp32,1,1,-4.090034008026123,4.315464973449707
95,1,cpu_fp32,0,1,-3.585240364074707,3.6952857971191406
96,1,cpu_fp32,0,0,3.2828238010406494,-2.73825740814209
97,1,cpu_fp32,1,1,-2.6115667819976807,2.633139133453369
98,1,cpu_fp32,0,0,4.793187141418457,-3.813509225845337
99,1,cpu_fp32,0,0,3.2641661167144775,-2.7159996032714844
100,1,cpu_fp32,1,1,-4.152347564697266,4.402888774871826
101,1,cpu_fp32,0,0,3.2745954990386963,-2.7228341102600098
102,1,cpu_fp32,1,1,-2.1723406314849854,2.2097246646881104
103,1,cpu_fp32,1,1,-4.313208103179932,4.630439758300781
104,1,cpu_fp32,1,1,-3.146916151046753,3.2816519737243652
105,1,cpu_fp32,0,0,2.2433905601501465,-1.8724006414413452
106,1,cpu_fp32,1,1,-3.703733444213867,3.916133165359497
107,1,cpu_fp32,0,1,-1.3789360523223877,1.3910801410675049
108,1,cpu_fp32,0,0,2.909895181655884,-2.350484848022461
109,1,cpu_fp32,1,1,-4.320279121398926,4.6115899085998535
110,1,cpu_fp32,0,0,4.51408576965332,-3.54257869720459
111,1,cpu_fp32,0,0,3.9339563846588135,-3.164919853210449
112,1,cpu_fp32,1,1,-1.9445685148239136,2.0788564682006836
113,1,cpu_fp32,0,0,4.712319850921631,-3.7478694915771484
114,1,cpu_fp32,1,1,-4.025357723236084,4.259929656982422
115,1,cpu_fp32,0,1,-2.8185174465179443,2.934612989425659
116,1,cpu_fp32,1,1,-4.190965175628662,4.4901838302612305
117,1,cpu_fp32,1,1,-4.028376579284668,4.268570423126221
118,1,cpu_fp32,0,1,-2.118806838989258,2.2409145832061768
119,1,cpu_fp32,0,0,2.539842367172241,-2.2116377353668213
120,1,cpu_fp32,1,1,-4.262354850769043,4.535669803619385
121,1,cpu_fp32,0,1,-2.981070041656494,3.110839605331421
122,1,cpu_fp32,1,1,-2.1104934215545654,2.1288390159606934
123,1,cpu_fp32,1,0,2.674661159515381,-2.2167961597442627
124,1,cpu_fp32,1,1,-3.4721124172210693,3.7029333114624023
125,1,cpu_fp32,1,1,-4.326396942138672,4.661420822143555
126,1,cpu_fp32,0,0,2.228289842605591,-1.7898869514465332
127,1,cpu_fp32,0,0,4.385005950927734,-3.532715082168579
128,1,cpu_fp32,1,1,-4.024097442626953,4.274526119232178
129,1,cpu_fp32,1,1,-4.36490535736084,4.701477527618408
130,1,cpu_fp32,0,0,4.757903575897217,-3.7418124675750732
131,1,cpu_fp32,0,0,4.565502166748047,-3.6584653854370117
132,1,cpu_fp32,1,1,-4.240117073059082,4.60891580581665
133,1,cpu_fp32,0,0,4.21227502822876,-3.4861972332000732
134,1,cpu_fp32,0,0,3.906790256500244,-3.2641568183898926
135,1,cpu_fp32,0,1,-1.1512683629989624,1.294575572013855
136,1,cpu_fp32,0,0,3.622969627380371,-3.0378196239471436
137,1,cpu_fp32,0,0,4.56566858291626,-3.7505455017089844
138,1,cpu_fp32,1,1,-4.148505210876465,4.510139465332031
139,1,cpu_fp32,0,0,4.352551460266113,-3.4824771881103516
140,1,cpu_fp32,0,0,4.3415937423706055,-3.5580852031707764
141,1,cpu_fp32,0,0,4.720883846282959,-3.7484817504882812
142,1,cpu_fp32,1,0,2.595855236053467,-2.188556432723999
143,1,cpu_fp32,1,1,-3.7384257316589355,3.971459150314331
144,1,cpu_fp32,0,0,4.539533615112305,-3.6674349308013916
145,1,cpu_fp32,0,1,-0.8046649694442749,0.9792910814285278
146,1,cpu_fp32,1,1,-4.256563186645508,4.515955924987793
147,1,cpu_fp32,0,0,1.9129204750061035,-1.7199746370315552
148,1,cpu_fp32,0,0,4.702363014221191,-3.8230128288269043
149,1,cpu_fp32,1,1,-2.3007466793060303,2.303511619567871
150,1,cpu_fp32,1,1,-4.0901031494140625,4.508930206298828
151,1,cpu_fp32,1,1,-4.179994106292725,4.483660697937012
152,1,cpu_fp32,1,1,-3.322842836380005,3.396760940551758
153,1,cpu_fp32,0,0,3.6881608963012695,-2.9866721630096436
154,1,cpu_fp32,1,1,-4.014256000518799,4.238750457763672
155,1,cpu_fp32,0,0,3.960148811340332,-3.288625955581665
156,1,cpu_fp32,1,1,-3.956118583679199,4.218903541564941
157,1,cpu_fp32,0,0,4.459677219390869,-3.6654276847839355
158,1,cpu_fp32,0,1,-2.470360279083252,2.5726163387298584
159,1,cpu_fp32,1,1,-4.2228474617004395,4.571967124938965
160,1,cpu_fp32,0,0,4.62242317199707,-3.7078680992126465
161,1,cpu_fp32,0,0,3.8594250679016113,-3.2067573070526123
162,1,cpu_fp32,0,0,4.5428080558776855,-3.6329562664031982
163,1,cpu_fp32,0,0,3.5576815605163574,-2.893237352371216
164,1,cpu_fp32,1,1,-3.663196563720703,3.834582805633545
165,1,cpu_fp32,0,0,3.749342441558838,-3.0865814685821533
166,1,cpu_fp32,0,0,3.6744840145111084,-3.032186269760132
167,1,cpu_fp32,0,0,4.573330879211426,-3.631239652633667
168,1,cpu_fp32,1,1,-4.3569746017456055,4.730993270874023
169,1,cpu_fp32,1,1,-4.208881855010986,4.537391185760498
170,1,cpu_fp32,1,1,-4.377291202545166,4.733282089233398
171,1,cpu_fp32,0,1,-1.8553682565689087,1.9363985061645508
172,1,cpu_fp32,1,1,-0.45079290866851807,0.6168338656425476
173,1,cpu_fp32,0,0,4.430188179016113,-3.642845869064331
174,1,cpu_fp32,1,1,-3.843228578567505,4.088805675506592
175,1,cpu_fp32,1,1,-3.1604108810424805,3.3154172897338867
176,1,cpu_fp32,0,0,1.7206447124481201,-1.4078786373138428
177,1,cpu_fp32,0,0,4.206058502197266,-3.420750379562378
178,1,cpu_fp32,0,0,0.4146224856376648,-0.27508464455604553
179,1,cpu_fp32,1,1,-4.3608527183532715,4.732988357543945
180,1,cpu_fp32,0,0,2.9493703842163086,-2.426705837249756
181,1,cpu_fp32,0,0,4.626542568206787,-3.7036638259887695
182,1,cpu_fp32,0,0,4.213497638702393,-3.423255443572998
183,1,cpu_fp32,0,1,-3.877678632736206,4.052087783813477
184,1,cpu_fp32,0,1,-0.257673054933548,0.4228941798210144
185,1,cpu_fp32,1,1,-4.299230098724365,4.569068431854248
186,1,cpu_fp32,1,1,-2.4594051837921143,2.562072515487671
187,1,cpu_fp32,1,1,-3.6544063091278076,3.864609956741333
188,1,cpu_fp32,0,0,3.3133561611175537,-2.7816457748413086
189,1,cpu_fp32,0,0,4.197644233703613,-3.4785337448120117
190,1,cpu_fp32,0,0,3.0087623596191406,-2.3711540699005127
191,1,cpu_fp32,1,1,-2.8630876541137695,2.895758867263794
192,1,cpu_fp32,1,1,-1.863702416419983,2.0762999057769775
193,1,cpu_fp32,1,1,-2.4510581493377686,2.5267045497894287
194,1,cpu_fp32,1,1,-3.088001012802124,3.117180585861206
195,1,cpu_fp32,1,1,-1.2411112785339355,1.2321012020111084
196,1,cpu_fp32,1,1,-2.4568915367126465,2.5839321613311768
197,1,cpu_fp32,0,0,4.68583869934082,-3.817331552505493
198,1,cpu_fp32,1,1,-4.351622104644775,4.64339017868042
199,1,cpu_fp32,0,0,4.380383014678955,-3.5430796146392822
200,1,cpu_fp32,1,1,-0.6102463603019714,0.835306704044342
201,1,cpu_fp32,1,1,-2.163295030593872,2.233532667160034
202,1,cpu_fp32,0,0,4.010965824127197,-3.341137170791626
203,1,cpu_fp32,0,0,4.673137187957764,-3.703674793243408
204,1,cpu_fp32,1,1,-3.752017021179199,3.9774937629699707
205,1,cpu_fp32,1,1,-3.039397716522217,3.1372809410095215
206,1,cpu_fp32,1,1,-4.268463134765625,4.551429271697998
207,1,cpu_fp32,1,1,-4.367937088012695,4.724727153778076
208,1,cpu_fp32,0,0,4.542322158813477,-3.661426067352295
209,1,cpu_fp32,0,0,3.1059892177581787,-2.519601345062256
210,1,cpu_fp32,1,1,-3.727236747741699,3.8885111808776855
211,1,cpu_fp32,0,0,2.280181407928467,-1.9380276203155518
212,1,cpu_fp32,0,0,3.907931089401245,-3.2664248943328857
213,1,cpu_fp32,0,1,-1.814646601676941,1.8863420486450195
214,1,cpu_fp32,0,0,3.201171636581421,-2.7972652912139893
215,1,cpu_fp32,1,1,-2.4463250637054443,2.53195858001709
216,1,cpu_fp32,1,1,-2.780963182449341,2.862004041671753
217,1,cpu_fp32,0,0,4.0502424240112305,-3.3223252296447754
218,1,cpu_fp32,0,0,0.9223924279212952,-0.6513222455978394
219,1,cpu_fp32,1,1,-3.127476930618286,3.214547634124756
220,1,cpu_fp32,1,1,-2.35689377784729,2.388664484024048
221,1,cpu_fp32,0,0,4.68519401550293,-3.7435696125030518
222,1,cpu_fp32,1,1,-3.359290838241577,3.5399067401885986
223,1,cpu_fp32,1,1,-3.5959320068359375,3.772812843322754
224,1,cpu_fp32,1,1,-3.4861857891082764,3.6778743267059326
225,1,cpu_fp32,1,1,-4.0294928550720215,4.228133678436279
226,1,cpu_fp32,0,0,4.714905261993408,-3.778611421585083
227,1,cpu_fp32,1,1,-4.324269771575928,4.642668724060059
228,1,cpu_fp32,1,1,-4.170654296875,4.410355567932129
229,1,cpu_fp32,0,0,4.103568077087402,-3.3591670989990234
230,1,cpu_fp32,1,0,0.40491554141044617,-0.17180122435092926
231,1,cpu_fp32,1,1,-4.195252895355225,4.466311454772949
232,1,cpu_fp32,0,0,2.7254767417907715,-2.218094825744629
233,1,cpu_fp32,0,0,4.271993637084961,-3.4620778560638428
234,1,cpu_fp32,1,1,-4.126054286956787,4.38097620010376
235,1,cpu_fp32,1,1,-2.877932071685791,2.9087634086608887
236,1,cpu_fp32,1,1,-3.1302340030670166,3.319030284881592
237,1,cpu_fp32,0,0,4.11464786529541,-3.423900604248047
238,1,cpu_fp32,0,0,4.193291187286377,-3.3844025135040283
239,1,cpu_fp32,1,1,-4.273932456970215,4.566524505615234
240,1,cpu_fp32,1,1,-2.980752468109131,3.074697256088257
241,1,cpu_fp32,0,0,4.6004228591918945,-3.661242723464966
242,1,cpu_fp32,0,0,4.671803951263428,-3.7587215900421143
243,1,cpu_fp32,1,0,1.7884345054626465,-1.473974347114563
244,1,cpu_fp32,1,1,-4.33284330368042,4.7153096199035645
245,1,cpu_fp32,1,1,-3.0668089389801025,3.204772710800171
246,1,cpu_fp32,1,1,-4.057131767272949,4.307275295257568
247,1,cpu_fp32,0,0,4.461517333984375,-3.6279468536376953
248,1,cpu_fp32,1,0,1.7866965532302856,-1.4491386413574219
249,1,cpu_fp32,1,1,-0.832610547542572,0.9002770185470581
250,1,cpu_fp32,1,1,-3.996155023574829,4.236233234405518
251,1,cpu_fp32,0,0,4.2972211837768555,-3.487769365310669
252,1,cpu_fp32,1,1,-4.30521821975708,4.674191474914551
253,1,cpu_fp32,0,0,2.4440066814422607,-2.034416437149048
254,1,cpu_fp32,0,0,4.505853652954102,-3.6401281356811523
255,1,cpu_fp32,0,0,4.130331993103027,-3.509047031402588
256,1,cpu_fp32,0,0,2.4640331268310547,-2.081655263900757
257,1,cpu_fp32,0,0,4.085124492645264,-3.38629150390625
258,1,cpu_fp32,0,0,4.7322821617126465,-3.7774479389190674
259,1,cpu_fp32,1,1,-3.962294816970825,4.202088832855225
260,1,cpu_fp32,0,0,4.003559589385986,-3.2810921669006348
261,1,cpu_fp32,1,1,-4.037684917449951,4.251739025115967
262,1,cpu_fp32,0,0,4.549222469329834,-3.6766469478607178
263,1,cpu_fp32,1,1,-4.153880596160889,4.429798126220703
264,1,cpu_fp32,0,0,4.27476692199707,-3.4441869258880615
265,1,cpu_fp32,0,0,4.514760971069336,-3.6361594200134277
266,1,cpu_fp32,1,0,2.885960817337036,-2.375297784805298
267,1,cpu_fp32,0,0,2.0354037284851074,-1.6662858724594116
268,1,cpu_fp32,0,0,4.671466827392578,-3.690539598464966
269,1,cpu_fp32,0,0,3.6735281944274902,-2.986832857131958
270,1,cpu_fp32,1,1,-4.285183429718018,4.6186747550964355
271,1,cpu_fp32,1,0,2.6341660022735596,-2.2077224254608154
272,1,cpu_fp32,0,0,3.290419578552246,-2.8033649921417236
273,1,cpu_fp32,1,0,0.941240131855011,-0.8521446585655212
274,1,cpu_fp32,0,1,-2.779935359954834,2.8284711837768555
275,1,cpu_fp32,1,1,-4.381468772888184,4.694535732269287
276,1,cpu_fp32,1,1,-2.909966468811035,3.054401397705078
277,1,cpu_fp32,1,1,-4.18533182144165,4.479609966278076
278,1,cpu_fp32,0,0,3.92529559135437,-3.2462213039398193
279,1,cpu_fp32,1,1,-2.6501576900482178,2.6687376499176025
280,1,cpu_fp32,1,1,-4.299055099487305,4.6128153800964355
281,1,cpu_fp32,0,0,4.500052452087402,-3.681945323944092
282,1,cpu_fp32,1,0,3.6064372062683105,-3.020414352416992
283,1,cpu_fp32,1,1,-4.3406171798706055,4.652745246887207
284,1,cpu_fp32,0,0,3.317254066467285,-2.8189306259155273
285,1,cpu_fp32,0,0,2.8180346488952637,-2.316682815551758
286,1,cpu_fp32,1,1,-4.197084903717041,4.484396934509277
287,1,cpu_fp32,1,1,-4.199889659881592,4.489540100097656
288,1,cpu_fp32,1,1,-4.012663841247559,4.238814830780029
289,1,cpu_fp32,1,1,-2.742469072341919,2.9431633949279785
290,1,cpu_fp32,1,1,-4.143650531768799,4.394465446472168
291,1,cpu_fp32,0,0,2.4037575721740723,-1.9877358675003052
292,1,cpu_fp32,0,1,-2.459476947784424,2.45985746383667
293,1,cpu_fp32,1,1,-4.107025623321533,4.3260650634765625
294,1,cpu_fp32,1,1,-3.6085147857666016,3.881704568862915
295,1,cpu_fp32,1,1,-3.4395174980163574,3.5892562866210938
296,1,cpu_fp32,0,0,4.292109489440918,-3.5408191680908203
297,1,cpu_fp32,1,1,-3.3445820808410645,3.4990057945251465
298,1,cpu_fp32,0,0,4.503123760223389,-3.622600793838501
299,1,cpu_fp32,1,1,-2.63132905960083,2.7364919185638428
300,1,cpu_fp32,1,1,-4.2810378074646,4.605881690979004
301,1,cpu_fp32,0,0,0.2029889076948166,0.13883942365646362
302,1,cpu_fp32,1,1,-4.342652797698975,4.670687198638916
303,1,cpu_fp32,1,1,-4.381182670593262,4.711755275726318
304,1,cpu_fp32,1,1,-3.903535842895508,4.05799674987793
305,1,cpu_fp32,0,0,3.8956847190856934,-3.1005923748016357
306,1,cpu_fp32,1,1,-4.1247663497924805,4.412598133087158
307,1,cpu_fp32,1,1,-4.196983337402344,4.472862243652344
308,1,cpu_fp32,1,1,-3.026904821395874,3.1200642585754395
309,1,cpu_fp32,1,1,-4.10744571685791,4.442110061645508
310,1,cpu_fp32,1,1,-4.059442043304443,4.319555282592773
311,1,cpu_fp32,1,1,-4.3468170166015625,4.686870098114014
312,1,cpu_fp32,0,1,-2.988717555999756,3.1052770614624023
313,1,cpu_fp32,1,1,-4.2546772956848145,4.631893157958984
314,1,cpu_fp32,1,1,-4.3293914794921875,4.6900458335876465
315,1,cpu_fp32,0,0,4.7270073890686035,-3.7519736289978027
316,1,cpu_fp32,1,1,-4.33558988571167,4.73295259475708
317,1,cpu_fp32,1,1,-4.339899063110352,4.654904842376709
318,1,cpu_fp32,0,0,2.7271080017089844,-2.301818370819092
319,1,cpu_fp32,0,0,4.606895446777344,-3.7583484649658203
320,1,cpu_fp32,1,1,-4.339415073394775,4.68586540222168
321,1,cpu_fp32,0,0,2.83927845954895,-2.500433921813965
322,1,cpu_fp32,0,0,3.2389984130859375,-2.7085065841674805
323,1,cpu_fp32,1,1,-2.844161033630371,2.9637439250946045
324,1,cpu_fp32,1,0,1.539259433746338,-1.3988286256790161
325,1,cpu_fp32,1,1,-4.134730339050293,4.410834789276123
326,1,cpu_fp32,1,1,-3.5916988849639893,3.828237771987915
327,1,cpu_fp32,1,1,-4.064574241638184,4.312403202056885
328,1,cpu_fp32,0,0,2.4422013759613037,-2.0110881328582764
329,1,cpu_fp32,0,0,4.718359470367432,-3.751640796661377
330,1,cpu_fp32,0,0,3.5189037322998047,-2.926447868347168
331,1,cpu_fp32,1,1,-3.8426105976104736,3.9891042709350586
332,1,cpu_fp32,1,1,-1.7204384803771973,1.8579920530319214
333,1,cpu_fp32,1,1,-3.20843243598938,3.2702794075012207
334,1,cpu_fp32,1,1,-4.048643589019775,4.340412616729736
335,1,cpu_fp32,0,0,3.8464810848236084,-3.131240129470825
336,1,cpu_fp32,1,1,-4.264245510101318,4.6328206062316895
337,1,cpu_fp32,0,0,4.744906902313232,-3.8213114738464355
338,1,cpu_fp32,0,0,2.3846752643585205,-2.064591407775879
339,1,cpu_fp32,1,1,-4.024282455444336,4.249279022216797
340,1,cpu_fp32,0,0,3.3536453247070312,-2.780886173248291
341,1,cpu_fp32,1,1,-1.4718314409255981,1.627877950668335
342,1,cpu_fp32,0,0,3.3066883087158203,-2.7560362815856934
343,1,cpu_fp32,0,0,4.604621410369873,-3.6590301990509033
344,1,cpu_fp32,1,1,-3.7491743564605713,3.972094774246216
345,1,cpu_fp32,1,1,-3.981713056564331,4.200894832611084
346,1,cpu_fp32,0,0,2.9932804107666016,-2.5370900630950928
347,1,cpu_fp32,0,0,4.5705742835998535,-3.701615810394287
348,1,cpu_fp32,0,0,4.524139404296875,-3.7007062435150146
349,1,cpu_fp32,0,0,3.1653621196746826,-2.665538787841797
350,1,cpu_fp32,0,0,3.350290536880493,-2.8435215950012207
351,1,cpu_fp32,1,1,-4.164047718048096,4.505343437194824
352,1,cpu_fp32,1,1,-3.9183835983276367,4.120220184326172
353,1,cpu_fp32,1,1,-4.368186950683594,4.670870780944824
354,1,cpu_fp32,1,1,-3.839632749557495,4.079906463623047
355,1,cpu_fp32,0,0,4.027057647705078,-3.2843544483184814
356,1,cpu_fp32,0,1,-1.6896395683288574,1.8427784442901611
357,1,cpu_fp32,0,0,2.686655282974243,-2.2362375259399414
358,1,cpu_fp32,1,0,2.453256368637085,-2.1210100650787354
359,1,cpu_fp32,1,1,-3.849214553833008,4.115452289581299
360,1,cpu_fp32,1,1,-3.969883680343628,4.207818984985352
361,1,cpu_fp32,0,0,4.7360100746154785,-3.8097169399261475
362,1,cpu_fp32,1,1,-3.168727159500122,3.324892282485962
363,1,cpu_fp32,0,0,4.604218482971191,-3.7170658111572266
364,1,cpu_fp32,0,0,3.0034801959991455,-2.609316110610962
365,1,cpu_fp32,0,0,2.5455243587493896,-2.2427899837493896
366,1,cpu_fp32,1,1,-4.117918968200684,4.37503719329834
367,1,cpu_fp32,1,1,-3.686645984649658,3.8929085731506348
368,1,cpu_fp32,0,0,4.292151927947998,-3.573300361633301
369,1,cpu_fp32,1,1,-3.454482316970825,3.5780885219573975
370,1,cpu_fp32,0,0,4.523042678833008,-3.6629128456115723
371,1,cpu_fp32,1,1,-3.341710329055786,3.4579155445098877
372,1,cpu_fp32,1,1,-3.4478418827056885,3.6709816455841064
373,1,cpu_fp32,0,0,2.9347434043884277,-2.5648910999298096
374,1,cpu_fp32,0,0,4.612933158874512,-3.7032833099365234
375,1,cpu_fp32,1,0,1.6124180555343628,-1.2247719764709473
376,1,cpu_fp32,0,0,4.435561656951904,-3.632363796234131
377,1,cpu_fp32,0,0,3.850459575653076,-3.127906322479248
378,1,cpu_fp32,0,0,4.598735809326172,-3.7679498195648193
379,1,cpu_fp32,0,0,4.313901901245117,-3.5382983684539795
380,1,cpu_fp32,0,0,4.77242374420166,-3.80110764503479
381,1,cpu_fp32,1,1,-4.038891792297363,4.261530876159668
382,1,cpu_fp32,0,0,3.1716487407684326,-2.616543769836426
383,1,cpu_fp32,1,1,-4.330244064331055,4.6477179527282715
384,1,cpu_fp32,0,0,4.176379680633545,-3.443283796310425
385,1,cpu_fp32,0,0,1.6503283977508545,-1.1874240636825562
386,1,cpu_fp32,1,1,-4.340986251831055,4.669235706329346
387,1,cpu_fp32,1,1,-4.1705851554870605,4.439777374267578
388,1,cpu_fp32,0,0,3.9693398475646973,-3.2820398807525635
389,1,cpu_fp32,1,1,-2.4383115768432617,2.4948973655700684
390,1,cpu_fp32,0,0,4.6658220291137695,-3.795832872390747
391,1,cpu_fp32,0,0,4.255952835083008,-3.497156858444214
392,1,cpu_fp32,0,0,4.325118541717529,-3.5148916244506836
393,1,cpu_fp32,1,1,-4.3358540534973145,4.7250142097473145
394,1,cpu_fp32,1,1,-3.6133522987365723,3.8166439533233643
395,1,cpu_fp32,0,1,-0.5195250511169434,0.7523188591003418
396,1,cpu_fp32,1,1,-4.355477809906006,4.700080394744873
397,1,cpu_fp32,1,1,-4.267922878265381,4.581460475921631
398,1,cpu_fp32,1,1,-3.4709601402282715,3.5757431983947754
399,1,cpu_fp32,0,1,-1.3158581256866455,1.3284926414489746
400,1,cpu_fp32,1,1,-2.839482307434082,2.9655566215515137
401,1,cpu_fp32,1,1,-1.9893912076950073,2.0137898921966553
402,1,cpu_fp32,0,0,3.7299673557281494,-3.07812237739563
403,1,cpu_fp32,0,0,4.601124286651611,-3.7451682090759277
404,1,cpu_fp32,1,1,-4.123669147491455,4.458855628967285
405,1,cpu_fp32,0,1,-0.5185644030570984,0.6940591931343079
406,1,cpu_fp32,1,1,-3.4427478313446045,3.6011288166046143
407,1,cpu_fp32,0,0,3.7990517616271973,-3.1687192916870117
408,1,cpu_fp32,0,0,3.8174450397491455,-3.1615078449249268
409,1,cpu_fp32,0,0,4.743277549743652,-3.8541204929351807
410,1,cpu_fp32,1,1,-3.7157490253448486,3.8552496433258057
411,1,cpu_fp32,0,1,-1.3452297449111938,1.3511649370193481
412,1,cpu_fp32,0,0,2.3441479206085205,-1.988175392150879
413,1,cpu_fp32,0,0,4.603704452514648,-3.6864540576934814
414,1,cpu_fp32,1,1,-4.201927661895752,4.469054222106934
415,1,cpu_fp32,1,1,-4.237452983856201,4.574951648712158
416,1,cpu_fp32,1,1,-3.798734426498413,4.113886833190918
417,1,cpu_fp32,1,1,-4.1295166015625,4.356914043426514
418,1,cpu_fp32,1,1,-3.149121046066284,3.3003456592559814
419,1,cpu_fp32,0,0,4.710592269897461,-3.800593614578247
420,1,cpu_fp32,0,0,3.778132677078247,-3.107436180114746
421,1,cpu_fp32,1,1,-3.0045454502105713,3.111793041229248
422,1,cpu_fp32,1,1,-0.17593729496002197,0.42357268929481506
423,1,cpu_fp32,0,0,4.465421199798584,-3.634904384613037
424,1,cpu_fp32,1,1,-4.297919273376465,4.646286487579346
425,1,cpu_fp32,1,1,-3.817655563354492,3.9853222370147705
426,1,cpu_fp32,1,1,-4.061126232147217,4.282350540161133
427,1,cpu_fp32,1,1,-4.1379194259643555,4.413295745849609
428,1,cpu_fp32,1,1,-4.286624431610107,4.633025646209717
429,1,cpu_fp32,0,0,4.632901668548584,-3.7454793453216553
430,1,cpu_fp32,1,1,-4.318491458892822,4.632701873779297
431,1,cpu_fp32,0,0,3.8798859119415283,-3.292931318283081
432,1,cpu_fp32,0,0,4.44065523147583,-3.6278135776519775
433,1,cpu_fp32,1,1,-3.565556287765503,3.7296600341796875
434,1,cpu_fp32,0,0,2.741783618927002,-2.40201473236084
435,1,cpu_fp32,1,1,-3.9686837196350098,4.264883518218994
436,1,cpu_fp32,0,0,4.693397045135498,-3.7827694416046143
437,1,cpu_fp32,1,1,-4.2592573165893555,4.570932388305664
438,1,cpu_fp32,1,1,-3.766030788421631,3.9409453868865967
439,1,cpu_fp32,1,1,-4.362264633178711,4.724838733673096
440,1,cpu_fp32,1,0,0.5946547389030457,-0.34313151240348816
441,1,cpu_fp32,0,0,2.962327241897583,-2.438188076019287
442,1,cpu_fp32,0,0,3.0917439460754395,-2.5703651905059814
443,1,cpu_fp32,1,1,-4.274832725524902,4.606561183929443
444,1,cpu_fp32,0,0,2.033344268798828,-1.7427020072937012
445,1,cpu_fp32,1,1,-3.4980556964874268,3.68700909614563
446,1,cpu_fp32,0,1,-2.3273749351501465,2.3785133361816406
447,1,cpu_fp32,1,1,-2.9411816596984863,3.0103492736816406
448,1,cpu_fp32,1,1,-0.529803454875946,0.6440882086753845
449,1,cpu_fp32,0,1,-2.1149098873138428,2.0754878520965576
450,1,cpu_fp32,1,1,-4.200850009918213,4.466457366943359
451,1,cpu_fp32,1,1,-3.923797130584717,4.142854690551758
452,1,cpu_fp32,0,0,4.763331890106201,-3.807544231414795
453,1,cpu_fp32,1,1,-2.817086935043335,2.9758641719818115
454,1,cpu_fp32,0,0,2.290148973464966,-1.838714361190796
455,1,cpu_fp32,1,1,-4.269578456878662,4.525936126708984
456,1,cpu_fp32,0,0,2.9375295639038086,-2.4281580448150635
457,1,cpu_fp32,1,1,-4.3465142250061035,4.6612868309021
458,1,cpu_fp32,1,1,-3.353062868118286,3.4868688583374023
459,1,cpu_fp32,1,1,-4.132667541503906,4.413985252380371
460,1,cpu_fp32,1,1,-3.7995526790618896,3.9691898822784424
461,1,cpu_fp32,0,0,4.733696460723877,-3.8085134029388428
462,1,cpu_fp32,0,0,4.483870983123779,-3.649597644805908
463,1,cpu_fp32,0,0,4.354533672332764,-3.5132575035095215
464,1,cpu_fp32,1,0,1.3947986364364624,-1.0867193937301636
465,1,cpu_fp32,0,0,2.8997104167938232,-2.45453143119812
466,1,cpu_fp32,1,1,-3.726837396621704,3.8596982955932617
467,1,cpu_fp32,1,1,-3.188695192337036,3.257791757583618
468,1,cpu_fp32,1,1,-4.140697002410889,4.385734558105469
469,1,cpu_fp32,0,0,4.539078235626221,-3.716052770614624
470,1,cpu_fp32,1,1,-4.311761379241943,4.669746398925781
471,1,cpu_fp32,0,0,3.9603793621063232,-3.2905585765838623
472,1,cpu_fp32,1,1,-3.3062210083007812,3.324829339981079
473,1,cpu_fp32,1,1,-3.7196760177612305,3.9637515544891357
474,1,cpu_fp32,0,0,4.6561102867126465,-3.7205538749694824
475,1,cpu_fp32,1,1,-4.284704208374023,4.624181270599365
476,1,cpu_fp32,0,0,4.156495571136475,-3.4007201194763184
477,1,cpu_fp32,0,1,-1.7983217239379883,1.7944104671478271
478,1,cpu_fp32,0,0,1.6566081047058105,-1.3845244646072388
479,1,cpu_fp32,1,1,-4.354427814483643,4.668975830078125
480,1,cpu_fp32,1,1,-3.937577247619629,4.160428047180176
481,1,cpu_fp32,1,1,-0.3258861303329468,0.5602151155471802
482,1,cpu_fp32,1,1,-3.820854902267456,4.025755405426025
483,1,cpu_fp32,1,1,-4.099250793457031,4.37568473815918
484,1,cpu_fp32,1,1,-4.227471351623535,4.521401882171631
485,1,cpu_fp32,1,1,-4.065683364868164,4.309686183929443
486,1,cpu_fp32,0,0,4.589076042175293,-3.6183862686157227
487,1,cpu_fp32,0,0,3.3074960708618164,-2.7659757137298584
488,1,cpu_fp32,1,1,-4.227591514587402,4.544060707092285
489,1,cpu_fp32,0,0,4.305964946746826,-3.467780113220215
490,1,cpu_fp32,0,0,4.7526726722717285,-3.825733184814453
491,1,cpu_fp32,0,0,3.962432861328125,-3.2617790699005127
492,1,cpu_fp32,1,1,-4.365715980529785,4.683262825012207
493,1,cpu_fp32,0,0,4.7070441246032715,-3.71974778175354
494,1,cpu_fp32,0,1,-2.8969438076019287,3.041696548461914
495,1,cpu_fp32,1,1,-1.1975198984146118,1.3799538612365723
496,1,cpu_fp32,1,0,1.1333248615264893,-0.9997305274009705
497,1,cpu_fp32,0,0,0.1223934218287468,0.012570801191031933
498,1,cpu_fp32,1,1,-4.147906303405762,4.432287216186523
499,1,cpu_fp32,1,1,-2.9698104858398438,3.031205415725708
500,1,cpu_fp32,0,0,4.463063716888428,-3.6447954177856445
501,1,cpu_fp32,1,0,2.7296950817108154,-2.3542561531066895
502,1,cpu_fp32,0,0,4.754319667816162,-3.8119301795959473
503,1,cpu_fp32,0,0,3.316166639328003,-2.7559008598327637
504,1,cpu_fp32,1,1,-4.375240802764893,4.717370986938477
505,1,cpu_fp32,1,1,-2.828956365585327,2.956681728363037
506,1,cpu_fp32,1,1,-3.9292876720428467,4.136817455291748
507,1,cpu_fp32,1,1,-3.8268277645111084,4.067591667175293
508,1,cpu_fp32,1,1,-4.2987823486328125,4.602351188659668
509,1,cpu_fp32,1,1,-0.1542958915233612,0.45032498240470886
510,1,cpu_fp32,1,1,-3.5248606204986572,3.72556209564209
511,1,cpu_fp32,1,1,-3.9205615520477295,4.135013103485107
512,1,cpu_fp32,0,0,4.34298849105835,-3.506237745285034
513,1,cpu_fp32,0,0,1.236606478691101,-0.9052976369857788
514,1,cpu_fp32,1,1,-3.8224804401397705,4.029260158538818
515,1,cpu_fp32,0,0,3.2438809871673584,-2.6404149532318115
516,1,cpu_fp32,0,0,4.222335338592529,-3.463245153427124
517,1,cpu_fp32,1,1,-2.1421926021575928,2.2403066158294678
518,1,cpu_fp32,1,1,-3.8716840744018555,4.1092915534973145
519,1,cpu_fp32,0,1,-3.6433773040771484,3.7528233528137207
520,1,cpu_fp32,1,1,-3.9671695232391357,4.1844353675842285
521,1,cpu_fp32,0,0,4.235025882720947,-3.443146228790283
522,1,cpu_fp32,0,0,4.373762607574463,-3.6074042320251465
523,1,cpu_fp32,1,1,-4.296739101409912,4.571769714355469
524,1,cpu_fp32,1,1,-3.6958205699920654,3.8368382453918457
525,1,cpu_fp32,1,1,-4.086306095123291,4.407985210418701
526,1,cpu_fp32,0,0,4.066305637359619,-3.3163399696350098
527,1,cpu_fp32,0,0,0.12164261937141418,-0.02002403885126114
528,1,cpu_fp32,1,1,-3.1723880767822266,3.3427963256835938
529,1,cpu_fp32,0,0,4.291574478149414,-3.5154402256011963
530,1,cpu_fp32,1,1,-4.3084330558776855,4.644510746002197
531,1,cpu_fp32,0,0,4.010134696960449,-3.3173305988311768
532,1,cpu_fp32,1,1,-3.273904323577881,3.406522512435913
533,1,cpu_fp32,1,1,-3.8928000926971436,4.178547382354736
534,1,cpu_fp32,1,1,-4.325892925262451,4.671588897705078
535,1,cpu_fp32,1,1,-4.022396564483643,4.296839714050293
536,1,cpu_fp32,0,0,4.675105571746826,-3.792815923690796
537,1,cpu_fp32,1,1,-4.243643760681152,4.514900207519531
538,1,cpu_fp32,0,0,4.7704057693481445,-3.8375210762023926
539,1,cpu_fp32,0,0,2.373011827468872,-1.9451537132263184
540,1,cpu_fp32,1,1,-3.7982380390167236,4.048485279083252
541,1,cpu_fp32,1,1,-4.312843322753906,4.667537689208984
542,1,cpu_fp32,0,0,4.0214362144470215,-3.2632648944854736
543,1,cpu_fp32,0,0,2.475586414337158,-2.1023406982421875
544,1,cpu_fp32,0,1,-3.8553004264831543,4.121204376220703
545,1,cpu_fp32,0,0,4.629671573638916,-3.7399826049804688
546,1,cpu_fp32,1,0,1.8236151933670044,-1.488236665725708
547,1,cpu_fp32,0,0,3.5126166343688965,-2.9130313396453857
548,1,cpu_fp32,0,0,3.2687132358551025,-2.709728240966797
549,1,cpu_fp32,0,0,4.76561164855957,-3.79787540435791
550,1,cpu_fp32,0,0,4.6960062980651855,-3.7823829650878906
551,1,cpu_fp32,0,0,3.914412021636963,-3.231423854827881
552,1,cpu_fp32,0,0,4.091810703277588,-3.378922939300537
553,1,cpu_fp32,1,1,-4.081766605377197,4.411271572113037
554,1,cpu_fp32,0,0,3.7499325275421143,-3.0940213203430176
555,1,cpu_fp32,0,0,4.486309051513672,-3.6668648719787598
556,1,cpu_fp32,0,0,4.499212265014648,-3.636462688446045
557,1,cpu_fp32,1,1,-4.251960754394531,4.588571071624756
558,1,cpu_fp32,1,1,-3.1781680583953857,3.2436540126800537
559,1,cpu_fp32,0,0,3.2069013118743896,-2.6957597732543945
560,1,cpu_fp32,0,0,3.4860823154449463,-2.8906123638153076
561,1,cpu_fp32,1,0,2.760983943939209,-2.3291268348693848
562,1,cpu_fp32,0,0,4.61259126663208,-3.685554027557373
563,1,cpu_fp32,1,1,-4.069302082061768,4.258885383605957
564,1,cpu_fp32,0,0,4.227480411529541,-3.4178810119628906
565,1,cpu_fp32,1,1,-4.365826606750488,4.688634395599365
566,1,cpu_fp32,0,0,4.405898571014404,-3.6288928985595703
567,1,cpu_fp32,1,1,-4.083529949188232,4.3179402351379395
568,1,cpu_fp32,0,0,3.1718764305114746,-2.613788366317749
569,1,cpu_fp32,1,1,-4.378788948059082,4.713882923126221
570,1,cpu_fp32,1,1,-3.927229404449463,4.08209228515625
571,1,cpu_fp32,0,0,3.6371634006500244,-2.9870688915252686
572,1,cpu_fp32,0,0,4.505837440490723,-3.581360340118408
573,1,cpu_fp32,1,1,-4.357334136962891,4.697790622711182
574,1,cpu_fp32,0,0,4.235312461853027,-3.502882242202759
575,1,cpu_fp32,0,0,3.0375781059265137,-2.491621494293213
576,1,cpu_fp32,0,0,4.739462852478027,-3.7582168579101562
577,1,cpu_fp32,1,1,-4.114477634429932,4.372365951538086
578,1,cpu_fp32,0,0,3.5658061504364014,-2.9914727210998535
579,1,cpu_fp32,0,1,-2.25534987449646,2.242572069168091
580,1,cpu_fp32,0,0,2.4762489795684814,-2.0124263763427734
581,1,cpu_fp32,0,0,4.695396900177002,-3.772981643676758
582,1,cpu_fp32,0,0,2.8169634342193604,-2.3267600536346436
583,1,cpu_fp32,0,0,3.0948646068573,-2.658320665359497
584,1,cpu_fp32,0,0,3.2630608081817627,-2.707193613052368
585,1,cpu_fp32,0,0,4.696839809417725,-3.77630352973938
586,1,cpu_fp32,0,0,4.591279983520508,-3.6349189281463623
587,1,cpu_fp32,0,0,3.865553379058838,-3.186685800552368
588,1,cpu_fp32,1,1,-2.821577548980713,2.8885629177093506
589,1,cpu_fp32,1,1,-2.7004892826080322,2.7416796684265137
590,1,cpu_fp32,0,0,4.399631500244141,-3.6135244369506836
591,1,cpu_fp32,0,0,4.711053371429443,-3.7441580295562744
592,1,cpu_fp32,0,0,4.549139499664307,-3.643573522567749
593,1,cpu_fp32,1,1,-3.882352352142334,4.152453899383545
594,1,cpu_fp32,1,1,-4.209939956665039,4.4664306640625
595,1,cpu_fp32,0,0,1.4904518127441406,-1.262686848640442
596,1,cpu_fp32,0,0,2.9330356121063232,-2.434119939804077
597,1,cpu_fp32,0,0,3.579207420349121,-3.0293052196502686
598,1,cpu_fp32,0,0,4.7715535163879395,-3.8434340953826904
599,1,cpu_fp32,0,0,4.770946979522705,-3.8113136291503906
600,1,cpu_fp32,0,0,3.677711009979248,-3.080183267593384
601,1,cpu_fp32,0,0,2.4625017642974854,-2.0429844856262207
602,1,cpu_fp32,1,1,-3.731651782989502,4.0720038414001465
603,1,cpu_fp32,1,1,-4.3498992919921875,4.653146743774414
604,1,cpu_fp32,0,1,-1.9380136728286743,1.9323607683181763
605,1,cpu_fp32,1,1,-2.9526517391204834,3.0108184814453125
606,1,cpu_fp32,0,0,3.976661443710327,-3.339876651763916
607,1,cpu_fp32,1,1,-2.974891424179077,3.236344575881958
608,1,cpu_fp32,1,1,-3.4921419620513916,3.6086173057556152
609,1,cpu_fp32,1,1,-2.991586685180664,3.034592628479004
610,1,cpu_fp32,0,0,2.4310028553009033,-2.1010243892669678
611,1,cpu_fp32,1,1,-3.321054458618164,3.5152106285095215
612,1,cpu_fp32,0,1,-2.147340774536133,2.274590253829956
613,1,cpu_fp32,1,1,-2.2273261547088623,2.242326021194458
614,1,cpu_fp32,1,1,-3.9331698417663574,4.220864295959473
615,1,cpu_fp32,0,0,3.9069738388061523,-3.2127394676208496
616,1,cpu_fp32,1,1,-3.7748453617095947,3.967928886413574
617,1,cpu_fp32,0,0,0.34053316712379456,-0.18085993826389313
618,1,cpu_fp32,0,0,1.6636425256729126,-1.3290984630584717
619,1,cpu_fp32,0,0,4.499899387359619,-3.70516300201416
620,1,cpu_fp32,0,0,2.6275858879089355,-2.216632127761841
621,1,cpu_fp32,1,1,-4.163151741027832,4.394552230834961
622,1,cpu_fp32,1,1,-3.860640525817871,4.074863433837891
623,1,cpu_fp32,1,1,-4.170034885406494,4.483297348022461
624,1,cpu_fp32,1,1,-3.6450557708740234,3.8604636192321777
625,1,cpu_fp32,1,1,-4.34042501449585,4.678308963775635
626,1,cpu_fp32,1,0,1.3128149509429932,-1.0312272310256958
627,1,cpu_fp32,0,0,4.761232852935791,-3.778064489364624
628,1,cpu_fp32,1,1,-3.8681459426879883,4.161162376403809
629,1,cpu_fp32,0,0,3.537996292114258,-3.020644426345825
630,1,cpu_fp32,1,1,-3.2937378883361816,3.380183219909668
631,1,cpu_fp32,0,0,4.2001872062683105,-3.339543581008911
632,1,cpu_fp32,0,0,4.511529922485352,-3.67688250541687
633,1,cpu_fp32,1,1,-2.5676310062408447,2.7459261417388916
634,1,cpu_fp32,1,1,-3.7987849712371826,3.957904100418091
635,1,cpu_fp32,0,0,3.9857640266418457,-3.338947057723999
636,1,cpu_fp32,1,1,-3.899162769317627,4.182048797607422
637,1,cpu_fp32,0,0,4.4085307121276855,-3.6211140155792236
638,1,cpu_fp32,1,1,-3.9409425258636475,4.179237365722656
639,1,cpu_fp32,0,0,4.5512189865112305,-3.685868501663208
640,1,cpu_fp32,1,1,-4.292285442352295,4.627223491668701
641,1,cpu_fp32,1,1,-4.217342853546143,4.505746841430664
642,1,cpu_fp32,0,0,4.315256595611572,-3.549842119216919
643,1,cpu_fp32,1,1,-0.15990501642227173,0.21287910640239716
644,1,cpu_fp32,1,1,-3.824164867401123,4.032405853271484
645,1,cpu_fp32,0,0,1.4934570789337158,-1.1246360540390015
646,1,cpu_fp32,0,1,-3.785005807876587,4.100660800933838
647,1,cpu_fp32,0,0,4.766493320465088,-3.779413938522339
648,1,cpu_fp32,1,1,-2.9281322956085205,3.087010145187378
649,1,cpu_fp32,0,0,4.646949291229248,-3.785102128982544
650,1,cpu_fp32,0,0,4.1132121086120605,-3.405306100845337
651,1,cpu_fp32,0,0,4.217145919799805,-3.408167600631714
652,1,cpu_fp32,0,0,4.684287071228027,-3.7275705337524414
653,1,cpu_fp32,0,0,4.613919734954834,-3.7258455753326416
654,1,cpu_fp32,0,0,4.512909412384033,-3.6569414138793945
655,1,cpu_fp32,1,1,-4.200252056121826,4.485970497131348
656,1,cpu_fp32,1,0,1.9522454738616943,-1.6715335845947266
657,1,cpu_fp32,0,0,3.957193374633789,-3.2837207317352295
658,1,cpu_fp32,1,1,-4.347876071929932,4.665121555328369
659,1,cpu_fp32,0,0,3.2887191772460938,-2.723280668258667
660,1,cpu_fp32,1,1,-4.160616397857666,4.506396770477295
661,1,cpu_fp32,0,0,3.9710302352905273,-3.303487539291382
662,1,cpu_fp32,0,0,4.564549446105957,-3.6179914474487305
663,1,cpu_fp32,1,1,-3.318413496017456,3.4171037673950195
664,1,cpu_fp32,1,1,-3.8629555702209473,4.060828685760498
665,1,cpu_fp32,1,1,-3.320716619491577,3.4958930015563965
666,1,cpu_fp32,1,1,-4.078760623931885,4.40806245803833
667,1,cpu_fp32,1,0,0.936164915561676,-0.7662098407745361
668,1,cpu_fp32,0,0,3.806976795196533,-3.118093252182007
669,1,cpu_fp32,1,1,-4.2120184898376465,4.568691730499268
670,1,cpu_fp32,0,0,1.4841758012771606,-1.1344746351242065
671,1,cpu_fp32,1,1,-3.8259899616241455,4.067481994628906
672,1,cpu_fp32,0,0,3.8480563163757324,-3.135166883468628
673,1,cpu_fp32,1,0,1.589186429977417,-1.189834713935852
674,1,cpu_fp32,1,1,-3.503751039505005,3.6873278617858887
675,1,cpu_fp32,1,1,-4.206633567810059,4.534156799316406
676,1,cpu_fp32,0,0,4.303852558135986,-3.5012383460998535
677,1,cpu_fp32,1,1,-3.4980239868164062,3.6583497524261475
678,1,cpu_fp32,1,1,-3.776188611984253,4.019829273223877
679,1,cpu_fp32,1,1,-4.059007167816162,4.352777004241943
680,1,cpu_fp32,1,1,-3.684584856033325,3.9034392833709717
681,1,cpu_fp32,0,0,4.403603553771973,-3.6285033226013184
682,1,cpu_fp32,0,0,4.663685321807861,-3.727708339691162
683,1,cpu_fp32,1,0,0.48819175362586975,-0.31779491901397705
684,1,cpu_fp32,1,1,-2.1998565196990967,2.2873408794403076
685,1,cpu_fp32,1,0,3.6311697959899902,-3.017819881439209
686,1,cpu_fp32,1,1,-4.222127437591553,4.514049053192139
687,1,cpu_fp32,0,0,4.3462700843811035,-3.5889551639556885
688,1,cpu_fp32,0,0,2.125170946121216,-1.7553986310958862
689,1,cpu_fp32,0,0,2.676561117172241,-2.30967378616333
690,1,cpu_fp32,0,0,4.701006889343262,-3.745983362197876
691,1,cpu_fp32,1,1,-3.440953016281128,3.600029468536377
692,1,cpu_fp32,0,1,-1.327470302581787,1.4979735612869263
693,1,cpu_fp32,0,0,4.637214183807373,-3.7451934814453125
694,1,cpu_fp32,0,0,3.8167614936828613,-3.0529000759124756
695,1,cpu_fp32,0,1,-3.4814140796661377,3.615161657333374
696,1,cpu_fp32,1,1,-3.421598434448242,3.5810461044311523
697,1,cpu_fp32,1,1,-0.6854396462440491,0.7903763055801392
698,1,cpu_fp32,1,1,-3.6342997550964355,3.90169358253479
699,1,cpu_fp32,1,0,2.7200167179107666,-2.292341470718384
700,1,cpu_fp32,0,0,2.0434842109680176,-1.522233247756958
701,1,cpu_fp32,0,0,2.7988314628601074,-2.368598222732544
702,1,cpu_fp32,0,1,-2.0724329948425293,2.1582679748535156
703,1,cpu_fp32,0,0,3.599238395690918,-2.9950902462005615
704,1,cpu_fp32,0,1,-0.8151960968971252,0.9092632532119751
705,1,cpu_fp32,0,0,3.301537275314331,-2.7605462074279785
706,1,cpu_fp32,0,0,4.309035778045654,-3.4659221172332764
707,1,cpu_fp32,0,0,1.2722474336624146,-1.106813907623291
708,1,cpu_fp32,1,1,-4.3462066650390625,4.687421798706055
709,1,cpu_fp32,0,0,4.6056718826293945,-3.7232184410095215
710,1,cpu_fp32,0,0,2.630472421646118,-2.2290329933166504
711,1,cpu_fp32,0,0,4.769749164581299,-3.823559522628784
712,1,cpu_fp32,0,0,3.625577926635742,-3.0589945316314697
713,1,cpu_fp32,0,0,3.8433644771575928,-3.17813777923584
714,1,cpu_fp32,1,1,-4.3378190994262695,4.702336311340332
715,1,cpu_fp32,0,0,3.5359597206115723,-2.9800174236297607
716,1,cpu_fp32,0,0,3.46319317817688,-2.882553815841675
717,1,cpu_fp32,1,1,-4.3568925857543945,4.665217876434326
718,1,cpu_fp32,1,1,-4.192829132080078,4.476563453674316
719,1,cpu_fp32,0,0,3.866147518157959,-3.301097869873047
720,1,cpu_fp32,1,1,-3.934138774871826,4.118466377258301
721,1,cpu_fp32,1,1,-4.302593231201172,4.585451126098633
722,1,cpu_fp32,0,0,3.9954850673675537,-3.2873802185058594
723,1,cpu_fp32,1,1,-4.338489055633545,4.664886474609375
724,1,cpu_fp32,0,1,-3.2198028564453125,3.4096322059631348
725,1,cpu_fp32,1,1,-3.9711086750030518,4.243282318115234
726,1,cpu_fp32,1,1,-4.133079528808594,4.3729352951049805
727,1,cpu_fp32,0,0,2.5106163024902344,-2.1609959602355957
728,1,cpu_fp32,1,1,-2.29679012298584,2.395270824432373
729,1,cpu_fp32,1,1,-4.198770046234131,4.580073356628418
730,1,cpu_fp32,0,0,4.665419101715088,-3.761547565460205
731,1,cpu_fp32,0,0,3.1750271320343018,-2.6217846870422363
732,1,cpu_fp32,0,0,4.472322940826416,-3.6057639122009277
733,1,cpu_fp32,0,0,0.7815541625022888,-0.5564364194869995
734,1,cpu_fp32,0,0,1.5817205905914307,-1.198459267616272
735,1,cpu_fp32,0,1,-1.8030825853347778,1.9082872867584229
736,1,cpu_fp32,0,1,-2.7647087574005127,2.855761766433716
737,1,cpu_fp32,1,1,-4.235011577606201,4.556863307952881
738,1,cpu_fp32,1,1,-4.216394901275635,4.550009727478027
739,1,cpu_fp32,1,1,-4.156346321105957,4.4598822593688965
740,1,cpu_fp32,1,1,-3.790421724319458,4.004945278167725
741,1,cpu_fp32,1,0,1.2366220951080322,-0.97940993309021
742,1,cpu_fp32,1,1,-3.675605297088623,3.8335678577423096
743,1,cpu_fp32,0,0,2.189069986343384,-1.8489511013031006
744,1,cpu_fp32,1,1,-3.58957839012146,3.764664649963379
745,1,cpu_fp32,0,0,4.578118801116943,-3.75415301322937
746,1,cpu_fp32,1,1,-4.249050617218018,4.581159591674805
747,1,cpu_fp32,1,1,-3.7898550033569336,4.0259294509887695
748,1,cpu_fp32,0,0,3.926271677017212,-3.2003700733184814
749,1,cpu_fp32,1,0,1.9296860694885254,-1.6342207193374634
750,1,cpu_fp32,0,0,2.382417917251587,-2.0670883655548096
751,1,cpu_fp32,0,0,4.703260898590088,-3.7865242958068848
752,1,cpu_fp32,0,0,3.818617105484009,-3.1217353343963623
753,1,cpu_fp32,1,1,-2.3391499519348145,2.4445836544036865
754,1,cpu_fp32,1,1,-4.078503608703613,4.391016960144043
755,1,cpu_fp32,1,1,-4.239349842071533,4.552398681640625
756,1,cpu_fp32,0,0,3.244980812072754,-2.7538094520568848
757,1,cpu_fp32,0,0,2.610037088394165,-2.1866517066955566
758,1,cpu_fp32,1,1,-4.332060813903809,4.6473541259765625
759,1,cpu_fp32,0,0,2.8490638732910156,-2.418123483657837
760,1,cpu_fp32,1,0,1.5213345289230347,-1.288146734237671
761,1,cpu_fp32,0,0,4.632079124450684,-3.743726968765259
762,1,cpu_fp32,1,1,-4.341076374053955,4.702243328094482
763,1,cpu_fp32,1,1,-3.4378793239593506,3.611884832382202
764,1,cpu_fp32,0,1,-2.828242301940918,2.929227590560913
765,1,cpu_fp32,0,0,3.681427001953125,-3.0312724113464355
766,1,cpu_fp32,1,1,-3.551624298095703,3.6981122493743896
767,1,cpu_fp32,1,1,-4.043606758117676,4.309434413909912
768,1,cpu_fp32,1,1,-3.7514657974243164,3.9120402336120605
769,1,cpu_fp32,1,1,-4.250072479248047,4.524016857147217
770,1,cpu_fp32,0,1,-0.8474286794662476,0.9070755243301392
771,1,cpu_fp32,0,1,-2.3408706188201904,2.3681318759918213
772,1,cpu_fp32,1,1,-4.1371612548828125,4.406257629394531
773,1,cpu_fp32,1,1,-4.006481170654297,4.273186683654785
774,1,cpu_fp32,0,0,4.116311550140381,-3.373889923095703
775,1,cpu_fp32,0,0,1.3273427486419678,-1.1398717164993286
776,1,cpu_fp32,0,0,4.751841068267822,-3.8066670894622803
777,1,cpu_fp32,1,1,-3.9071085453033447,4.101179599761963
778,1,cpu_fp32,1,1,-4.341461181640625,4.692751884460449
779,1,cpu_fp32,0,0,4.170823574066162,-3.4156289100646973
780,1,cpu_fp32,1,1,-3.92368221282959,4.1420464515686035
781,1,cpu_fp32,0,0,4.135488510131836,-3.399139165878296
782,1,cpu_fp32,1,1,-0.5286688208580017,0.61756432056427
783,1,cpu_fp32,1,1,-3.901491403579712,4.109977722167969
784,1,cpu_fp32,1,1,-4.250765800476074,4.558821678161621
785,1,cpu_fp32,1,1,-2.7375097274780273,2.759516477584839
786,1,cpu_fp32,0,0,3.19499135017395,-2.7763783931732178
787,1,cpu_fp32,0,0,3.1140518188476562,-2.57777738571167
788,1,cpu_fp32,1,1,-3.990748167037964,4.266632080078125
789,1,cpu_fp32,0,0,2.118767261505127,-1.729461908340454
790,1,cpu_fp32,0,0,4.059065341949463,-3.347003698348999
791,1,cpu_fp32,0,1,-4.1053147315979,4.369912624359131
792,1,cpu_fp32,1,1,-4.335926055908203,4.715700149536133
793,1,cpu_fp32,1,1,-3.1908435821533203,3.3024230003356934
794,1,cpu_fp32,1,1,-3.5856616497039795,3.7741236686706543
795,1,cpu_fp32,0,0,4.5023627281188965,-3.593785524368286
796,1,cpu_fp32,1,1,-4.238877773284912,4.4947710037231445
797,1,cpu_fp32,0,0,4.717381477355957,-3.750462055206299
798,1,cpu_fp32,0,0,4.03022575378418,-3.3661937713623047
799,1,cpu_fp32,1,1,-4.360461711883545,4.696684837341309
800,1,cpu_fp32,0,0,3.1466610431671143,-2.674018383026123
801,1,cpu_fp32,0,0,2.2619903087615967,-1.9341464042663574
802,1,cpu_fp32,0,0,2.426048517227173,-1.988677978515625
803,1,cpu_fp32,1,1,-2.877286672592163,2.9563164710998535
804,1,cpu_fp32,0,0,3.786811351776123,-3.1280343532562256
805,1,cpu_fp32,0,0,0.43691933155059814,-0.1868821382522583
806,1,cpu_fp32,1,1,-4.116652011871338,4.397280216217041
807,1,cpu_fp32,1,1,-4.36903715133667,4.746372699737549
808,1,cpu_fp32,1,1,-4.401824951171875,4.743492126464844
809,1,cpu_fp32,1,1,-4.289352893829346,4.595708847045898
810,1,cpu_fp32,1,1,-4.285362243652344,4.6529035568237305
811,1,cpu_fp32,0,0,2.9776883125305176,-2.5709831714630127
812,1,cpu_fp32,1,1,-1.536601185798645,1.6379339694976807
813,1,cpu_fp32,0,0,0.3600021004676819,-0.14854158461093903
814,1,cpu_fp32,0,0,4.627892971038818,-3.6998729705810547
815,1,cpu_fp32,1,1,-4.379663467407227,4.716063022613525
816,1,cpu_fp32,1,1,-3.494194746017456,3.6402883529663086
817,1,cpu_fp32,1,1,-4.360642433166504,4.699520587921143
818,1,cpu_fp32,0,0,3.0769710540771484,-2.531064033508301
819,1,cpu_fp32,0,0,2.3652312755584717,-1.984494924545288
820,1,cpu_fp32,1,1,-4.351099491119385,4.662251949310303
821,1,cpu_fp32,1,1,-4.320425510406494,4.639874458312988
822,1,cpu_fp32,0,0,4.61735200881958,-3.750493049621582
823,1,cpu_fp32,1,1,-1.8548059463500977,1.9670839309692383
824,1,cpu_fp32,0,0,2.9927220344543457,-2.365739107131958
825,1,cpu_fp32,1,1,-4.27643346786499,4.555642127990723
826,1,cpu_fp32,1,1,-4.281940937042236,4.563868999481201
827,1,cpu_fp32,0,0,2.887019395828247,-2.41096830368042
828,1,cpu_fp32,0,0,3.1931636333465576,-2.713775157928467
829,1,cpu_fp32,0,1,-3.0187885761260986,3.192812442779541
830,1,cpu_fp32,1,1,-2.7373170852661133,2.812260627746582
831,1,cpu_fp32,1,1,-3.135694742202759,3.231754779815674
832,1,cpu_fp32,0,1,-1.4100114107131958,1.4431774616241455
833,1,cpu_fp32,0,0,4.368475914001465,-3.5716288089752197
834,1,cpu_fp32,1,1,-3.1213033199310303,3.2979509830474854
835,1,cpu_fp32,1,1,-4.347980976104736,4.666609287261963
836,1,cpu_fp32,0,0,4.536715984344482,-3.7160961627960205
837,1,cpu_fp32,1,1,-4.2436628341674805,4.487640380859375
838,1,cpu_fp32,0,0,3.048765182495117,-2.5072011947631836
839,1,cpu_fp32,0,0,4.604040145874023,-3.7111380100250244
840,1,cpu_fp32,0,0,3.954422950744629,-3.2206318378448486
841,1,cpu_fp32,1,1,-3.575787305831909,3.7836620807647705
842,1,cpu_fp32,0,0,3.0184502601623535,-2.51071834564209
843,1,cpu_fp32,0,0,3.4292068481445312,-2.8151848316192627
844,1,cpu_fp32,0,0,4.6605682373046875,-3.7403488159179688
845,1,cpu_fp32,0,0,4.150507926940918,-3.4091596603393555
846,1,cpu_fp32,0,1,-2.2222437858581543,2.2994227409362793
847,1,cpu_fp32,1,1,0.048744313418865204,0.1483457386493683
848,1,cpu_fp32,1,1,-4.260188102722168,4.5781354904174805
849,1,cpu_fp32,1,1,-3.372532606124878,3.481677532196045
850,1,cpu_fp32,1,1,-2.661864995956421,2.7065634727478027
851,1,cpu_fp32,0,0,3.8987550735473633,-3.161665678024292
852,1,cpu_fp32,0,0,2.351738452911377,-1.9688769578933716
853,1,cpu_fp32,1,1,-2.4865739345550537,2.5539841651916504
854,1,cpu_fp32,0,0,4.080685138702393,-3.2981228828430176
855,1,cpu_fp32,1,1,-4.155616283416748,4.442814350128174
856,1,cpu_fp32,1,1,-2.5209641456604004,2.6807591915130615
857,1,cpu_fp32,1,1,-3.973867416381836,4.209713935852051
858,1,cpu_fp32,1,1,-4.276750564575195,4.63967752456665
859,1,cpu_fp32,1,1,-4.31028413772583,4.708578586578369
860,1,cpu_fp32,1,1,-4.168296813964844,4.49821662902832
861,1,cpu_fp32,1,1,-3.170133590698242,3.259613513946533
862,1,cpu_fp32,0,0,0.7728510499000549,-0.48292210698127747
863,1,cpu_fp32,0,0,1.837735652923584,-1.48909330368042
864,1,cpu_fp32,0,0,4.726071357727051,-3.81459903717041
865,1,cpu_fp32,1,1,-0.38870200514793396,0.4959377646446228
866,1,cpu_fp32,1,1,-3.385854721069336,3.5430469512939453
867,1,cpu_fp32,0,0,2.145153284072876,-1.8193825483322144
868,1,cpu_fp32,1,1,-4.034764289855957,4.265737533569336
869,1,cpu_fp32,0,0,1.3311092853546143,-1.0307862758636475
870,1,cpu_fp32,0,0,3.648149013519287,-3.0161900520324707
871,1,cpu_fp32,1,0,0.7629062533378601,-0.4923233687877655
0,1,cpu_int8_dynamic,1,1,-4.270932674407959,4.587745666503906
1,1,cpu_int8_dynamic,0,0,4.009646892547607,-3.356126546859741
2,1,cpu_int8_dynamic,1,1,-3.4516677856445312,3.629589080810547
3,1,cpu_int8_dynamic,1,1,-3.6408939361572266,3.910588264465332
4,1,cpu_int8_dynamic,0,0,4.476779460906982,-3.616455554962158
5,1,cpu_int8_dynamic,1,1,-4.233334064483643,4.515374183654785
6,1,cpu_int8_dynamic,0,0,3.977466344833374,-3.286048650741577
7,1,cpu_int8_dynamic,0,0,2.639798164367676,-2.176300048828125
8,1,cpu_int8_dynamic,1,1,-3.064898729324341,3.178746461868286
9,1,cpu_int8_dynamic,0,0,3.988830804824829,-3.264791488647461
10,1,cpu_int8_dynamic,1,1,-4.285099983215332,4.616205215454102
11,1,cpu_int8_dynamic,0,0,3.7394070625305176,-3.171095848083496
12,1,cpu_int8_dynamic,0,0,4.738483428955078,-3.778876543045044
13,1,cpu_int8_dynamic,1,1,-0.10588614642620087,0.2881585359573364
14,1,cpu_int8_dynamic,0,0,3.6526432037353516,-2.991391897201538
15,1,cpu_int8_dynamic,1,1,-4.271322250366211,4.582729816436768
16,1,cpu_int8_dynamic,1,1,-3.393378496170044,3.548064947128296
17,1,cpu_int8_dynamic,1,1,-3.873384952545166,4.1237897872924805
18,1,cpu_int8_dynamic,0,0,3.287876605987549,-2.743306875228882
19,1,cpu_int8_dynamic,0,0,3.018270492553711,-2.5524070262908936
20,1,cpu_int8_dynamic,0,0,1.6293880939483643,-1.4019097089767456
21,1,cpu_int8_dynamic,0,0,1.601691722869873,-1.3326518535614014
22,1,cpu_int8_dynamic,0,1,-2.619293689727783,2.738138437271118
23,1,cpu_int8_dynamic,1,1,-4.302441596984863,4.644305229187012
24,1,cpu_int8_dynamic,1,1,-2.0314865112304688,2.080817699432373
25,1,cpu_int8_dynamic,0,0,3.6240787506103516,-3.045539617538452
26,1,cpu_int8_dynamic,0,0,2.233546018600464,-1.9123597145080566
27,1,cpu_int8_dynamic,1,1,-3.770530939102173,4.002084255218506
28,1,cpu_int8_dynamic,0,0,2.428175210952759,-2.081970691680908
29,1,cpu_int8_dynamic,0,0,2.939972400665283,-2.5582125186920166
30,1,cpu_int8_dynamic,1,1,-4.2228217124938965,4.605648040771484
31,1,cpu_int8_dynamic,0,0,2.273606538772583,-1.9915827512741089
32,1,cpu_int8_dynamic,1,1,-4.338120460510254,4.6841864585876465
33,1,cpu_int8_dynamic,0,1,-1.5794525146484375,1.6642072200775146
34,1,cpu_int8_dynamic,0,0,4.4208173751831055,-3.5918588638305664
35,1,cpu_int8_dynamic,0,0,3.720655918121338,-3.1047513484954834
36,1,cpu_int8_dynamic,1,1,-3.2563395500183105,3.47416615486145
37,1,cpu_int8_dynamic,0,0,1.6830756664276123,-1.4225168228149414
38,1,cpu_int8_dynamic,1,1,-3.387897491455078,3.59806489944458
39,1,cpu_int8_dynamic,1,1,-3.5129542350769043,3.7438035011291504
40,1,cpu_int8_dynamic,1,1,-4.345971584320068,4.693408966064453
41,1,cpu_int8_dynamic,1,1,-3.9389750957489014,4.149224758148193
42,1,cpu_int8_dynamic,1,1,-3.823263168334961,4.045969486236572
43,1,cpu_int8_dynamic,1,1,-4.215124130249023,4.537809371948242
44,1,cpu_int8_dynamic,0,0,2.7113585472106934,-2.2815277576446533
45,1,cpu_int8_dynamic,0,0,2.7556886672973633,-2.2521157264709473
46,1,cpu_int8_dynamic,0,0,1.3393313884735107,-0.9458185434341431
47,1,cpu_int8_dynamic,1,1,-4.1085991859436035,4.373071670532227
48,1,cpu_int8_dynamic,1,1,-3.9759342670440674,4.259278774261475
49,1,cpu_int8_dynamic,0,0,4.16163969039917,-3.3632330894470215
50,1,cpu_int8_dynamic,0,0,2.837198495864868,-2.350449562072754
51,1,cpu_int8_dynamic,1,1,-3.9009757041931152,4.139126777648926
52,1,cpu_int8_dynamic,1,1,-2.8187568187713623,2.9922871589660645
53,1,cpu_int8_dynamic,1,1,-3.737215518951416,3.948657989501953
54,1,cpu_int8_dynamic,0,0,3.5193629264831543,-2.8531136512756348
55,1,cpu_int8_dynamic,1,1,-4.292270183563232,4.590120315551758
56,1,cpu_int8_dynamic,0,0,4.3331475257873535,-3.564124822616577
57,1,cpu_int8_dynamic,0,0,2.4812073707580566,-2.13864803314209
58,1,cpu_int8_dynamic,0,0,3.2069003582000732,-2.687941551208496
59,1,cpu_int8_dynamic,0,0,1.7942577600479126,-1.5045684576034546
60,1,cpu_int8_dynamic,1,1,-4.190649032592773,4.516376495361328
61,1,cpu_int8_dynamic,0,0,3.9446589946746826,-3.245670795440674
62,1,cpu_int8_dynamic,1,1,-1.9504741430282593,2.1202425956726074
63,1,cpu_int8_dynamic,1,1,-3.637235403060913,3.8975274562835693
64,1,cpu_int8_dynamic,0,1,-1.8255616426467896,1.8203190565109253
65,1,cpu_int8_dynamic,0,0,3.149259567260742,-2.6708784103393555
66,1,cpu_int8_dynamic,1,1,-2.559821367263794,2.68800687789917
67,1,cpu_int8_dynamic,1,1,-4.328315258026123,4.685894966125488
68,1,cpu_int8_dynamic,1,1,-2.942539930343628,3.0713303089141846
69,1,cpu_int8_dynamic,0,0,2.3154306411743164,-1.9183634519577026
70,1,cpu_int8_dynamic,0,0,2.197979211807251,-1.8803569078445435
71,1,cpu_int8_dynamic,1,1,-4.1751203536987305,4.450020790100098
72,1,cpu_int8_dynamic,1,1,-3.959078550338745,4.203634262084961
73,1,cpu_int8_dynamic,1,1,-2.4747440814971924,2.622483491897583
74,1,cpu_int8_dynamic,0,0,3.9432802200317383,-3.302976608276367
75,1,cpu_int8_dynamic,1,1,-3.9425625801086426,4.163504600524902
76,1,cpu_int8_dynamic,0,0,4.607448101043701,-3.656236171722412
77,1,cpu_int8_dynamic,1,1,-4.094491481781006,4.387304782867432
78,1,cpu_int8_dynamic,1,1,-3.6405491828918457,3.8582358360290527
79,1,cpu_int8_dynamic,0,0,3.780308485031128,-3.1029529571533203
80,1,cpu_int8_dynamic,1,1,-4.161256313323975,4.495093822479248
81,1,cpu_int8_dynamic,0,0,3.556932210922241,-2.9714038372039795
82,1,cpu_int8_dynamic,0,0,1.1262315511703491,-0.9535583853721619
83,1,cpu_int8_dynamic,1,1,-0.6740757822990417,0.8182472586631775
84,1,cpu_int8_dynamic,1,1,-4.035455226898193,4.293880939483643
85,1,cpu_int8_dynamic,1,1,-3.64056134223938,3.903303623199463
86,1,cpu_int8_dynamic,0,0,4.2170233726501465,-3.416369676589966
87,1,cpu_int8_dynamic,1,0,2.9684181213378906,-2.4898874759674072
88,1,cpu_int8_dynamic,1,1,-2.9345662593841553,3.0845906734466553
89,1,cpu_int8_dynamic,1,1,-2.6298210620880127,2.673280715942383
90,1,cpu_int8_dynamic,1,1,-3.9173343181610107,4.159332275390625
91,1,cpu_int8_dynamic,1,1,-4.0671467781066895,4.349977970123291
92,1,cpu_int8_dynamic,0,1,-2.9161171913146973,2.991116523742676
93,1,cpu_int8_dynamic,1,0,3.5871403217315674,-2.9278345108032227
94,1,cpu_int8_dynamic,1,1,-3.7938907146453857,4.019395351409912
95,1,cpu_int8_dynamic,0,1,-3.282907009124756,3.423027276992798
96,1,cpu_int8_dynamic,0,0,2.6408495903015137,-2.1933674812316895
97,1,cpu_int8_dynamic,1,1,-1.3690232038497925,1.4053786993026733
98,1,cpu_int8_dynamic,0,0,4.47377872467041,-3.6142184734344482
99,1,cpu_int8_dynamic,0,0,3.041592597961426,-2.5235936641693115
100,1,cpu_int8_dynamic,1,1,-3.8329930305480957,4.072267532348633
101,1,cpu_int8_dynamic,0,0,1.7449175119400024,-1.4700329303741455
102,1,cpu_int8_dynamic,1,1,-1.7051081657409668,1.7752286195755005
103,1,cpu_int8_dynamic,1,1,-4.24007511138916,4.57675313949585
104,1,cpu_int8_dynamic,1,1,-2.9575862884521484,3.0904455184936523
105,1,cpu_int8_dynamic,0,0,2.8309667110443115,-2.3636579513549805
106,1,cpu_int8_dynamic,1,1,-3.3563852310180664,3.5869548320770264
107,1,cpu_int8_dynamic,0,0,0.4616570770740509,-0.2960124611854553
108,1,cpu_int8_dynamic,0,0,3.625603437423706,-2.921450614929199
109,1,cpu_int8_dynamic,1,1,-4.19048547744751,4.4622650146484375
110,1,cpu_int8_dynamic,0,0,3.9706497192382812,-3.126587390899658
111,1,cpu_int8_dynamic,0,0,2.9641900062561035,-2.430061101913452
112,1,cpu_int8_dynamic,1,0,0.9097857475280762,-0.5490588545799255
113,1,cpu_int8_dynamic,0,0,4.120149612426758,-3.340061664581299
114,1,cpu_int8_dynamic,1,1,-4.035219669342041,4.280004024505615
115,1,cpu_int8_dynamic,0,1,-3.055048942565918,3.222555160522461
116,1,cpu_int8_dynamic,1,1,-4.122749328613281,4.422067642211914
117,1,cpu_int8_dynamic,1,1,-3.726796865463257,3.970573902130127
118,1,cpu_int8_dynamic,0,1,-1.828688383102417,1.888433814048767
119,1,cpu_int8_dynamic,0,0,2.213459014892578,-1.8858405351638794
120,1,cpu_int8_dynamic,1,1,-4.156186580657959,4.459731101989746
121,1,cpu_int8_dynamic,0,1,-2.4320483207702637,2.5345823764801025
122,1,cpu_int8_dynamic,1,1,-2.6263351440429688,2.6757333278656006
123,1,cpu_int8_dynamic,1,0,3.4362707138061523,-2.767300605773926
124,1,cpu_int8_dynamic,1,1,-3.6084539890289307,3.876713991165161
125,1,cpu_int8_dynamic,1,1,-4.243340015411377,4.55239725112915
126,1,cpu_int8_dynamic,0,0,1.9775317907333374,-1.6554933786392212
127,1,cpu_int8_dynamic,0,0,3.658989191055298,-2.967841148376465
128,1,cpu_int8_dynamic,1,1,-3.766134262084961,4.07391881942749
129,1,cpu_int8_dynamic,1,1,-4.264618396759033,4.578821182250977
130,1,cpu_int8_dynamic,0,0,4.710594177246094,-3.693019151687622
131,1,cpu_int8_dynamic,0,0,3.6125926971435547,-2.9692459106445312
132,1,cpu_int8_dynamic,1,1,-4.214298248291016,4.591408729553223
133,1,cpu_int8_dynamic,0,0,3.0912973880767822,-2.6514101028442383
134,1,cpu_int8_dynamic,0,0,3.884916305541992,-3.226271629333496
135,1,cpu_int8_dynamic,0,1,-2.2968766689300537,2.398784875869751
136,1,cpu_int8_dynamic,0,0,3.1895577907562256,-2.7107295989990234
137,1,cpu_int8_dynamic,0,0,4.154721736907959,-3.4959306716918945
138,1,cpu_int8_dynamic,1,1,-4.031140327453613,4.365821361541748
139,1,cpu_int8_dynamic,0,0,3.6999692916870117,-3.0440785884857178
140,1,cpu_int8_dynamic,0,0,3.9470510482788086,-3.2572734355926514
141,1,cpu_int8_dynamic,0,0,4.573087215423584,-3.656660556793213
142,1,cpu_int8_dynamic,1,0,2.632904052734375,-2.16874361038208
143,1,cpu_int8_dynamic,1,1,-4.0633368492126465,4.36245059967041
144,1,cpu_int8_dynamic,0,0,4.1766557693481445,-3.3594107627868652
145,1,cpu_int8_dynamic,0,1,-1.8147141933441162,1.8509880304336548
146,1,cpu_int8_dynamic,1,1,-4.093257427215576,4.336031436920166
147,1,cpu_int8_dynamic,0,0,2.194392442703247,-1.9490151405334473
148,1,cpu_int8_dynamic,0,0,4.381258964538574,-3.5734565258026123
149,1,cpu_int8_dynamic,1,1,-2.1516430377960205,2.1735963821411133
150,1,cpu_int8_dynamic,1,1,-3.983966112136841,4.392303943634033
151,1,cpu_int8_dynamic,1,1,-3.8741300106048584,4.11901330947876
152,1,cpu_int8_dynamic,1,1,-2.905153512954712,2.9109950065612793
153,1,cpu_int8_dynamic,0,0,2.711817741394043,-2.215611696243286
154,1,cpu_int8_dynamic,1,1,-3.41227388381958,3.495114326477051
155,1,cpu_int8_dynamic,0,0,3.9406471252441406,-3.2518749237060547
156,1,cpu_int8_dynamic,1,1,-3.4075284004211426,3.6680643558502197
157,1,cpu_int8_dynamic,0,0,4.3321967124938965,-3.573929786682129
158,1,cpu_int8_dynamic,0,1,-2.1887807846069336,2.258967161178589
159,1,cpu_int8_dynamic,1,1,-3.9129085540771484,4.244415760040283
160,1,cpu_int8_dynamic,0,0,4.336141109466553,-3.5455996990203857
161,1,cpu_int8_dynamic,0,0,3.8949103355407715,-3.1828970909118652
162,1,cpu_int8_dynamic,0,0,3.9269697666168213,-3.208538055419922
163,1,cpu_int8_dynamic,0,0,3.5143749713897705,-2.8826205730438232
164,1,cpu_int8_dynamic,1,1,-3.5724852085113525,3.739232063293457
165,1,cpu_int8_dynamic,0,0,2.812568426132202,-2.3111369609832764
166,1,cpu_int8_dynamic,0,0,3.0119850635528564,-2.5681827068328857
167,1,cpu_int8_dynamic,0,0,4.416251182556152,-3.5083117485046387
168,1,cpu_int8_dynamic,1,1,-4.291193008422852,4.684223175048828
169,1,cpu_int8_dynamic,1,1,-3.713242769241333,3.9718546867370605
170,1,cpu_int8_dynamic,1,1,-4.325692653656006,4.657570838928223
171,1,cpu_int8_dynamic,0,1,-0.7489070296287537,0.8619505167007446
172,1,cpu_int8_dynamic,1,0,1.4477754831314087,-1.2311102151870728
173,1,cpu_int8_dynamic,0,0,3.9308340549468994,-3.2513582706451416
174,1,cpu_int8_dynamic,1,1,-3.794344186782837,4.058200359344482
175,1,cpu_int8_dynamic,1,1,-2.1317646503448486,2.251781940460205
176,1,cpu_int8_dynamic,0,1,-0.04850570112466812,0.2193116843700409
177,1,cpu_int8_dynamic,0,0,3.4977822303771973,-2.85518479347229
178,1,cpu_int8_dynamic,0,1,-0.8311799168586731,0.9516266584396362
179,1,cpu_int8_dynamic,1,1,-4.297306537628174,4.662861347198486
180,1,cpu_int8_dynamic,0,0,3.2270774841308594,-2.662544012069702
181,1,cpu_int8_dynamic,0,0,4.2909770011901855,-3.472400665283203
182,1,cpu_int8_dynamic,0,0,3.8870785236358643,-3.1895527839660645
183,1,cpu_int8_dynamic,0,1,-3.8181891441345215,4.027836322784424
184,1,cpu_int8_dynamic,0,1,-1.8629770278930664,1.9084991216659546
185,1,cpu_int8_dynamic,1,1,-4.190858840942383,4.4507222175598145
186,1,cpu_int8_dynamic,1,1,-2.4144482612609863,2.5864245891571045
187,1,cpu_int8_dynamic,1,1,-3.3854682445526123,3.553297281265259
188,1,cpu_int8_dynamic,0,0,3.624068260192871,-3.0056750774383545
189,1,cpu_int8_dynamic,0,0,3.7589128017425537,-3.170767068862915
190,1,cpu_int8_dynamic,0,0,0.9655029773712158,-0.5470137596130371
191,1,cpu_int8_dynamic,1,1,-2.760817050933838,2.8728790283203125
192,1,cpu_int8_dynamic,1,1,-2.2453742027282715,2.3922042846679688
193,1,cpu_int8_dynamic,1,1,-2.8962743282318115,3.067227363586426
194,1,cpu_int8_dynamic,1,1,-2.9104115962982178,2.952444076538086
195,1,cpu_int8_dynamic,1,1,-1.956533670425415,2.077441453933716
196,1,cpu_int8_dynamic,1,1,-2.1864335536956787,2.331927537918091
197,1,cpu_int8_dynamic,0,0,4.586982727050781,-3.744722604751587
198,1,cpu_int8_dynamic,1,1,-4.212660312652588,4.449828624725342
199,1,cpu_int8_dynamic,0,0,3.9497017860412598,-3.2674214839935303
200,1,cpu_int8_dynamic,1,0,1.909899353981018,-1.5459610223770142
201,1,cpu_int8_dynamic,1,1,-1.1563525199890137,1.1871668100357056
202,1,cpu_int8_dynamic,0,0,3.339182138442993,-2.8293957710266113
203,1,cpu_int8_dynamic,0,0,4.678880214691162,-3.7945618629455566
204,1,cpu_int8_dynamic,1,1,-3.380326747894287,3.6129987239837646
205,1,cpu_int8_dynamic,1,1,-2.6739892959594727,2.779448986053467
206,1,cpu_int8_dynamic,1,1,-4.2543816566467285,4.54408073425293
207,1,cpu_int8_dynamic,1,1,-4.306352138519287,4.6524882316589355
208,1,cpu_int8_dynamic,0,0,3.4975433349609375,-2.82677960395813
209,1,cpu_int8_dynamic,0,0,1.156203031539917,-0.9501175880432129
210,1,cpu_int8_dynamic,1,1,-3.384321451187134,3.522614002227783
211,1,cpu_int8_dynamic,0,0,1.9333686828613281,-1.6650261878967285
212,1,cpu_int8_dynamic,0,0,3.4607293605804443,-2.9535796642303467
213,1,cpu_int8_dynamic,0,1,-1.576945424079895,1.6979472637176514
214,1,cpu_int8_dynamic,0,0,2.6746397018432617,-2.3211960792541504
215,1,cpu_int8_dynamic,1,1,-2.2878401279449463,2.3502280712127686
216,1,cpu_int8_dynamic,1,1,-2.8531007766723633,2.929443836212158
217,1,cpu_int8_dynamic,0,0,3.753291130065918,-3.1300206184387207
218,1,cpu_int8_dynamic,0,1,-1.8219176530838013,2.0141654014587402
219,1,cpu_int8_dynamic,1,1,-3.4138104915618896,3.5452628135681152
220,1,cpu_int8_dynamic,1,1,-1.3828082084655762,1.519254207611084
221,1,cpu_int8_dynamic,0,0,4.195153713226318,-3.493906259536743
222,1,cpu_int8_dynamic,1,1,-3.4328300952911377,3.654902458190918
223,1,cpu_int8_dynamic,1,1,-3.612231969833374,3.8153860569000244
224,1,cpu_int8_dynamic,1,1,-3.197248935699463,3.384460926055908
225,1,cpu_int8_dynamic,1,1,-3.7790579795837402,4.006205081939697
226,1,cpu_int8_dynamic,0,0,4.671011924743652,-3.7330381870269775
227,1,cpu_int8_dynamic,1,1,-4.192119598388672,4.4858245849609375
228,1,cpu_int8_dynamic,1,1,-4.122241497039795,4.371796607971191
229,1,cpu_int8_dynamic,0,0,3.9862351417541504,-3.2368288040161133
230,1,cpu_int8_dynamic,1,0,0.7418493032455444,-0.5094631314277649
231,1,cpu_int8_dynamic,1,1,-3.9862048625946045,4.266079425811768
232,1,cpu_int8_dynamic,0,0,1.9929572343826294,-1.6193203926086426
233,1,cpu_int8_dynamic,0,0,4.18648099899292,-3.4017093181610107
234,1,cpu_int8_dynamic,1,1,-4.09190559387207,4.372778415679932
235,1,cpu_int8_dynamic,1,1,-2.4291436672210693,2.4768166542053223
236,1,cpu_int8_dynamic,1,1,-2.3081181049346924,2.424553394317627
237,1,cpu_int8_dynamic,0,0,3.4332382678985596,-2.8657922744750977
238,1,cpu_int8_dynamic,0,0,3.786468744277954,-3.0498921871185303
239,1,cpu_int8_dynamic,1,1,-4.166271209716797,4.4717206954956055
240,1,cpu_int8_dynamic,1,1,-3.4481287002563477,3.6313061714172363
241,1,cpu_int8_dynamic,0,0,4.344914436340332,-3.4959299564361572
242,1,cpu_int8_dynamic,0,0,4.655170440673828,-3.740110158920288
243,1,cpu_int8_dynamic,1,0,1.765235185623169,-1.5569474697113037
244,1,cpu_int8_dynamic,1,1,-4.291384696960449,4.6612958908081055
245,1,cpu_int8_dynamic,1,1,-3.0743324756622314,3.2323546409606934
246,1,cpu_int8_dynamic,1,1,-3.948629379272461,4.229150772094727
247,1,cpu_int8_dynamic,0,0,3.7857394218444824,-3.138801097869873
248,1,cpu_int8_dynamic,1,0,1.7309691905975342,-1.5404844284057617
249,1,cpu_int8_dynamic,1,0,0.06967199593782425,-0.013511253520846367
250,1,cpu_int8_dynamic,1,1,-3.919267177581787,4.137045860290527
251,1,cpu_int8_dynamic,0,0,4.0947794914245605,-3.31305193901062
252,1,cpu_int8_dynamic,1,1,-4.200048923492432,4.5898237228393555
253,1,cpu_int8_dynamic,0,0,1.1298911571502686,-1.0238593816757202
254,1,cpu_int8_dynamic,0,0,4.306994438171387,-3.4554996490478516
255,1,cpu_int8_dynamic,0,0,3.551118850708008,-3.0568089485168457
256,1,cpu_int8_dynamic,0,0,2.8167457580566406,-2.3038218021392822
257,1,cpu_int8_dynamic,0,0,3.295311212539673,-2.7252471446990967
258,1,cpu_int8_dynamic,0,0,4.487518787384033,-3.6124119758605957
259,1,cpu_int8_dynamic,1,1,-3.8484280109405518,4.069288730621338
260,1,cpu_int8_dynamic,0,0,4.371775150299072,-3.566922664642334
261,1,cpu_int8_dynamic,1,1,-3.5652594566345215,3.758147716522217
262,1,cpu_int8_dynamic,0,0,4.266661643981934,-3.483539342880249
263,1,cpu_int8_dynamic,1,1,-3.932340621948242,4.186593532562256
264,1,cpu_int8_dynamic,0,0,4.058713912963867,-3.2531163692474365
265,1,cpu_int8_dynamic,0,0,3.8907907009124756,-3.1442744731903076
266,1,cpu_int8_dynamic,1,0,2.5843987464904785,-2.1435301303863525
267,1,cpu_int8_dynamic,0,1,-0.34371548891067505,0.4529837667942047
268,1,cpu_int8_dynamic,0,0,4.55210542678833,-3.6524946689605713
269,1,cpu_int8_dynamic,0,0,3.1549320220947266,-2.6008315086364746
270,1,cpu_int8_dynamic,1,1,-4.121270656585693,4.437861442565918
271,1,cpu_int8_dynamic,1,0,2.573042154312134,-2.1620469093322754
272,1,cpu_int8_dynamic,0,0,3.2103776931762695,-2.725006341934204
273,1,cpu_int8_dynamic,1,0,1.5344809293746948,-1.3777406215667725
274,1,cpu_int8_dynamic,0,0,1.3003759384155273,-1.0713210105895996
275,1,cpu_int8_dynamic,1,1,-4.3131890296936035,4.609361171722412
276,1,cpu_int8_dynamic,1,1,-2.9654338359832764,3.1655797958374023
277,1,cpu_int8_dynamic,1,1,-3.9256155490875244,4.170120716094971
278,1,cpu_int8_dynamic,0,0,3.550671339035034,-2.9438648223876953
279,1,cpu_int8_dynamic,1,1,-2.93164324760437,3.0168492794036865
280,1,cpu_int8_dynamic,1,1,-4.220258712768555,4.526139259338379
281,1,cpu_int8_dynamic,0,0,4.492580413818359,-3.6524746417999268
282,1,cpu_int8_dynamic,1,0,2.6413767337799072,-2.2559287548065186
283,1,cpu_int8_dynamic,1,1,-4.148352146148682,4.4647321701049805
284,1,cpu_int8_dynamic,0,0,2.7482686042785645,-2.3317177295684814
285,1,cpu_int8_dynamic,0,0,2.405808448791504,-2.0033438205718994
286,1,cpu_int8_dynamic,1,1,-3.8675105571746826,4.091926574707031
287,1,cpu_int8_dynamic,1,1,-3.8704464435577393,4.142796039581299
288,1,cpu_int8_dynamic,1,1,-3.202369213104248,3.334775924682617
289,1,cpu_int8_dynamic,1,1,-2.2988083362579346,2.4604930877685547
290,1,cpu_int8_dynamic,1,1,-3.845627546310425,4.042755603790283
291,1,cpu_int8_dynamic,0,0,1.7040070295333862,-1.3708105087280273
292,1,cpu_int8_dynamic,0,1,-2.937544107437134,3.0191609859466553
293,1,cpu_int8_dynamic,1,1,-4.157349586486816,4.471590995788574
294,1,cpu_int8_dynamic,1,1,-3.6909708976745605,4.003928184509277
295,1,cpu_int8_dynamic,1,1,-2.8811538219451904,3.0156705379486084
296,1,cpu_int8_dynamic,0,0,3.868490219116211,-3.1759684085845947
297,1,cpu_int8_dynamic,1,1,-3.3120734691619873,3.4658589363098145
298,1,cpu_int8_dynamic,0,0,3.6154658794403076,-2.971268653869629
299,1,cpu_int8_dynamic,1,1,-2.4478492736816406,2.535132646560669
300,1,cpu_int8_dynamic,1,1,-4.110627174377441,4.43809700012207
301,1,cpu_int8_dynamic,0,0,0.8520975112915039,-0.6169506907463074
302,1,cpu_int8_dynamic,1,1,-4.26542329788208,4.584228515625
303,1,cpu_int8_dynamic,1,1,-4.3391618728637695,4.67691707611084
304,1,cpu_int8_dynamic,1,1,-3.612610340118408,3.745727777481079
305,1,cpu_int8_dynamic,0,0,3.341991424560547,-2.6770646572113037
306,1,cpu_int8_dynamic,1,1,-4.014791488647461,4.315914630889893
307,1,cpu_int8_dynamic,1,1,-4.181378364562988,4.494174480438232
308,1,cpu_int8_dynamic,1,1,-3.4635298252105713,3.630519390106201
309,1,cpu_int8_dynamic,1,1,-3.7263002395629883,3.94290828704834
310,1,cpu_int8_dynamic,1,1,-3.994596242904663,4.283293724060059
311,1,cpu_int8_dynamic,1,1,-4.304154396057129,4.644407749176025
312,1,cpu_int8_dynamic,0,1,-2.9898858070373535,3.100390911102295
313,1,cpu_int8_dynamic,1,1,-4.195331573486328,4.551844120025635
314,1,cpu_int8_dynamic,1,1,-4.167373180389404,4.48087739944458
315,1,cpu_int8_dynamic,0,0,4.662562370300293,-3.747262954711914
316,1,cpu_int8_dynamic,1,1,-4.107955455780029,4.483622074127197
317,1,cpu_int8_dynamic,1,1,-4.236934661865234,4.543421745300293
318,1,cpu_int8_dynamic,0,0,3.7566211223602295,-3.10951828956604
319,1,cpu_int8_dynamic,0,0,4.591256141662598,-3.734158992767334
320,1,cpu_int8_dynamic,1,1,-4.317801475524902,4.618067264556885
321,1,cpu_int8_dynamic,0,0,2.9006595611572266,-2.5505380630493164
322,1,cpu_int8_dynamic,0,0,2.3405959606170654,-1.9840190410614014
323,1,cpu_int8_dynamic,1,1,-2.8055360317230225,2.9324727058410645
324,1,cpu_int8_dynamic,1,0,1.547136664390564,-1.3870831727981567
325,1,cpu_int8_dynamic,1,1,-3.961641311645508,4.21055269241333
326,1,cpu_int8_dynamic,1,1,-3.727219581604004,4.000938415527344
327,1,cpu_int8_dynamic,1,1,-3.969986915588379,4.239314556121826
328,1,cpu_int8_dynamic,0,0,2.134089708328247,-1.7611079216003418
329,1,cpu_int8_dynamic,0,0,4.691605091094971,-3.7591347694396973
330,1,cpu_int8_dynamic,0,0,2.3058223724365234,-1.978197693824768
331,1,cpu_int8_dynamic,1,1,-3.0837841033935547,3.2301859855651855
332,1,cpu_int8_dynamic,1,1,-1.938157081604004,2.0601625442504883
333,1,cpu_int8_dynamic,1,1,-3.5994908809661865,3.790065050125122
334,1,cpu_int8_dynamic,1,1,-3.7469873428344727,4.0530524253845215
335,1,cpu_int8_dynamic,0,0,3.410438060760498,-2.800245523452759
336,1,cpu_int8_dynamic,1,1,-4.110417366027832,4.5103912353515625
337,1,cpu_int8_dynamic,0,0,4.463917255401611,-3.6276376247406006
338,1,cpu_int8_dynamic,0,0,2.4332213401794434,-2.092031240463257
339,1,cpu_int8_dynamic,1,1,-3.984642744064331,4.212329387664795
340,1,cpu_int8_dynamic,0,0,2.916402816772461,-2.395648241043091
341,1,cpu_int8_dynamic,1,0,1.264937400817871,-0.9488017559051514
342,1,cpu_int8_dynamic,0,0,2.5950727462768555,-2.1644346714019775
343,1,cpu_int8_dynamic,0,0,4.408111095428467,-3.5145950317382812
344,1,cpu_int8_dynamic,1,1,-3.55171537399292,3.766084909439087
345,1,cpu_int8_dynamic,1,1,-3.9194910526275635,4.18158483505249
346,1,cpu_int8_dynamic,0,0,3.0784218311309814,-2.563633441925049
347,1,cpu_int8_dynamic,0,0,4.17466926574707,-3.343852996826172
348,1,cpu_int8_dynamic,0,0,4.275284290313721,-3.5356006622314453
349,1,cpu_int8_dynamic,0,0,2.0223610401153564,-1.686503291130066
350,1,cpu_int8_dynamic,0,0,2.195453405380249,-1.9246937036514282
351,1,cpu_int8_dynamic,1,1,-4.128354072570801,4.46247673034668
352,1,cpu_int8_dynamic,1,1,-3.616605281829834,3.8335983753204346
353,1,cpu_int8_dynamic,1,1,-4.291642189025879,4.606351852416992
354,1,cpu_int8_dynamic,1,1,-3.3065450191497803,3.4576377868652344
355,1,cpu_int8_dynamic,0,0,2.560774803161621,-2.1678273677825928
356,1,cpu_int8_dynamic,0,1,-1.479278326034546,1.5436571836471558
357,1,cpu_int8_dynamic,0,0,3.005511522293091,-2.4583821296691895
358,1,cpu_int8_dynamic,1,0,1.6300935745239258,-1.3505496978759766
359,1,cpu_int8_dynamic,1,1,-3.40190052986145,3.6502718925476074
360,1,cpu_int8_dynamic,1,1,-3.593193292617798,3.818707227706909
361,1,cpu_int8_dynamic,0,0,4.585430145263672,-3.749213218688965
362,1,cpu_int8_dynamic,1,1,-3.0665576457977295,3.2435176372528076
363,1,cpu_int8_dynamic,0,0,4.202500343322754,-3.419154405593872
364,1,cpu_int8_dynamic,0,0,3.745098352432251,-3.10664963722229
365,1,cpu_int8_dynamic,0,0,2.437906503677368,-2.1078178882598877
366,1,cpu_int8_dynamic,1,1,-3.595583438873291,3.7730348110198975
367,1,cpu_int8_dynamic,1,1,-3.3377368450164795,3.5064101219177246
368,1,cpu_int8_dynamic,0,0,3.685407876968384,-3.0845565795898438
369,1,cpu_int8_dynamic,1,1,-3.282003879547119,3.4846057891845703
370,1,cpu_int8_dynamic,0,0,4.552021026611328,-3.643759250640869
371,1,cpu_int8_dynamic,1,1,-3.70154070854187,3.910787343978882
372,1,cpu_int8_dynamic,1,1,-3.258737564086914,3.4502615928649902
373,1,cpu_int8_dynamic,0,0,3.040167808532715,-2.638040065765381
374,1,cpu_int8_dynamic,0,0,3.9504687786102295,-3.262998104095459
375,1,cpu_int8_dynamic,1,0,2.083888530731201,-1.7211179733276367
376,1,cpu_int8_dynamic,0,0,3.4706757068634033,-2.9518282413482666
377,1,cpu_int8_dynamic,0,0,3.913640260696411,-3.1682589054107666
378,1,cpu_int8_dynamic,0,0,3.8213157653808594,-3.1943747997283936
379,1,cpu_int8_dynamic,0,0,3.4746363162994385,-2.927889823913574
380,1,cpu_int8_dynamic,0,0,4.717267036437988,-3.7722508907318115
381,1,cpu_int8_dynamic,1,1,-3.9082460403442383,4.129059314727783
382,1,cpu_int8_dynamic,0,0,0.8384724259376526,-0.6314495801925659
383,1,cpu_int8_dynamic,1,1,-4.280552864074707,4.602031230926514
384,1,cpu_int8_dynamic,0,0,3.656712055206299,-3.0868499279022217
385,1,cpu_int8_dynamic,0,1,-0.8364636898040771,0.8961800932884216
386,1,cpu_int8_dynamic,1,1,-4.29041051864624,4.642366409301758
387,1,cpu_int8_dynamic,1,1,-4.223869800567627,4.523787498474121
388,1,cpu_int8_dynamic,0,0,3.8284263610839844,-3.17617130279541
389,1,cpu_int8_dynamic,1,1,-3.1612823009490967,3.3158228397369385
390,1,cpu_int8_dynamic,0,0,4.58329439163208,-3.6966605186462402
391,1,cpu_int8_dynamic,0,0,3.696538209915161,-3.0683562755584717
392,1,cpu_int8_dynamic,0,0,4.115102291107178,-3.347632884979248
393,1,cpu_int8_dynamic,1,1,-4.263768196105957,4.64618444442749
394,1,cpu_int8_dynamic,1,1,-3.362855911254883,3.5905518531799316
395,1,cpu_int8_dynamic,0,1,-1.5057069063186646,1.6794061660766602
396,1,cpu_int8_dynamic,1,1,-4.342270374298096,4.680245876312256
397,1,cpu_int8_dynamic,1,1,-4.136359214782715,4.450427055358887
398,1,cpu_int8_dynamic,1,1,-3.270585775375366,3.388511896133423
399,1,cpu_int8_dynamic,0,0,1.3561714887619019,-1.1054811477661133
400,1,cpu_int8_dynamic,1,1,-3.444192409515381,3.671534776687622
401,1,cpu_int8_dynamic,1,1,-1.462711215019226,1.4936884641647339
402,1,cpu_int8_dynamic,0,0,3.2573752403259277,-2.750303268432617
403,1,cpu_int8_dynamic,0,0,4.183228969573975,-3.476879119873047
404,1,cpu_int8_dynamic,1,1,-3.818938970565796,4.107131004333496
405,1,cpu_int8_dynamic,0,1,-2.189521551132202,2.3140625953674316
406,1,cpu_int8_dynamic,1,1,-3.108325958251953,3.2571980953216553
407,1,cpu_int8_dynamic,0,0,3.5772488117218018,-3.0267176628112793
408,1,cpu_int8_dynamic,0,0,3.3262665271759033,-2.782762289047241
409,1,cpu_int8_dynamic,0,0,4.50313138961792,-3.7141456604003906
410,1,cpu_int8_dynamic,1,1,-2.96787691116333,3.023789167404175
411,1,cpu_int8_dynamic,0,1,-1.9229235649108887,2.011613607406616
412,1,cpu_int8_dynamic,0,0,2.907007932662964,-2.465782403945923
413,1,cpu_int8_dynamic,0,0,4.111262798309326,-3.3305912017822266
414,1,cpu_int8_dynamic,1,1,-3.8991353511810303,4.140995025634766
415,1,cpu_int8_dynamic,1,1,-4.040425777435303,4.375817775726318
416,1,cpu_int8_dynamic,1,1,-3.3231871128082275,3.547313928604126
417,1,cpu_int8_dynamic,1,1,-4.000679016113281,4.2133259773254395
418,1,cpu_int8_dynamic,1,1,-2.9270882606506348,3.1357595920562744
419,1,cpu_int8_dynamic,0,0,4.431629180908203,-3.6024975776672363
420,1,cpu_int8_dynamic,0,0,3.6286544799804688,-2.976733446121216
421,1,cpu_int8_dynamic,1,1,-2.183480739593506,2.3136603832244873
422,1,cpu_int8_dynamic,1,0,1.413104772567749,-1.1508104801177979
423,1,cpu_int8_dynamic,0,0,3.7439064979553223,-3.0837740898132324
424,1,cpu_int8_dynamic,1,1,-4.130455493927002,4.469930648803711
425,1,cpu_int8_dynamic,1,1,-3.5213258266448975,3.703514337539673
426,1,cpu_int8_dynamic,1,1,-3.8215537071228027,4.036013603210449
427,1,cpu_int8_dynamic,1,1,-4.148758411407471,4.440389156341553
428,1,cpu_int8_dynamic,1,1,-4.259795188903809,4.5827555656433105
429,1,cpu_int8_dynamic,0,0,3.7647411823272705,-3.089279890060425
430,1,cpu_int8_dynamic,1,1,-4.172677993774414,4.483981132507324
431,1,cpu_int8_dynamic,0,0,3.4203860759735107,-2.933034896850586
432,1,cpu_int8_dynamic,0,0,4.170097351074219,-3.4207191467285156
433,1,cpu_int8_dynamic,1,1,-3.552198648452759,3.7525269985198975
434,1,cpu_int8_dynamic,0,0,3.092094898223877,-2.645432710647583
435,1,cpu_int8_dynamic,1,1,-3.473341226577759,3.6561388969421387
436,1,cpu_int8_dynamic,0,0,4.2577691078186035,-3.4931046962738037
437,1,cpu_int8_dynamic,1,1,-4.061962604522705,4.356561660766602
438,1,cpu_int8_dynamic,1,1,-3.8281171321868896,4.014640808105469
439,1,cpu_int8_dynamic,1,1,-4.292068958282471,4.629330635070801
440,1,cpu_int8_dynamic,1,1,-1.8811346292495728,2.054649591445923
441,1,cpu_int8_dynamic,0,0,1.7813019752502441,-1.4602742195129395
442,1,cpu_int8_dynamic,0,0,3.201115846633911,-2.6296281814575195
443,1,cpu_int8_dynamic,1,1,-4.160494804382324,4.46292781829834
444,1,cpu_int8_dynamic,0,0,1.6444610357284546,-1.4010668992996216
445,1,cpu_int8_dynamic,1,1,-3.297595262527466,3.497955322265625
446,1,cpu_int8_dynamic,0,1,-2.8404884338378906,2.9508471488952637
447,1,cpu_int8_dynamic,1,1,-2.699573516845703,2.772670030593872
448,1,cpu_int8_dynamic,1,0,0.6967999339103699,-0.43647804856300354
449,1,cpu_int8_dynamic,0,1,-2.353687047958374,2.3878934383392334
450,1,cpu_int8_dynamic,1,1,-4.106299877166748,4.38533353805542
451,1,cpu_int8_dynamic,1,1,-3.7377169132232666,3.9285099506378174
452,1,cpu_int8_dynamic,0,0,4.468688011169434,-3.620366096496582
453,1,cpu_int8_dynamic,1,1,-2.7581753730773926,2.9255568981170654
454,1,cpu_int8_dynamic,0,0,2.1407155990600586,-1.812264084815979
455,1,cpu_int8_dynamic,1,1,-4.176215171813965,4.455244064331055
456,1,cpu_int8_dynamic,0,0,3.2066197395324707,-2.700160026550293
457,1,cpu_int8_dynamic,1,1,-4.138624668121338,4.442809581756592
458,1,cpu_int8_dynamic,1,1,-2.9204554557800293,3.0279459953308105
459,1,cpu_int8_dynamic,1,1,-4.096051216125488,4.38543176651001
460,1,cpu_int8_dynamic,1,1,-3.57099986076355,3.763824701309204
461,1,cpu_int8_dynamic,0,0,4.430913925170898,-3.5976006984710693
462,1,cpu_int8_dynamic,0,0,4.4071831703186035,-3.5723154544830322
463,1,cpu_int8_dynamic,0,0,3.461888551712036,-2.816781759262085
464,1,cpu_int8_dynamic,1,0,1.390938401222229,-1.1066232919692993
465,1,cpu_int8_dynamic,0,0,2.5052402019500732,-2.0702714920043945
466,1,cpu_int8_dynamic,1,1,-3.2741904258728027,3.4261438846588135
467,1,cpu_int8_dynamic,1,1,-2.5531203746795654,2.6088943481445312
468,1,cpu_int8_dynamic,1,1,-3.767146587371826,3.9433417320251465
469,1,cpu_int8_dynamic,0,0,3.713531017303467,-3.131493330001831
470,1,cpu_int8_dynamic,1,1,-4.138482093811035,4.457694053649902
471,1,cpu_int8_dynamic,0,0,3.4056262969970703,-2.8776051998138428
472,1,cpu_int8_dynamic,1,1,-3.3014838695526123,3.3445754051208496
473,1,cpu_int8_dynamic,1,1,-2.2677559852600098,2.3449883460998535
474,1,cpu_int8_dynamic,0,0,3.897273063659668,-3.168196439743042
475,1,cpu_int8_dynamic,1,1,-4.099770545959473,4.418741226196289
476,1,cpu_int8_dynamic,0,0,3.8577115535736084,-3.1490139961242676
477,1,cpu_int8_dynamic,0,0,0.981175422668457,-0.7258061766624451
478,1,cpu_int8_dynamic,0,0,2.2108895778656006,-1.8197402954101562
479,1,cpu_int8_dynamic,1,1,-4.318392753601074,4.630557060241699
480,1,cpu_int8_dynamic,1,1,-3.7575619220733643,4.053310871124268
481,1,cpu_int8_dynamic,1,1,-1.9606983661651611,2.097468137741089
482,1,cpu_int8_dynamic,1,1,-3.6944665908813477,3.9213225841522217
483,1,cpu_int8_dynamic,1,1,-3.7067911624908447,3.932352304458618
484,1,cpu_int8_dynamic,1,1,-3.8941524028778076,4.168975830078125
485,1,cpu_int8_dynamic,1,1,-3.8491482734680176,4.041248321533203
486,1,cpu_int8_dynamic,0,0,3.796785831451416,-3.0207619667053223
487,1,cpu_int8_dynamic,0,0,3.053614377975464,-2.538228988647461
488,1,cpu_int8_dynamic,1,1,-4.203698635101318,4.556672096252441
489,1,cpu_int8_dynamic,0,0,3.734611749649048,-3.0068228244781494
490,1,cpu_int8_dynamic,0,0,4.3061065673828125,-3.5169379711151123
491,1,cpu_int8_dynamic,0,0,3.6180758476257324,-2.98651385307312
492,1,cpu_int8_dynamic,1,1,-4.347170352935791,4.64224100112915
493,1,cpu_int8_dynamic,0,0,4.704385280609131,-3.7225775718688965
494,1,cpu_int8_dynamic,0,1,-2.69157075881958,2.8469605445861816
495,1,cpu_int8_dynamic,1,1,-1.8793481588363647,1.9771980047225952
496,1,cpu_int8_dynamic,1,1,-2.2004942893981934,2.3315961360931396
497,1,cpu_int8_dynamic,0,0,0.9139700531959534,-0.8114716410636902
498,1,cpu_int8_dynamic,1,1,-4.110016822814941,4.421959400177002
499,1,cpu_int8_dynamic,1,1,-2.8288676738739014,2.8708508014678955
500,1,cpu_int8_dynamic,0,0,4.110260963439941,-3.402101755142212
501,1,cpu_int8_dynamic,1,0,2.6139895915985107,-2.2040367126464844
502,1,cpu_int8_dynamic,0,0,4.668601989746094,-3.7618370056152344
503,1,cpu_int8_dynamic,0,0,1.9511207342147827,-1.6352195739746094
504,1,cpu_int8_dynamic,1,1,-4.343137264251709,4.667850971221924
505,1,cpu_int8_dynamic,1,1,-2.833845615386963,3.0010876655578613
506,1,cpu_int8_dynamic,1,1,-3.3200924396514893,3.422065019607544
507,1,cpu_int8_dynamic,1,1,-3.914830446243286,4.184922218322754
508,1,cpu_int8_dynamic,1,1,-4.271156311035156,4.5904154777526855
509,1,cpu_int8_dynamic,1,0,1.57293701171875,-1.2032397985458374
510,1,cpu_int8_dynamic,1,1,-3.2316272258758545,3.4281957149505615
511,1,cpu_int8_dynamic,1,1,-3.9086930751800537,4.162136077880859
512,1,cpu_int8_dynamic,0,0,4.016210556030273,-3.2697927951812744
513,1,cpu_int8_dynamic,0,0,0.19927915930747986,-0.08888809382915497
514,1,cpu_int8_dynamic,1,1,-3.65433669090271,3.850659132003784
515,1,cpu_int8_dynamic,0,0,3.181180238723755,-2.572450876235962
516,1,cpu_int8_dynamic,0,0,4.085082530975342,-3.3623201847076416
517,1,cpu_int8_dynamic,1,1,-1.632871150970459,1.721532940864563
518,1,cpu_int8_dynamic,1,1,-3.623608350753784,3.9138970375061035
519,1,cpu_int8_dynamic,0,1,-3.301309108734131,3.391958475112915
520,1,cpu_int8_dynamic,1,1,-4.111808776855469,4.401499271392822
521,1,cpu_int8_dynamic,0,0,3.424962282180786,-2.7924845218658447
522,1,cpu_int8_dynamic,0,0,3.18605375289917,-2.7365245819091797
523,1,cpu_int8_dynamic,1,1,-4.175724029541016,4.4539971351623535
524,1,cpu_int8_dynamic,1,1,-3.1587061882019043,3.257848024368286
525,1,cpu_int8_dynamic,1,1,-3.8723137378692627,4.14323091506958
526,1,cpu_int8_dynamic,0,0,3.3374340534210205,-2.7514288425445557
527,1,cpu_int8_dynamic,0,1,-1.0327752828598022,1.0699663162231445
528,1,cpu_int8_dynamic,1,1,-2.623436689376831,2.7529959678649902
529,1,cpu_int8_dynamic,0,0,4.1964216232299805,-3.440438985824585
530,1,cpu_int8_dynamic,1,1,-4.276347637176514,4.607299327850342
531,1,cpu_int8_dynamic,0,0,3.647655963897705,-3.059027671813965
532,1,cpu_int8_dynamic,1,1,-3.0407004356384277,3.1509251594543457
533,1,cpu_int8_dynamic,1,1,-3.607987880706787,3.9005565643310547
534,1,cpu_int8_dynamic,1,1,-4.242560386657715,4.565694332122803
535,1,cpu_int8_dynamic,1,1,-4.022739410400391,4.316606044769287
536,1,cpu_int8_dynamic,0,0,4.558696746826172,-3.7514498233795166
537,1,cpu_int8_dynamic,1,1,-4.06659460067749,4.350165843963623
538,1,cpu_int8_dynamic,0,0,4.3714799880981445,-3.538397789001465
539,1,cpu_int8_dynamic,0,0,2.699181318283081,-2.2163615226745605
540,1,cpu_int8_dynamic,1,1,-3.139925956726074,3.256495475769043
541,1,cpu_int8_dynamic,1,1,-4.234801292419434,4.59050989151001
542,1,cpu_int8_dynamic,0,0,3.3906474113464355,-2.789473533630371
543,1,cpu_int8_dynamic,0,0,2.7110280990600586,-2.2658281326293945
544,1,cpu_int8_dynamic,0,1,-3.4146878719329834,3.6786370277404785
545,1,cpu_int8_dynamic,0,0,4.241491794586182,-3.485065460205078
546,1,cpu_int8_dynamic,1,1,-0.6847783923149109,0.7570199966430664
547,1,cpu_int8_dynamic,0,0,3.0291497707366943,-2.5153744220733643
548,1,cpu_int8_dynamic,0,0,2.2318012714385986,-1.8940504789352417
549,1,cpu_int8_dynamic,0,0,4.642295837402344,-3.7297589778900146
550,1,cpu_int8_dynamic,0,0,4.661080837249756,-3.759675979614258
551,1,cpu_int8_dynamic,0,0,3.6865415573120117,-3.0309956073760986
552,1,cpu_int8_dynamic,0,0,3.3495044708251953,-2.806006908416748
553,1,cpu_int8_dynamic,1,1,-3.943415641784668,4.2634687423706055
554,1,cpu_int8_dynamic,0,0,3.104495048522949,-2.614067554473877
555,1,cpu_int8_dynamic,0,0,4.4208550453186035,-3.6090171337127686
556,1,cpu_int8_dynamic,0,0,4.273308277130127,-3.4731719493865967
557,1,cpu_int8_dynamic,1,1,-4.193365097045898,4.511130332946777
558,1,cpu_int8_dynamic,1,1,-2.8194851875305176,2.85927414894104
559,1,cpu_int8_dynamic,0,0,2.874098539352417,-2.4049668312072754
560,1,cpu_int8_dynamic,0,0,3.899441957473755,-3.2011470794677734
561,1,cpu_int8_dynamic,1,0,2.055842399597168,-1.7755753993988037
562,1,cpu_int8_dynamic,0,0,4.471726894378662,-3.583815574645996
563,1,cpu_int8_dynamic,1,1,-3.831969976425171,4.030611991882324
564,1,cpu_int8_dynamic,0,0,3.5526235103607178,-2.8928616046905518
565,1,cpu_int8_dynamic,1,1,-4.3211989402771,4.662108898162842
566,1,cpu_int8_dynamic,0,0,4.279521465301514,-3.513357400894165
567,1,cpu_int8_dynamic,1,1,-3.888918161392212,4.120711803436279
568,1,cpu_int8_dynamic,0,0,2.6750829219818115,-2.2828752994537354
569,1,cpu_int8_dynamic,1,1,-4.314691066741943,4.6283674240112305
570,1,cpu_int8_dynamic,1,1,-3.7138028144836426,3.925354480743408
571,1,cpu_int8_dynamic,0,0,3.158482313156128,-2.606414556503296
572,1,cpu_int8_dynamic,0,0,4.143996238708496,-3.294044017791748
573,1,cpu_int8_dynamic,1,1,-4.323727607727051,4.6557464599609375
574,1,cpu_int8_dynamic,0,0,3.608342409133911,-3.0291643142700195
575,1,cpu_int8_dynamic,0,0,1.099761724472046,-0.892024040222168
576,1,cpu_int8_dynamic,0,0,4.615302085876465,-3.687730073928833
577,1,cpu_int8_dynamic,1,1,-3.854485511779785,4.113337516784668
578,1,cpu_int8_dynamic,0,0,2.545281171798706,-2.1761138439178467
579,1,cpu_int8_dynamic,0,1,-1.538949728012085,1.5410176515579224
580,1,cpu_int8_dynamic,0,1,-1.0543832778930664,1.094772219657898
581,1,cpu_int8_dynamic,0,0,4.547579288482666,-3.6703667640686035
582,1,cpu_int8_dynamic,0,0,2.40647029876709,-1.9809502363204956
583,1,cpu_int8_dynamic,0,0,2.7249653339385986,-2.3507277965545654
584,1,cpu_int8_dynamic,0,0,2.5837624073028564,-2.1773085594177246
585,1,cpu_int8_dynamic,0,0,4.516269683837891,-3.616175651550293
586,1,cpu_int8_dynamic,0,0,4.534305572509766,-3.603994607925415
587,1,cpu_int8_dynamic,0,0,3.0841314792633057,-2.5642974376678467
588,1,cpu_int8_dynamic,1,1,-2.5901596546173096,2.647488832473755
589,1,cpu_int8_dynamic,1,1,-2.81351375579834,2.9035043716430664
590,1,cpu_int8_dynamic,0,0,4.064141273498535,-3.3279736042022705
591,1,cpu_int8_dynamic,0,0,4.554308891296387,-3.646071672439575
592,1,cpu_int8_dynamic,0,0,3.6300206184387207,-2.9584739208221436
593,1,cpu_int8_dynamic,1,1,-3.87251877784729,4.1511359214782715
594,1,cpu_int8_dynamic,1,1,-4.140690326690674,4.429748058319092
595,1,cpu_int8_dynamic,0,1,-0.11111126840114594,0.22418247163295746
596,1,cpu_int8_dynamic,0,0,2.2657320499420166,-1.8872648477554321
597,1,cpu_int8_dynamic,0,0,2.8831193447113037,-2.44327974319458
598,1,cpu_int8_dynamic,0,0,4.573314189910889,-3.740216016769409
599,1,cpu_int8_dynamic,0,0,4.672554969787598,-3.8227458000183105
600,1,cpu_int8_dynamic,0,0,3.1022238731384277,-2.6381311416625977
601,1,cpu_int8_dynamic,0,0,0.21140331029891968,0.061265699565410614
602,1,cpu_int8_dynamic,1,1,-3.415743112564087,3.724790573120117
603,1,cpu_int8_dynamic,1,1,-4.145537853240967,4.410629749298096
604,1,cpu_int8_dynamic,0,1,-2.6994636058807373,2.7604737281799316
605,1,cpu_int8_dynamic,1,1,-1.4360277652740479,1.5233060121536255
606,1,cpu_int8_dynamic,0,0,3.977092742919922,-3.342128276824951
607,1,cpu_int8_dynamic,1,1,-3.0038323402404785,3.343374013900757
608,1,cpu_int8_dynamic,1,1,-3.0276503562927246,3.1089601516723633
609,1,cpu_int8_dynamic,1,1,-2.5861129760742188,2.641761064529419
610,1,cpu_int8_dynamic,0,0,2.1433565616607666,-1.862188696861267
611,1,cpu_int8_dynamic,1,1,-2.8059651851654053,2.9585647583007812
612,1,cpu_int8_dynamic,0,1,-0.572063148021698,0.7714152336120605
613,1,cpu_int8_dynamic,1,1,-2.635442018508911,2.729125499725342
614,1,cpu_int8_dynamic,1,1,-3.6510496139526367,3.9317867755889893
615,1,cpu_int8_dynamic,0,0,3.0614826679229736,-2.5525667667388916
616,1,cpu_int8_dynamic,1,1,-3.5779366493225098,3.806100606918335
617,1,cpu_int8_dynamic,0,0,1.002476453781128,-0.9012194871902466
618,1,cpu_int8_dynamic,0,0,0.6679046750068665,-0.5057938098907471
619,1,cpu_int8_dynamic,0,0,4.5139665603637695,-3.7174274921417236
620,1,cpu_int8_dynamic,0,0,2.719134569168091,-2.301776647567749
621,1,cpu_int8_dynamic,1,1,-4.028245449066162,4.260307312011719
622,1,cpu_int8_dynamic,1,1,-3.457916736602783,3.6323769092559814
623,1,cpu_int8_dynamic,1,1,-3.9935081005096436,4.30409574508667
624,1,cpu_int8_dynamic,1,1,-3.5241506099700928,3.739509344100952
625,1,cpu_int8_dynamic,1,1,-4.220453262329102,4.565228462219238
626,1,cpu_int8_dynamic,1,1,-3.554889440536499,3.858182430267334
627,1,cpu_int8_dynamic,0,0,4.639703750610352,-3.7172091007232666
628,1,cpu_int8_dynamic,1,1,-4.084781169891357,4.397707462310791
629,1,cpu_int8_dynamic,0,0,2.656852960586548,-2.2905023097991943
630,1,cpu_int8_dynamic,1,1,-2.88057279586792,2.919330358505249
631,1,cpu_int8_dynamic,0,0,3.531189441680908,-2.873823881149292
632,1,cpu_int8_dynamic,0,0,4.448501110076904,-3.647976875305176
633,1,cpu_int8_dynamic,1,1,-2.7728354930877686,2.9675467014312744
634,1,cpu_int8_dynamic,1,1,-3.5062127113342285,3.6322009563446045
635,1,cpu_int8_dynamic,0,0,4.127747535705566,-3.4090635776519775
636,1,cpu_int8_dynamic,1,1,-3.4766409397125244,3.7719218730926514
637,1,cpu_int8_dynamic,0,0,3.9266717433929443,-3.2114250659942627
638,1,cpu_int8_dynamic,1,1,-3.7476446628570557,3.996504068374634
639,1,cpu_int8_dynamic,0,0,4.31517219543457,-3.521958112716675
640,1,cpu_int8_dynamic,1,1,-4.149425506591797,4.467440128326416
641,1,cpu_int8_dynamic,1,1,-4.110537528991699,4.397803783416748
642,1,cpu_int8_dynamic,0,0,4.035801410675049,-3.2633891105651855
643,1,cpu_int8_dynamic,1,0,1.092144250869751,-0.9831616878509521
644,1,cpu_int8_dynamic,1,1,-3.683772087097168,3.8860819339752197
645,1,cpu_int8_dynamic,0,1,-0.42828527092933655,0.6220263838768005
646,1,cpu_int8_dynamic,0,1,-3.456632137298584,3.7618892192840576
647,1,cpu_int8_dynamic,0,0,4.685768127441406,-3.7333149909973145
648,1,cpu_int8_dynamic,1,1,-2.1724750995635986,2.3056082725524902
649,1,cpu_int8_dynamic,0,0,4.261593818664551,-3.4741930961608887
650,1,cpu_int8_dynamic,0,0,3.6339824199676514,-3.026273012161255
651,1,cpu_int8_dynamic,0,0,3.9531362056732178,-3.2075088024139404
652,1,cpu_int8_dynamic,0,0,4.642724514007568,-3.7224791049957275
653,1,cpu_int8_dynamic,0,0,4.38385534286499,-3.56709885597229
654,1,cpu_int8_dynamic,0,0,4.317092418670654,-3.533700466156006
655,1,cpu_int8_dynamic,1,1,-4.043745517730713,4.318413257598877
656,1,cpu_int8_dynamic,1,0,0.29257145524024963,-0.15318185091018677
657,1,cpu_int8_dynamic,0,0,3.599470615386963,-3.00191330909729
658,1,cpu_int8_dynamic,1,1,-4.331996440887451,4.630189895629883
659,1,cpu_int8_dynamic,0,0,2.4246885776519775,-2.0696566104888916
660,1,cpu_int8_dynamic,1,1,-3.904501438140869,4.177412986755371
661,1,cpu_int8_dynamic,0,0,3.0632643699645996,-2.6157448291778564
662,1,cpu_int8_dynamic,0,0,3.9751524925231934,-3.212003469467163
663,1,cpu_int8_dynamic,1,1,-3.296820878982544,3.4160959720611572
664,1,cpu_int8_dynamic,1,1,-3.6368966102600098,3.8574435710906982
665,1,cpu_int8_dynamic,1,1,-3.458733320236206,3.650691270828247
666,1,cpu_int8_dynamic,1,1,-4.0541768074035645,4.371883869171143
667,1,cpu_int8_dynamic,1,0,1.20626699924469,-1.0416487455368042
668,1,cpu_int8_dynamic,0,0,3.6009209156036377,-2.9735138416290283
669,1,cpu_int8_dynamic,1,1,-3.889129161834717,4.196565628051758
670,1,cpu_int8_dynamic,0,0,0.13232433795928955,0.04780858755111694
671,1,cpu_int8_dynamic,1,1,-3.092944622039795,3.3226499557495117
672,1,cpu_int8_dynamic,0,0,3.4704601764678955,-2.796689033508301
673,1,cpu_int8_dynamic,1,0,1.5330671072006226,-1.2449272871017456
674,1,cpu_int8_dynamic,1,1,-3.670064687728882,3.9181199073791504
675,1,cpu_int8_dynamic,1,1,-4.132458686828613,4.487286567687988
676,1,cpu_int8_dynamic,0,0,3.956177234649658,-3.2600948810577393
677,1,cpu_int8_dynamic,1,1,-2.927889347076416,3.1032586097717285
678,1,cpu_int8_dynamic,1,1,-3.239928960800171,3.3999462127685547
679,1,cpu_int8_dynamic,1,1,-4.004125595092773,4.285611152648926
680,1,cpu_int8_dynamic,1,1,-3.0485377311706543,3.1757266521453857
681,1,cpu_int8_dynamic,0,0,4.005055904388428,-3.3058383464813232
682,1,cpu_int8_dynamic,0,0,4.395357131958008,-3.5536787509918213
683,1,cpu_int8_dynamic,1,0,1.3145849704742432,-1.1387059688568115
684,1,cpu_int8_dynamic,1,1,-1.7483675479888916,1.8627413511276245
685,1,cpu_int8_dynamic,1,0,2.877570390701294,-2.388507604598999
686,1,cpu_int8_dynamic,1,1,-4.035904884338379,4.316391468048096
687,1,cpu_int8_dynamic,0,0,3.7254528999328613,-3.120457887649536
688,1,cpu_int8_dynamic,0,0,1.862433910369873,-1.5717899799346924
689,1,cpu_int8_dynamic,0,0,2.847217559814453,-2.4822678565979004
690,1,cpu_int8_dynamic,0,0,4.6396989822387695,-3.7267649173736572
691,1,cpu_int8_dynamic,1,1,-3.2684240341186523,3.458834171295166
692,1,cpu_int8_dynamic,0,1,-0.8453116416931152,0.9435080885887146
693,1,cpu_int8_dynamic,0,0,4.283824443817139,-3.518705129623413
694,1,cpu_int8_dynamic,0,0,2.9969868659973145,-2.4589879512786865
695,1,cpu_int8_dynamic,0,1,-3.2833778858184814,3.443610906600952
696,1,cpu_int8_dynamic,1,1,-3.2458858489990234,3.4197018146514893
697,1,cpu_int8_dynamic,1,0,0.1628219485282898,-0.14045993983745575
698,1,cpu_int8_dynamic,1,1,-3.449990749359131,3.6864449977874756
699,1,cpu_int8_dynamic,1,0,2.194502353668213,-1.8244718313217163
700,1,cpu_int8_dynamic,0,0,1.6179728507995605,-1.2507275342941284
701,1,cpu_int8_dynamic,0,0,2.1602728366851807,-1.8441534042358398
702,1,cpu_int8_dynamic,0,1,-1.3635976314544678,1.3917019367218018
703,1,cpu_int8_dynamic,0,0,3.2111427783966064,-2.7241222858428955
704,1,cpu_int8_dynamic,0,0,0.5031374096870422,-0.38844752311706543
705,1,cpu_int8_dynamic,0,0,2.841287612915039,-2.355483293533325
706,1,cpu_int8_dynamic,0,0,3.9324610233306885,-3.2345049381256104
707,1,cpu_int8_dynamic,0,0,2.347830295562744,-1.9358421564102173
708,1,cpu_int8_dynamic,1,1,-4.280712604522705,4.637598991394043
709,1,cpu_int8_dynamic,0,0,4.373155117034912,-3.589557647705078
710,1,cpu_int8_dynamic,0,0,2.6002399921417236,-2.212341547012329
711,1,cpu_int8_dynamic,0,0,4.552558898925781,-3.714733123779297
712,1,cpu_int8_dynamic,0,0,3.33087158203125,-2.8074724674224854
713,1,cpu_int8_dynamic,0,0,3.787362813949585,-3.1870834827423096
714,1,cpu_int8_dynamic,1,1,-4.267113208770752,4.645596027374268
715,1,cpu_int8_dynamic,0,0,3.7878634929656982,-3.0917601585388184
716,1,cpu_int8_dynamic,0,0,2.778388500213623,-2.302435874938965
717,1,cpu_int8_dynamic,1,1,-4.259410381317139,4.500698089599609
718,1,cpu_int8_dynamic,1,1,-4.115578651428223,4.41592264175415
719,1,cpu_int8_dynamic,0,0,3.55739426612854,-3.0939102172851562
720,1,cpu_int8_dynamic,1,1,-3.805466651916504,4.012512683868408
721,1,cpu_int8_dynamic,1,1,-4.253232002258301,4.516698837280273
722,1,cpu_int8_dynamic,0,0,3.9714853763580322,-3.2882425785064697
723,1,cpu_int8_dynamic,1,1,-4.272782325744629,4.596314907073975
724,1,cpu_int8_dynamic,0,1,-2.326242685317993,2.445486068725586
725,1,cpu_int8_dynamic,1,1,-3.573777914047241,3.784954071044922
726,1,cpu_int8_dynamic,1,1,-3.903956413269043,4.1072163581848145
727,1,cpu_int8_dynamic,0,0,1.766397476196289,-1.5438799858093262
728,1,cpu_int8_dynamic,1,1,-2.76015043258667,2.831054210662842
729,1,cpu_int8_dynamic,1,1,-3.946448564529419,4.265871047973633
730,1,cpu_int8_dynamic,0,0,4.196598052978516,-3.3946492671966553
731,1,cpu_int8_dynamic,0,0,3.4001636505126953,-2.8048348426818848
732,1,cpu_int8_dynamic,0,0,4.331212520599365,-3.524102210998535
733,1,cpu_int8_dynamic,0,1,-1.6108336448669434,1.7794662714004517
734,1,cpu_int8_dynamic,0,0,2.7059061527252197,-2.188751697540283
735,1,cpu_int8_dynamic,0,1,-0.1984405368566513,0.3986988365650177
736,1,cpu_int8_dynamic,0,1,-2.3613786697387695,2.450176477432251
737,1,cpu_int8_dynamic,1,1,-4.181509017944336,4.516264915466309
738,1,cpu_int8_dynamic,1,1,-4.042782783508301,4.342245578765869
739,1,cpu_int8_dynamic,1,1,-3.7417359352111816,3.968759775161743
740,1,cpu_int8_dynamic,1,1,-3.622056722640991,3.866515874862671
741,1,cpu_int8_dynamic,1,0,1.8664331436157227,-1.5663245916366577
742,1,cpu_int8_dynamic,1,1,-3.3695600032806396,3.5366036891937256
743,1,cpu_int8_dynamic,0,1,-0.20608465373516083,0.37280166149139404
744,1,cpu_int8_dynamic,1,1,-3.4754528999328613,3.6673853397369385
745,1,cpu_int8_dynamic,0,0,4.491683006286621,-3.666275978088379
746,1,cpu_int8_dynamic,1,1,-4.169727325439453,4.520664691925049
747,1,cpu_int8_dynamic,1,1,-3.697639226913452,3.9600677490234375
748,1,cpu_int8_dynamic,0,0,3.4943439960479736,-2.9099464416503906
749,1,cpu_int8_dynamic,1,0,3.1413333415985107,-2.63555908203125
750,1,cpu_int8_dynamic,0,0,1.8660078048706055,-1.6306661367416382
751,1,cpu_int8_dynamic,0,0,4.609280109405518,-3.743006944656372
752,1,cpu_int8_dynamic,0,0,3.4732666015625,-2.8668529987335205
753,1,cpu_int8_dynamic,1,1,-2.4439077377319336,2.5200257301330566
754,1,cpu_int8_dynamic,1,1,-3.8629157543182373,4.181504726409912
755,1,cpu_int8_dynamic,1,1,-3.946385145187378,4.266355514526367
756,1,cpu_int8_dynamic,0,0,3.072812795639038,-2.620483875274658
757,1,cpu_int8_dynamic,0,1,-0.8004156351089478,0.8425388336181641
758,1,cpu_int8_dynamic,1,1,-4.148513317108154,4.4680256843566895
759,1,cpu_int8_dynamic,0,0,1.9976152181625366,-1.8001656532287598
760,1,cpu_int8_dynamic,1,0,0.6441134810447693,-0.5634145736694336
761,1,cpu_int8_dynamic,0,0,4.144790172576904,-3.4217700958251953
762,1,cpu_int8_dynamic,1,1,-4.320669651031494,4.676422119140625
763,1,cpu_int8_dynamic,1,1,-3.616415023803711,3.8532259464263916
764,1,cpu_int8_dynamic,0,1,-1.5347189903259277,1.529381513595581
765,1,cpu_int8_dynamic,0,0,2.7998719215393066,-2.3390450477600098
766,1,cpu_int8_dynamic,1,1,-3.4677555561065674,3.6269140243530273
767,1,cpu_int8_dynamic,1,1,-3.8819921016693115,4.122633934020996
768,1,cpu_int8_dynamic,1,1,-3.4151771068573,3.5424516201019287
769,1,cpu_int8_dynamic,1,1,-3.987070083618164,4.242244720458984
770,1,cpu_int8_dynamic,0,0,2.003336191177368,-1.692395567893982
771,1,cpu_int8_dynamic,0,1,-2.557807445526123,2.612131357192993
772,1,cpu_int8_dynamic,1,1,-4.086014270782471,4.393625259399414
773,1,cpu_int8_dynamic,1,1,-3.7553131580352783,3.978851318359375
774,1,cpu_int8_dynamic,0,0,3.6347649097442627,-3.0448505878448486
775,1,cpu_int8_dynamic,0,0,1.8446629047393799,-1.6416324377059937
776,1,cpu_int8_dynamic,0,0,4.591684818267822,-3.6675145626068115
777,1,cpu_int8_dynamic,1,1,-3.888484001159668,4.098426818847656
778,1,cpu_int8_dynamic,1,1,-4.183605194091797,4.5288567543029785
779,1,cpu_int8_dynamic,0,0,2.9985427856445312,-2.5447232723236084
780,1,cpu_int8_dynamic,1,1,-3.7511050701141357,3.976930618286133
781,1,cpu_int8_dynamic,0,0,3.9245810508728027,-3.244189739227295
782,1,cpu_int8_dynamic,1,1,-1.3106889724731445,1.3097854852676392
783,1,cpu_int8_dynamic,1,1,-3.6305532455444336,3.8274996280670166
784,1,cpu_int8_dynamic,1,1,-4.158127307891846,4.484836578369141
785,1,cpu_int8_dynamic,1,1,-2.0939388275146484,2.1562392711639404
786,1,cpu_int8_dynamic,0,0,2.334721088409424,-2.0265755653381348
787,1,cpu_int8_dynamic,0,0,2.572416067123413,-2.093341827392578
788,1,cpu_int8_dynamic,1,1,-3.145475149154663,3.280252695083618
789,1,cpu_int8_dynamic,0,0,2.5739850997924805,-2.107710361480713
790,1,cpu_int8_dynamic,0,0,3.56669545173645,-2.975510597229004
791,1,cpu_int8_dynamic,0,1,-3.8398356437683105,4.104196548461914
792,1,cpu_int8_dynamic,1,1,-4.263692855834961,4.621327877044678
793,1,cpu_int8_dynamic,1,1,-2.707942247390747,2.782923936843872
794,1,cpu_int8_dynamic,1,1,-3.4266250133514404,3.567901849746704
795,1,cpu_int8_dynamic,0,0,3.4253475666046143,-2.8263182640075684
796,1,cpu_int8_dynamic,1,1,-3.9092612266540527,4.153212547302246
797,1,cpu_int8_dynamic,0,0,4.466078758239746,-3.588573932647705
798,1,cpu_int8_dynamic,0,0,4.002348899841309,-3.3423242568969727
799,1,cpu_int8_dynamic,1,1,-4.329469680786133,4.669203281402588
800,1,cpu_int8_dynamic,0,0,2.8693201541900635,-2.4237170219421387
801,1,cpu_int8_dynamic,0,0,1.667059302330017,-1.4519723653793335
802,1,cpu_int8_dynamic,0,0,2.04315447807312,-1.6764211654663086
803,1,cpu_int8_dynamic,1,1,-2.2904911041259766,2.3408849239349365
804,1,cpu_int8_dynamic,0,0,2.9451587200164795,-2.475299835205078
805,1,cpu_int8_dynamic,0,1,-1.398898720741272,1.4429892301559448
806,1,cpu_int8_dynamic,1,1,-3.9382331371307373,4.216030120849609
807,1,cpu_int8_dynamic,1,1,-4.338386535644531,4.7024054527282715
808,1,cpu_int8_dynamic,1,1,-4.370354175567627,4.695321083068848
809,1,cpu_int8_dynamic,1,1,-4.213188648223877,4.497511386871338
810,1,cpu_int8_dynamic,1,1,-4.0951385498046875,4.42902135848999
811,1,cpu_int8_dynamic,0,0,2.5773046016693115,-2.2231204509735107
812,1,cpu_int8_dynamic,1,1,-1.8912062644958496,2.0041399002075195
813,1,cpu_int8_dynamic,0,1,-1.0817899703979492,1.180508017539978
814,1,cpu_int8_dynamic,0,0,4.192007541656494,-3.378230333328247
815,1,cpu_int8_dynamic,1,1,-4.355517864227295,4.6786417961120605
816,1,cpu_int8_dynamic,1,1,-3.3783011436462402,3.4845149517059326
817,1,cpu_int8_dynamic,1,1,-4.312284469604492,4.631016254425049
818,1,cpu_int8_dynamic,0,0,2.836548089981079,-2.3701465129852295
819,1,cpu_int8_dynamic,0,0,1.5865384340286255,-1.4317723512649536
820,1,cpu_int8_dynamic,1,1,-4.275310516357422,4.5923566818237305
821,1,cpu_int8_dynamic,1,1,-4.252427577972412,4.567862033843994
822,1,cpu_int8_dynamic,0,0,4.514166355133057,-3.6921398639678955
823,1,cpu_int8_dynamic,1,1,-2.580469846725464,2.7088892459869385
824,1,cpu_int8_dynamic,0,0,1.8991894721984863,-1.6172847747802734
825,1,cpu_int8_dynamic,1,1,-4.193086624145508,4.4772233963012695
826,1,cpu_int8_dynamic,1,1,-4.196229457855225,4.495585918426514
827,1,cpu_int8_dynamic,0,0,2.7796647548675537,-2.3725316524505615
828,1,cpu_int8_dynamic,0,0,3.29744815826416,-2.7561731338500977
829,1,cpu_int8_dynamic,0,1,-1.9639532566070557,2.050126791000366
830,1,cpu_int8_dynamic,1,1,-2.873934030532837,2.9893546104431152
831,1,cpu_int8_dynamic,1,1,-2.941481828689575,3.0503551959991455
832,1,cpu_int8_dynamic,0,1,-1.548856258392334,1.5820796489715576
833,1,cpu_int8_dynamic,0,0,3.9538896083831787,-3.2717244625091553
834,1,cpu_int8_dynamic,1,1,-2.829958200454712,2.9756345748901367
835,1,cpu_int8_dynamic,1,1,-4.26805305480957,4.60624361038208
836,1,cpu_int8_dynamic,0,0,4.362973213195801,-3.6058058738708496
837,1,cpu_int8_dynamic,1,1,-4.169649600982666,4.436197280883789
838,1,cpu_int8_dynamic,0,0,2.7167341709136963,-2.228825569152832
839,1,cpu_int8_dynamic,0,0,3.8636369705200195,-3.180447578430176
840,1,cpu_int8_dynamic,0,0,3.388209342956543,-2.748291492462158
841,1,cpu_int8_dynamic,1,1,-2.9057140350341797,3.0582711696624756
842,1,cpu_int8_dynamic,0,0,2.055424690246582,-1.753557562828064
843,1,cpu_int8_dynamic,0,0,3.8382272720336914,-3.1488826274871826
844,1,cpu_int8_dynamic,0,0,4.237646102905273,-3.3777916431427
845,1,cpu_int8_dynamic,0,0,3.464315176010132,-2.891545057296753
846,1,cpu_int8_dynamic,0,1,-2.1532065868377686,2.232783794403076
847,1,cpu_int8_dynamic,1,1,-0.8152786493301392,1.047105312347412
848,1,cpu_int8_dynamic,1,1,-4.174209117889404,4.4947733879089355
849,1,cpu_int8_dynamic,1,1,-3.5218496322631836,3.763904333114624
850,1,cpu_int8_dynamic,1,1,-2.1710410118103027,2.2287583351135254
851,1,cpu_int8_dynamic,0,0,3.473285436630249,-2.851228952407837
852,1,cpu_int8_dynamic,0,0,1.8452215194702148,-1.5600389242172241
853,1,cpu_int8_dynamic,1,1,-3.2683215141296387,3.423374891281128
854,1,cpu_int8_dynamic,0,0,3.4991674423217773,-2.869234323501587
855,1,cpu_int8_dynamic,1,1,-3.928943395614624,4.191185474395752
856,1,cpu_int8_dynamic,1,1,-2.2934699058532715,2.4706761837005615
857,1,cpu_int8_dynamic,1,1,-4.139679431915283,4.475846290588379
858,1,cpu_int8_dynamic,1,1,-4.212912559509277,4.53291130065918
859,1,cpu_int8_dynamic,1,1,-4.276823043823242,4.653297424316406
860,1,cpu_int8_dynamic,1,1,-4.031850337982178,4.384451389312744
861,1,cpu_int8_dynamic,1,1,-2.766832113265991,2.845161199569702
862,1,cpu_int8_dynamic,0,1,-2.4992339611053467,2.564143657684326
863,1,cpu_int8_dynamic,0,0,1.187508463859558,-0.9852684736251831
864,1,cpu_int8_dynamic,0,0,4.2977705001831055,-3.5753960609436035
865,1,cpu_int8_dynamic,1,1,-0.7160540819168091,0.7407225370407104
866,1,cpu_int8_dynamic,1,1,-3.092655658721924,3.2200679779052734
867,1,cpu_int8_dynamic,0,0,1.7286593914031982,-1.4362374544143677
868,1,cpu_int8_dynamic,1,1,-3.8883564472198486,4.117612838745117
869,1,cpu_int8_dynamic,0,1,0.06325417011976242,0.17079532146453857
870,1,cpu_int8_dynamic,0,0,2.541593551635742,-2.20420241355896
871,1,cpu_int8_dynamic,1,1,-1.0052096843719482,1.101348638534546
0,1,cuda_fp32,1,1,-4.36100435256958,4.7004594802856445
1,1,cuda_fp32,0,0,3.725740671157837,-3.1509439945220947
2,1,cuda_fp32,1,1,-3.870816946029663,4.058259963989258
3,1,cuda_fp32,1,1,-3.9059231281280518,4.2031707763671875
4,1,cuda_fp32,0,0,4.479057788848877,-3.5969560146331787
5,1,cuda_fp32,1,1,-4.218740940093994,4.455478191375732
6,1,cuda_fp32,0,0,4.183939456939697,-3.4255757331848145
7,1,cuda_fp32,0,0,2.6091434955596924,-2.181290864944458
8,1,cuda_fp32,1,1,-2.433682918548584,2.4748904705047607
9,1,cuda_fp32,0,0,3.9623453617095947,-3.2333884239196777
10,1,cuda_fp32,1,1,-4.358582496643066,4.702707767486572
11,1,cuda_fp32,0,0,4.391479969024658,-3.636770486831665
12,1,cuda_fp32,0,0,4.783196926116943,-3.8151333332061768
13,1,cuda_fp32,1,1,-1.493329644203186,1.6115403175354004
14,1,cuda_fp32,0,0,4.64641809463501,-3.7373859882354736
15,1,cuda_fp32,1,1,-4.37285852432251,4.7148942947387695
16,1,cuda_fp32,1,1,-3.701427936553955,3.8703856468200684
17,1,cuda_fp32,1,1,-4.109631538391113,4.400334358215332
18,1,cuda_fp32,0,0,3.9450509548187256,-3.2927892208099365
19,1,cuda_fp32,0,0,4.287920951843262,-3.5024983882904053
20,1,cuda_fp32,0,0,2.031168222427368,-1.7332358360290527
21,1,cuda_fp32,0,0,1.6732075214385986,-1.3861836194992065
22,1,cuda_fp32,0,1,-2.281980037689209,2.3921096324920654
23,1,cuda_fp32,1,1,-4.363626003265381,4.692905426025391
24,1,cuda_fp32,1,1,-2.7366220951080322,2.9171218872070312
25,1,cuda_fp32,0,0,4.358221530914307,-3.5923514366149902
26,1,cuda_fp32,0,0,3.3847508430480957,-2.8591835498809814
27,1,cuda_fp32,1,1,-3.908889055252075,4.119822978973389
28,1,cuda_fp32,0,0,2.5307810306549072,-2.229490041732788
29,1,cuda_fp32,0,0,3.0977587699890137,-2.7103993892669678
30,1,cuda_fp32,1,1,-4.319858551025391,4.681187629699707
31,1,cuda_fp32,0,0,3.0557363033294678,-2.631112575531006
32,1,cuda_fp32,1,1,-4.368192195892334,4.727358818054199
33,1,cuda_fp32,0,0,1.5938726663589478,-1.3218461275100708
34,1,cuda_fp32,0,0,4.750856876373291,-3.8474133014678955
35,1,cuda_fp32,0,0,4.5036845207214355,-3.6649508476257324
36,1,cuda_fp32,1,1,-3.433699369430542,3.612196207046509
37,1,cuda_fp32,0,0,2.316344738006592,-2.0169079303741455
38,1,cuda_fp32,1,1,-3.416024923324585,3.626688003540039
39,1,cuda_fp32,1,1,-4.0783514976501465,4.306221008300781
40,1,cuda_fp32,1,1,-4.3689494132995605,4.7294840812683105
41,1,cuda_fp32,1,1,-3.9291186332702637,4.117686748504639
42,1,cuda_fp32,1,1,-4.068191051483154,4.33951473236084
43,1,cuda_fp32,1,1,-4.21105432510376,4.478202819824219
44,1,cuda_fp32,0,0,2.9403841495513916,-2.4742228984832764
45,1,cuda_fp32,0,0,3.2275941371917725,-2.6734163761138916
46,1,cuda_fp32,0,0,1.7577929496765137,-1.4228285551071167
47,1,cuda_fp32,1,1,-4.307878494262695,4.592294692993164
48,1,cuda_fp32,1,1,-4.193280220031738,4.502119064331055
49,1,cuda_fp32,0,0,4.65142297744751,-3.758065700531006
50,1,cuda_fp32,0,0,3.9673192501068115,-3.1727850437164307
51,1,cuda_fp32,1,1,-4.197662830352783,4.453757286071777
52,1,cuda_fp32,1,1,-3.1760916709899902,3.409763813018799
53,1,cuda_fp32,1,1,-4.028066158294678,4.230413913726807
54,1,cuda_fp32,0,0,3.8606655597686768,-3.153406858444214
55,1,cuda_fp32,1,1,-4.316878795623779,4.616761207580566
56,1,cuda_fp32,0,0,4.397714614868164,-3.614060163497925
57,1,cuda_fp32,0,0,3.1884562969207764,-2.7363595962524414
58,1,cuda_fp32,0,0,3.407991647720337,-2.866802215576172
59,1,cuda_fp32,0,0,1.096643328666687,-0.8431112766265869
60,1,cuda_fp32,1,1,-4.220419406890869,4.506735801696777
61,1,cuda_fp32,0,0,4.4272894859313965,-3.6108903884887695
62,1,cuda_fp32,1,1,-2.2048075199127197,2.336345911026001
63,1,cuda_fp32,1,1,-4.049454212188721,4.306805610656738
64,1,cuda_fp32,0,1,-0.8275709748268127,0.968268871307373
65,1,cuda_fp32,0,0,3.4203603267669678,-2.9113376140594482
66,1,cuda_fp32,1,1,-0.721745491027832,0.8757278323173523
67,1,cuda_fp32,1,1,-4.374194145202637,4.751890182495117
68,1,cuda_fp32,1,1,-3.0759329795837402,3.2254157066345215
69,1,cuda_fp32,0,0,1.0880827903747559,-0.7407678961753845
70,1,cuda_fp32,0,0,2.9955575466156006,-2.4825172424316406
71,1,cuda_fp32,1,1,-4.275370121002197,4.554128170013428
72,1,cuda_fp32,1,1,-3.8539867401123047,4.056635856628418
73,1,cuda_fp32,1,1,-1.7542881965637207,1.896539568901062
74,1,cuda_fp32,0,0,4.159975051879883,-3.463970899581909
75,1,cuda_fp32,1,1,-4.163607120513916,4.425305366516113
76,1,cuda_fp32,0,0,4.638534069061279,-3.679227828979492
77,1,cuda_fp32,1,1,-4.127119541168213,4.41465950012207
78,1,cuda_fp32,1,1,-4.186489582061768,4.458347320556641
79,1,cuda_fp32,0,0,4.353364944458008,-3.5426206588745117
80,1,cuda_fp32,1,1,-4.2462687492370605,4.5774078369140625
81,1,cuda_fp32,0,0,4.353166103363037,-3.5833847522735596
82,1,cuda_fp32,0,0,1.3679782152175903,-1.0950753688812256
83,1,cuda_fp32,1,1,-1.0806474685668945,1.1506271362304688
84,1,cuda_fp32,1,1,-4.112782955169678,4.35983419418335
85,1,cuda_fp32,1,1,-3.7241714000701904,3.9264473915100098
86,1,cuda_fp32,0,0,4.412728786468506,-3.5839643478393555
87,1,cuda_fp32,1,0,3.000635862350464,-2.5401413440704346
88,1,cuda_fp32,1,1,-3.041748285293579,3.1927645206451416
89,1,cuda_fp32,1,1,-2.934842348098755,3.0194132328033447
90,1,cuda_fp32,1,1,-3.998100996017456,4.202726364135742
91,1,cuda_fp32,1,1,-4.182566165924072,4.424108982086182
92,1,cuda_fp32,0,1,-3.2071235179901123,3.306716203689575
93,1,cuda_fp32,1,0,4.055169582366943,-3.349438190460205
94,1,cuda_fp32,1,1,-4.090033054351807,4.315464973449707
95,1,cuda_fp32,0,1,-3.585240364074707,3.6952857971191406
96,1,cuda_fp32,0,0,3.2828238010406494,-2.738258123397827
97,1,cuda_fp32,1,1,-2.611567258834839,2.6331396102905273
98,1,cuda_fp32,0,0,4.793186664581299,-3.813508987426758
99,1,cuda_fp32,0,0,3.264167070388794,-2.716000556945801
100,1,cuda_fp32,1,1,-4.152348041534424,4.402889251708984
101,1,cuda_fp32,0,0,3.274596691131592,-2.7228353023529053
102,1,cuda_fp32,1,1,-2.1723413467407227,2.2097256183624268
103,1,cuda_fp32,1,1,-4.313207149505615,4.630439758300781
104,1,cuda_fp32,1,1,-3.146916389465332,3.2816524505615234
105,1,cuda_fp32,0,0,2.2433905601501465,-1.8724004030227661
106,1,cuda_fp32,1,1,-3.7037343978881836,3.9161345958709717
107,1,cuda_fp32,0,1,-1.378937005996704,1.3910808563232422
108,1,cuda_fp32,0,0,2.9098927974700928,-2.3504834175109863
109,1,cuda_fp32,1,1,-4.320279121398926,4.611590385437012
110,1,cuda_fp32,0,0,4.51408576965332,-3.542578935623169
111,1,cuda_fp32,0,0,3.933957576751709,-3.1649200916290283
112,1,cuda_fp32,1,1,-1.9445637464523315,2.0788514614105225
113,1,cuda_fp32,0,0,4.712320327758789,-3.7478692531585693
114,1,cuda_fp32,1,1,-4.025357723236084,4.2599287033081055
115,1,cuda_fp32,0,1,-2.8185172080993652,2.934612274169922
116,1,cuda_fp32,1,1,-4.190964698791504,4.4901838302612305
117,1,cuda_fp32,1,1,-4.028378009796143,4.268571376800537
118,1,cuda_fp32,0,1,-2.118804693222046,2.2409121990203857
119,1,cuda_fp32,0,0,2.5398411750793457,-2.211637020111084
120,1,cuda_fp32,1,1,-4.262354850769043,4.535670280456543
121,1,cuda_fp32,0,1,-2.9810707569122314,3.1108405590057373
122,1,cuda_fp32,1,1,-2.1104981899261475,2.1288435459136963
123,1,cuda_fp32,1,0,2.67466139793396,-2.216796398162842
124,1,cuda_fp32,1,1,-3.4721126556396484,3.7029335498809814
125,1,cuda_fp32,1,1,-4.326396465301514,4.661420822143555
126,1,cuda_fp32,0,0,2.228290319442749,-1.7898876667022705
127,1,cuda_fp32,0,0,4.385006427764893,-3.5327160358428955
128,1,cuda_fp32,1,1,-4.024096488952637,4.274525165557861
129,1,cuda_fp32,1,1,-4.364904880523682,4.70147705078125
130,1,cuda_fp32,0,0,4.757903099060059,-3.741811990737915
131,1,cuda_fp32,0,0,4.565501689910889,-3.65846586227417
132,1,cuda_fp32,1,1,-4.24011754989624,4.608916282653809
133,1,cuda_fp32,0,0,4.212275505065918,-3.486196517944336
134,1,cuda_fp32,0,0,3.9067914485931396,-3.26415753364563
135,1,cuda_fp32,0,1,-1.1512744426727295,1.294581413269043
136,1,cuda_fp32,0,0,3.6229703426361084,-3.0378198623657227
137,1,cuda_fp32,0,0,4.565667629241943,-3.750545024871826
138,1,cuda_fp32,1,1,-4.148505210876465,4.510139465332031
139,1,cuda_fp32,0,0,4.3525519371032715,-3.4824774265289307
140,1,cuda_fp32,0,0,4.341594696044922,-3.5580861568450928
141,1,cuda_fp32,0,0,4.720883369445801,-3.7484819889068604
142,1,cuda_fp32,1,0,2.5958566665649414,-2.1885576248168945
143,1,cuda_fp32,1,1,-3.738426685333252,3.9714598655700684
144,1,cuda_fp32,0,0,4.5395331382751465,-3.6674346923828125
145,1,cuda_fp32,0,1,-0.8046581745147705,0.9792847037315369
146,1,cuda_fp32,1,1,-4.256563186645508,4.515955924987793
147,1,cuda_fp32,0,0,1.9129235744476318,-1.7199773788452148
148,1,cuda_fp32,0,0,4.70236349105835,-3.8230130672454834
149,1,cuda_fp32,1,1,-2.3007452487945557,2.3035101890563965
150,1,cuda_fp32,1,1,-4.090103626251221,4.508930683135986
151,1,cuda_fp32,1,1,-4.179994106292725,4.483660697937012
152,1,cuda_fp32,1,1,-3.3228423595428467,3.396760940551758
153,1,cuda_fp32,0,0,3.6881587505340576,-2.986670732498169
154,1,cuda_fp32,1,1,-4.014256000518799,4.238751411437988
155,1,cuda_fp32,0,0,3.960148334503174,-3.288625955581665
156,1,cuda_fp32,1,1,-3.956118106842041,4.218904495239258
157,1,cuda_fp32,0,0,4.4596781730651855,-3.6654279232025146
158,1,cuda_fp32,0,1,-2.47035813331604,2.5726137161254883
159,1,cuda_fp32,1,1,-4.222847938537598,4.5719685554504395
160,1,cuda_fp32,0,0,4.62242317199707,-3.7078683376312256
161,1,cuda_fp32,0,0,3.8594248294830322,-3.206756591796875
162,1,cuda_fp32,0,0,4.5428080558776855,-3.6329565048217773
163,1,cuda_fp32,0,0,3.5576817989349365,-2.893237829208374
164,1,cuda_fp32,1,1,-3.6631968021392822,3.834583282470703
165,1,cuda_fp32,0,0,3.749342679977417,-3.0865814685821533
166,1,cuda_fp32,0,0,3.6744861602783203,-3.0321879386901855
167,1,cuda_fp32,0,0,4.573331356048584,-3.631240129470825
168,1,cuda_fp32,1,1,-4.356974124908447,4.730992317199707
169,1,cuda_fp32,1,1,-4.208881855010986,4.53739070892334
170,1,cuda_fp32,1,1,-4.377290725708008,4.733281135559082
171,1,cuda_fp32,0,1,-1.8553712368011475,1.936401605606079
172,1,cuda_fp32,1,1,-0.450798898935318,0.6168394684791565
173,1,cuda_fp32,0,0,4.430188179016113,-3.64284610748291
174,1,cuda_fp32,1,1,-3.843229055404663,4.088805198669434
175,1,cuda_fp32,1,1,-3.1604092121124268,3.315415620803833
176,1,cuda_fp32,0,0,1.720643162727356,-1.4078772068023682
177,1,cuda_fp32,0,0,4.206058502197266,-3.420750856399536
178,1,cuda_fp32,0,0,0.414624959230423,-0.27508676052093506
179,1,cuda_fp32,1,1,-4.3608527183532715,4.732988357543945
180,1,cuda_fp32,0,0,2.9493720531463623,-2.4267070293426514
181,1,cuda_fp32,0,0,4.626542091369629,-3.7036640644073486
182,1,cuda_fp32,0,0,4.213498592376709,-3.423255681991577
183,1,cuda_fp32,0,1,-3.8776774406433105,4.052085876464844
184,1,cuda_fp32,0,1,-0.2576788365840912,0.42289960384368896
185,1,cuda_fp32,1,1,-4.299230098724365,4.569068431854248
186,1,cuda_fp32,1,1,-2.459404468536377,2.5620715618133545
187,1,cuda_fp32,1,1,-3.6544058322906494,3.8646109104156494
188,1,cuda_fp32,0,0,3.313356637954712,-2.7816455364227295
189,1,cuda_fp32,0,0,4.197643756866455,-3.4785335063934326
190,1,cuda_fp32,0,0,3.0087616443634033,-2.3711535930633545
191,1,cuda_fp32,1,1,-2.863086700439453,2.8957579135894775
192,1,cuda_fp32,1,1,-1.8637012243270874,2.076298236846924
193,1,cuda_fp32,1,1,-2.4510581493377686,2.5267040729522705
194,1,cuda_fp32,1,1,-3.0880000591278076,3.117178440093994
195,1,cuda_fp32,1,1,-1.2411084175109863,1.2320983409881592
196,1,cuda_fp32,1,1,-2.4568917751312256,2.5839321613311768
197,1,cuda_fp32,0,0,4.6858391761779785,-3.817331552505493
198,1,cuda_fp32,1,1,-4.351621627807617,4.643389701843262
199,1,cuda_fp32,0,0,4.3803839683532715,-3.5430805683135986
200,1,cuda_fp32,1,1,-0.610243558883667,0.8353040218353271
201,1,cuda_fp32,1,1,-2.1632940769195557,2.2335317134857178
202,1,cuda_fp32,0,0,4.010965347290039,-3.341137647628784
203,1,cuda_fp32,0,0,4.6731367111206055,-3.70367431640625
204,1,cuda_fp32,1,1,-3.75201678276062,3.9774930477142334
205,1,cuda_fp32,1,1,-3.0393989086151123,3.1372811794281006
206,1,cuda_fp32,1,1,-4.268463611602783,4.551429748535156
207,1,cuda_fp32,1,1,-4.3679375648498535,4.724727630615234
208,1,cuda_fp32,0,0,4.542322158813477,-3.661426067352295
209,1,cuda_fp32,0,0,3.1059892177581787,-2.519601345062256
210,1,cuda_fp32,1,1,-3.72723650932312,3.8885109424591064
211,1,cuda_fp32,0,0,2.280179738998413,-1.9380260705947876
212,1,cuda_fp32,0,0,3.907932758331299,-3.2664263248443604
213,1,cuda_fp32,0,1,-1.8146469593048096,1.8863427639007568
214,1,cuda_fp32,0,0,3.201171398162842,-2.7972657680511475
215,1,cuda_fp32,1,1,-2.446324586868286,2.5319573879241943
216,1,cuda_fp32,1,1,-2.7809622287750244,2.8620026111602783
217,1,cuda_fp32,0,0,4.0502424240112305,-3.3223254680633545
218,1,cuda_fp32,0,0,0.9223893284797668,-0.6513193249702454
219,1,cuda_fp32,1,1,-3.1274783611297607,3.2145488262176514
220,1,cuda_fp32,1,1,-2.3568928241729736,2.3886635303497314
221,1,cuda_fp32,0,0,4.685194969177246,-3.74357008934021
222,1,cuda_fp32,1,1,-3.359290838241577,3.5399067401885986
223,1,cuda_fp32,1,1,-3.5959317684173584,3.772813558578491
224,1,cuda_fp32,1,1,-3.4861857891082764,3.677874803543091
225,1,cuda_fp32,1,1,-4.0294928550720215,4.228133678436279
226,1,cuda_fp32,0,0,4.714905261993408,-3.778610944747925
227,1,cuda_fp32,1,1,-4.3242692947387695,4.642668724060059
228,1,cuda_fp32,1,1,-4.170654296875,4.410356044769287
229,1,cuda_fp32,0,0,4.103568077087402,-3.3591673374176025
230,1,cuda_fp32,1,0,0.4049149751663208,-0.17180058360099792
231,1,cuda_fp32,1,1,-4.195252895355225,4.466311454772949
232,1,cuda_fp32,0,0,2.7254726886749268,-2.2180917263031006
233,1,cuda_fp32,0,0,4.271993160247803,-3.4620778560638428
234,1,cuda_fp32,1,1,-4.126054286956787,4.38097620010376
235,1,cuda_fp32,1,1,-2.877931833267212,2.908763885498047
236,1,cuda_fp32,1,1,-3.1302340030670166,3.3190300464630127
237,1,cuda_fp32,0,0,4.114648342132568,-3.423900842666626
238,1,cuda_fp32,0,0,4.193289756774902,-3.3844010829925537
239,1,cuda_fp32,1,1,-4.273932933807373,4.566524505615234
240,1,cuda_fp32,1,1,-2.9807510375976562,3.074695348739624
241,1,cuda_fp32,0,0,4.6004228591918945,-3.661243200302124
242,1,cuda_fp32,0,0,4.671803951263428,-3.758721351623535
243,1,cuda_fp32,1,0,1.7884349822998047,-1.4739751815795898
244,1,cuda_fp32,1,1,-4.332842826843262,4.715309143066406
245,1,cuda_fp32,1,1,-3.0668084621429443,3.2047722339630127
246,1,cuda_fp32,1,1,-4.057131290435791,4.307275772094727
247,1,cuda_fp32,0,0,4.461516857147217,-3.6279470920562744
248,1,cuda_fp32,1,0,1.7867029905319214,-1.449143886566162
249,1,cuda_fp32,1,1,-0.8326104879379272,0.9002768993377686
250,1,cuda_fp32,1,1,-3.996155023574829,4.236231803894043
251,1,cuda_fp32,0,0,4.297220706939697,-3.4877688884735107
252,1,cuda_fp32,1,1,-4.305217266082764,4.674191474914551
253,1,cuda_fp32,0,0,2.444010019302368,-2.034419298171997
254,1,cuda_fp32,0,0,4.505853176116943,-3.6401278972625732
255,1,cuda_fp32,0,0,4.130331516265869,-3.5090463161468506
256,1,cuda_fp32,0,0,2.464033842086792,-2.081655502319336
257,1,cuda_fp32,0,0,4.085124492645264,-3.38629150390625
258,1,cuda_fp32,0,0,4.732282638549805,-3.7774481773376465
259,1,cuda_fp32,1,1,-3.962294340133667,4.202088356018066
260,1,cuda_fp32,0,0,4.0035600662231445,-3.281092643737793
261,1,cuda_fp32,1,1,-4.037683963775635,4.251738548278809
262,1,cuda_fp32,0,0,4.549222946166992,-3.676647186279297
263,1,cuda_fp32,1,1,-4.1538801193237305,4.429797172546387
264,1,cuda_fp32,0,0,4.274766445159912,-3.4441864490509033
265,1,cuda_fp32,0,0,4.514760971069336,-3.6361594200134277
266,1,cuda_fp32,1,0,2.8859617710113525,-2.375298023223877
267,1,cuda_fp32,0,0,2.0353987216949463,-1.6662814617156982
268,1,cuda_fp32,0,0,4.671467304229736,-3.6905391216278076
269,1,cuda_fp32,0,0,3.6735270023345947,-2.9868316650390625
270,1,cuda_fp32,1,1,-4.285183429718018,4.618675708770752
271,1,cuda_fp32,1,0,2.6341660022735596,-2.2077221870422363
272,1,cuda_fp32,0,0,3.290419816970825,-2.803365468978882
273,1,cuda_fp32,1,0,0.9412391185760498,-0.8521440029144287
274,1,cuda_fp32,0,1,-2.7799346446990967,2.82846999168396
275,1,cuda_fp32,1,1,-4.381468296051025,4.694535255432129
276,1,cuda_fp32,1,1,-2.9099647998809814,3.0544002056121826
277,1,cuda_fp32,1,1,-4.18533182144165,4.479610443115234
278,1,cuda_fp32,0,0,3.925295352935791,-3.246220827102661
279,1,cuda_fp32,1,1,-2.6501574516296387,2.6687376499176025
280,1,cuda_fp32,1,1,-4.299055576324463,4.612815856933594
281,1,cuda_fp32,0,0,4.500053405761719,-3.68194580078125
282,1,cuda_fp32,1,0,3.6064388751983643,-3.0204155445098877
283,1,cuda_fp32,1,1,-4.340616703033447,4.652745723724365
284,1,cuda_fp32,0,0,3.317253828048706,-2.8189303874969482
285,1,cuda_fp32,0,0,2.818031072616577,-2.3166792392730713
286,1,cuda_fp32,1,1,-4.197085380554199,4.484396457672119
287,1,cuda_fp32,1,1,-4.199889659881592,4.489540100097656
288,1,cuda_fp32,1,1,-4.012663841247559,4.2388153076171875
289,1,cuda_fp32,1,1,-2.742467164993286,2.9431612491607666
290,1,cuda_fp32,1,1,-4.143650531768799,4.394465446472168
291,1,cuda_fp32,0,0,2.4037587642669678,-1.987736701965332
292,1,cuda_fp32,0,1,-2.45947527885437,2.459855794906616
293,1,cuda_fp32,1,1,-4.10702657699585,4.326065540313721
294,1,cuda_fp32,1,1,-3.6085145473480225,3.8817036151885986
295,1,cuda_fp32,1,1,-3.4395172595977783,3.5892560482025146
296,1,cuda_fp32,0,0,4.292108058929443,-3.540817975997925
297,1,cuda_fp32,1,1,-3.3445818424224854,3.4990055561065674
298,1,cuda_fp32,0,0,4.503123760223389,-3.622600793838501
299,1,cuda_fp32,1,1,-2.631329298019409,2.736492395401001
300,1,cuda_fp32,1,1,-4.2810378074646,4.605881690979004
301,1,cuda_fp32,0,0,0.2029953896999359,0.13883312046527863
302,1,cuda_fp32,1,1,-4.342652797698975,4.670686721801758
303,1,cuda_fp32,1,1,-4.3811821937561035,4.711755275726318
304,1,cuda_fp32,1,1,-3.9035351276397705,4.0579962730407715
305,1,cuda_fp32,0,0,3.8956844806671143,-3.1005923748016357
306,1,cuda_fp32,1,1,-4.124765396118164,4.41259765625
307,1,cuda_fp32,1,1,-4.196983337402344,4.472862243652344
308,1,cuda_fp32,1,1,-3.0269060134887695,3.1200644969940186
309,1,cuda_fp32,1,1,-4.107445240020752,4.44210958480835
310,1,cuda_fp32,1,1,-4.059442520141602,4.31955623626709
311,1,cuda_fp32,1,1,-4.346816539764404,4.686870574951172
312,1,cuda_fp32,0,1,-2.988717555999756,3.1052768230438232
313,1,cuda_fp32,1,1,-4.2546772956848145,4.631893634796143
314,1,cuda_fp32,1,1,-4.329391956329346,4.6900458335876465
315,1,cuda_fp32,0,0,4.7270073890686035,-3.7519729137420654
316,1,cuda_fp32,1,1,-4.33558988571167,4.732952117919922
317,1,cuda_fp32,1,1,-4.339899063110352,4.654906272888184
318,1,cuda_fp32,0,0,2.7271082401275635,-2.301818609237671
319,1,cuda_fp32,0,0,4.6068949699401855,-3.7583484649658203
320,1,cuda_fp32,1,1,-4.339415550231934,4.685865879058838
321,1,cuda_fp32,0,0,2.83927845954895,-2.500434160232544
322,1,cuda_fp32,0,0,3.2389988899230957,-2.7085070610046387
323,1,cuda_fp32,1,1,-2.844161033630371,2.9637444019317627
324,1,cuda_fp32,1,0,1.5392581224441528,-1.398827314376831
325,1,cuda_fp32,1,1,-4.134729862213135,4.410834312438965
326,1,cuda_fp32,1,1,-3.591697931289673,3.8282368183135986
327,1,cuda_fp32,1,1,-4.064574241638184,4.312402725219727
328,1,cuda_fp32,0,0,2.442201852798462,-2.0110886096954346
329,1,cuda_fp32,0,0,4.718359470367432,-3.751641035079956
330,1,cuda_fp32,0,0,3.5189034938812256,-2.9264471530914307
331,1,cuda_fp32,1,1,-3.842611074447632,3.9891042709350586
332,1,cuda_fp32,1,1,-1.7204378843307495,1.8579914569854736
333,1,cuda_fp32,1,1,-3.2084341049194336,3.2702810764312744
334,1,cuda_fp32,1,1,-4.048642635345459,4.34041166305542
335,1,cuda_fp32,0,0,3.846482992172241,-3.1312415599823
336,1,cuda_fp32,1,1,-4.264246463775635,4.632821083068848
337,1,cuda_fp32,0,0,4.744906902313232,-3.821312189102173
338,1,cuda_fp32,0,0,2.384676218032837,-2.0645923614501953
339,1,cuda_fp32,1,1,-4.024281978607178,4.249279022216797
340,1,cuda_fp32,0,0,3.3536455631256104,-2.780885934829712
341,1,cuda_fp32,1,1,-1.471825361251831,1.6278717517852783
342,1,cuda_fp32,0,0,3.306688070297241,-2.7560360431671143
343,1,cuda_fp32,0,0,4.604621410369873,-3.659029722213745
344,1,cuda_fp32,1,1,-3.749173641204834,3.9720938205718994
345,1,cuda_fp32,1,1,-3.9817137718200684,4.200895309448242
346,1,cuda_fp32,0,0,2.9932806491851807,-2.537090539932251
347,1,cuda_fp32,0,0,4.5705742835998535,-3.701615571975708
348,1,cuda_fp32,0,0,4.524139881134033,-3.7007055282592773
349,1,cuda_fp32,0,0,3.1653640270233154,-2.6655404567718506
350,1,cuda_fp32,0,0,3.3502893447875977,-2.843520402908325
351,1,cuda_fp32,1,1,-4.1640472412109375,4.505343437194824
352,1,cuda_fp32,1,1,-3.9183833599090576,4.120220184326172
353,1,cuda_fp32,1,1,-4.368187427520752,4.670870780944824
354,1,cuda_fp32,1,1,-3.839632749557495,4.079906940460205
355,1,cuda_fp32,0,0,4.02705717086792,-3.284353494644165
356,1,cuda_fp32,0,1,-1.689642071723938,1.842780590057373
357,1,cuda_fp32,0,0,2.6866538524627686,-2.236236333847046
358,1,cuda_fp32,1,0,2.453256130218506,-2.1210098266601562
359,1,cuda_fp32,1,1,-3.8492136001586914,4.115451335906982
360,1,cuda_fp32,1,1,-3.969883441925049,4.207818508148193
361,1,cuda_fp32,0,0,4.73600959777832,-3.8097171783447266
362,1,cuda_fp32,1,1,-3.168727397918701,3.324892282485962
363,1,cuda_fp32,0,0,4.604218482971191,-3.7170658111572266
364,1,cuda_fp32,0,0,3.00347900390625,-2.6093153953552246
365,1,cuda_fp32,0,0,2.5455257892608643,-2.2427914142608643
366,1,cuda_fp32,1,1,-4.117920398712158,4.375039100646973
367,1,cuda_fp32,1,1,-3.6866462230682373,3.892909288406372
368,1,cuda_fp32,0,0,4.292150974273682,-3.5732998847961426
369,1,cuda_fp32,1,1,-3.454482316970825,3.5780882835388184
370,1,cuda_fp32,0,0,4.523042678833008,-3.6629130840301514
371,1,cuda_fp32,1,1,-3.3417105674743652,3.457915782928467
372,1,cuda_fp32,1,1,-3.4478418827056885,3.67098069190979
373,1,cuda_fp32,0,0,2.934744358062744,-2.564891815185547
374,1,cuda_fp32,0,0,4.612933158874512,-3.7032830715179443
375,1,cuda_fp32,1,0,1.612420916557312,-1.224774718284607
376,1,cuda_fp32,0,0,4.435560703277588,-3.6323628425598145
377,1,cuda_fp32,0,0,3.850461006164551,-3.1279075145721436
378,1,cuda_fp32,0,0,4.59873628616333,-3.7679507732391357
379,1,cuda_fp32,0,0,4.313899993896484,-3.5382978916168213
380,1,cuda_fp32,0,0,4.772424697875977,-3.801107883453369
381,1,cuda_fp32,1,1,-4.038891315460205,4.261528968811035
382,1,cuda_fp32,0,0,3.171649694442749,-2.616544485092163
383,1,cuda_fp32,1,1,-4.3302435874938965,4.647717475891113
384,1,cuda_fp32,0,0,4.176380634307861,-3.443284273147583
385,1,cuda_fp32,0,0,1.650326132774353,-1.1874219179153442
386,1,cuda_fp32,1,1,-4.340987205505371,4.669235706329346
387,1,cuda_fp32,1,1,-4.170585632324219,4.439777374267578
388,1,cuda_fp32,0,0,3.969341278076172,-3.282040596008301
389,1,cuda_fp32,1,1,-2.4383111000061035,2.494896650314331
390,1,cuda_fp32,0,0,4.665822505950928,-3.795833110809326
391,1,cuda_fp32,0,0,4.255951881408691,-3.4971563816070557
392,1,cuda_fp32,0,0,4.325119495391846,-3.514892578125
393,1,cuda_fp32,1,1,-4.335855007171631,4.725014686584473
394,1,cuda_fp32,1,1,-3.6133511066436768,3.816643476486206
395,1,cuda_fp32,0,1,-0.5195191502571106,0.7523131966590881
396,1,cuda_fp32,1,1,-4.355478286743164,4.700079917907715
397,1,cuda_fp32,1,1,-4.267922878265381,4.581459999084473
398,1,cuda_fp32,1,1,-3.470958948135376,3.575742483139038
399,1,cuda_fp32,0,1,-1.315858244895935,1.328492522239685
400,1,cuda_fp32,1,1,-2.8394815921783447,2.965555429458618
401,1,cuda_fp32,1,1,-1.989392876625061,2.01379132270813
402,1,cuda_fp32,0,0,3.729970693588257,-3.078125238418579
403,1,cuda_fp32,0,0,4.601124286651611,-3.745168924331665
404,1,cuda_fp32,1,1,-4.123669147491455,4.458856582641602
405,1,cuda_fp32,0,1,-0.5185570120811462,0.6940525770187378
406,1,cuda_fp32,1,1,-3.4427473545074463,3.601128578186035
407,1,cuda_fp32,0,0,3.7990520000457764,-3.1687190532684326
408,1,cuda_fp32,0,0,3.817443609237671,-3.161506414413452
409,1,cuda_fp32,0,0,4.743277549743652,-3.8541202545166016
410,1,cuda_fp32,1,1,-3.7157487869262695,3.8552491664886475
411,1,cuda_fp32,0,1,-1.3452346324920654,1.3511698246002197
412,1,cuda_fp32,0,0,2.3441483974456787,-1.988175868988037
413,1,cuda_fp32,0,0,4.603704929351807,-3.6864540576934814
414,1,cuda_fp32,1,1,-4.201927661895752,4.469054222106934
415,1,cuda_fp32,1,1,-4.237452983856201,4.574951648712158
416,1,cuda_fp32,1,1,-3.7987334728240967,4.113885879516602
417,1,cuda_fp32,1,1,-4.1295166015625,4.356914043426514
418,1,cuda_fp32,1,1,-3.149120569229126,3.3003456592559814
419,1,cuda_fp32,0,0,4.710593223571777,-3.8005940914154053
420,1,cuda_fp32,0,0,3.7781333923339844,-3.1074366569519043
421,1,cuda_fp32,1,1,-3.0045459270477295,3.111793279647827
422,1,cuda_fp32,1,1,-0.1759219467639923,0.4235592186450958
423,1,cuda_fp32,0,0,4.465419769287109,-3.6349036693573
424,1,cuda_fp32,1,1,-4.297919750213623,4.6462860107421875
425,1,cuda_fp32,1,1,-3.8176560401916504,3.9853227138519287
426,1,cuda_fp32,1,1,-4.061126232147217,4.282350540161133
427,1,cuda_fp32,1,1,-4.137918949127197,4.413295745849609
428,1,cuda_fp32,1,1,-4.286624431610107,4.633025169372559
429,1,cuda_fp32,0,0,4.632900714874268,-3.7454795837402344
430,1,cuda_fp32,1,1,-4.318491458892822,4.6327009201049805
431,1,cuda_fp32,0,0,3.8798861503601074,-3.2929317951202393
432,1,cuda_fp32,0,0,4.4406561851501465,-3.6278140544891357
433,1,cuda_fp32,1,1,-3.565556526184082,3.7296597957611084
434,1,cuda_fp32,0,0,2.741783380508423,-2.402014970779419
435,1,cuda_fp32,1,1,-3.9686832427978516,4.264883041381836
436,1,cuda_fp32,0,0,4.693397045135498,-3.7827696800231934
437,1,cuda_fp32,1,1,-4.259256362915039,4.570932388305664
438,1,cuda_fp32,1,1,-3.7660300731658936,3.9409446716308594
439,1,cuda_fp32,1,1,-4.362264156341553,4.724838733673096
440,1,cuda_fp32,1,0,0.5946441292762756,-0.3431217670440674
441,1,cuda_fp32,0,0,2.9623260498046875,-2.43818736076355
442,1,cuda_fp32,0,0,3.0917422771453857,-2.570363998413086
443,1,cuda_fp32,1,1,-4.274832248687744,4.606560707092285
444,1,cuda_fp32,0,0,2.0333445072174072,-1.7427027225494385
445,1,cuda_fp32,1,1,-3.4980556964874268,3.687008857727051
446,1,cuda_fp32,0,1,-2.327373504638672,2.378512144088745
447,1,cuda_fp32,1,1,-2.941183090209961,3.010350227355957
448,1,cuda_fp32,1,1,-0.5298081040382385,0.6440922617912292
449,1,cuda_fp32,0,1,-2.1149117946624756,2.0754895210266113
450,1,cuda_fp32,1,1,-4.200850009918213,4.466457366943359
451,1,cuda_fp32,1,1,-3.9237966537475586,4.142855167388916
452,1,cuda_fp32,0,0,4.763331890106201,-3.8075435161590576
453,1,cuda_fp32,1,1,-2.8170852661132812,2.975862979888916
454,1,cuda_fp32,0,0,2.2901480197906494,-1.8387141227722168
455,1,cuda_fp32,1,1,-4.269578456878662,4.525936603546143
456,1,cuda_fp32,0,0,2.937527894973755,-2.428156614303589
457,1,cuda_fp32,1,1,-4.3465142250061035,4.661287307739258
458,1,cuda_fp32,1,1,-3.3530619144439697,3.4868664741516113
459,1,cuda_fp32,1,1,-4.132667064666748,4.413984775543213
460,1,cuda_fp32,1,1,-3.799553155899048,3.9691903591156006
461,1,cuda_fp32,0,0,4.733696937561035,-3.8085134029388428
462,1,cuda_fp32,0,0,4.483870029449463,-3.649597406387329
463,1,cuda_fp32,0,0,4.3545331954956055,-3.513256788253784
464,1,cuda_fp32,1,0,1.3947964906692505,-1.0867173671722412
465,1,cuda_fp32,0,0,2.899710178375244,-2.45453143119812
466,1,cuda_fp32,1,1,-3.7268378734588623,3.859698534011841
467,1,cuda_fp32,1,1,-3.1886942386627197,3.257791042327881
468,1,cuda_fp32,1,1,-4.1406965255737305,4.3857340812683105
469,1,cuda_fp32,0,0,4.539078712463379,-3.716052532196045
470,1,cuda_fp32,1,1,-4.311760902404785,4.669745922088623
471,1,cuda_fp32,0,0,3.960379123687744,-3.290558099746704
472,1,cuda_fp32,1,1,-3.3062214851379395,3.324829578399658
473,1,cuda_fp32,1,1,-3.7196762561798096,3.9637515544891357
474,1,cuda_fp32,0,0,4.656110763549805,-3.720554828643799
475,1,cuda_fp32,1,1,-4.284704208374023,4.624181747436523
476,1,cuda_fp32,0,0,4.156497001647949,-3.4007208347320557
477,1,cuda_fp32,0,1,-1.79832124710083,1.7944097518920898
478,1,cuda_fp32,0,0,1.6566029787063599,-1.384520173072815
479,1,cuda_fp32,1,1,-4.354427814483643,4.668975830078125
480,1,cuda_fp32,1,1,-3.937577486038208,4.16042947769165
481,1,cuda_fp32,1,1,-0.3258829414844513,0.5602121353149414
482,1,cuda_fp32,1,1,-3.820854425430298,4.025755882263184
483,1,cuda_fp32,1,1,-4.0992512702941895,4.375685691833496
484,1,cuda_fp32,1,1,-4.227470397949219,4.5214009284973145
485,1,cuda_fp32,1,1,-4.065683364868164,4.309686660766602
486,1,cuda_fp32,0,0,4.589076042175293,-3.6183860301971436
487,1,cuda_fp32,0,0,3.3074965476989746,-2.7659752368927
488,1,cuda_fp32,1,1,-4.2275919914245605,4.544061660766602
489,1,cuda_fp32,0,0,4.305964946746826,-3.4677798748016357
490,1,cuda_fp32,0,0,4.75267219543457,-3.825732707977295
491,1,cuda_fp32,0,0,3.962433099746704,-3.26177978515625
492,1,cuda_fp32,1,1,-4.365715503692627,4.683262825012207
493,1,cuda_fp32,0,0,4.7070441246032715,-3.71974778175354
494,1,cuda_fp32,0,1,-2.8969409465789795,3.041693687438965
495,1,cuda_fp32,1,1,-1.197518229484558,1.3799524307250977
496,1,cuda_fp32,1,0,1.1333266496658325,-0.9997321963310242
497,1,cuda_fp32,0,0,0.12239251285791397,0.012571743689477444
498,1,cuda_fp32,1,1,-4.1479058265686035,4.432285785675049
499,1,cuda_fp32,1,1,-2.9698102474212646,3.03120493888855
500,1,cuda_fp32,0,0,4.463062763214111,-3.6447947025299072
501,1,cuda_fp32,1,0,2.7296946048736572,-2.354254722595215
502,1,cuda_fp32,0,0,4.754319667816162,-3.8119301795959473
503,1,cuda_fp32,0,0,3.316166639328003,-2.7559008598327637
504,1,cuda_fp32,1,1,-4.375240802764893,4.717370986938477
505,1,cuda_fp32,1,1,-2.8289554119110107,2.9566807746887207
506,1,cuda_fp32,1,1,-3.9292871952056885,4.13681697845459
507,1,cuda_fp32,1,1,-3.826826810836792,4.067591190338135
508,1,cuda_fp32,1,1,-4.2987823486328125,4.602352142333984
509,1,cuda_fp32,1,1,-0.1543009728193283,0.4503299295902252
510,1,cuda_fp32,1,1,-3.5248610973358154,3.725562334060669
511,1,cuda_fp32,1,1,-3.9205620288848877,4.135013580322266
512,1,cuda_fp32,0,0,4.34298849105835,-3.506237506866455
513,1,cuda_fp32,0,0,1.2366098165512085,-0.9053009152412415
514,1,cuda_fp32,1,1,-3.8224802017211914,4.029260158538818
515,1,cuda_fp32,0,0,3.2438807487487793,-2.6404149532318115
516,1,cuda_fp32,0,0,4.222336292266846,-3.4632456302642822
517,1,cuda_fp32,1,1,-2.1421918869018555,2.2403056621551514
518,1,cuda_fp32,1,1,-3.8716835975646973,4.109290599822998
519,1,cuda_fp32,0,1,-3.6433780193328857,3.7528250217437744
520,1,cuda_fp32,1,1,-3.9671685695648193,4.18443489074707
521,1,cuda_fp32,0,0,4.2350263595581055,-3.4431467056274414
522,1,cuda_fp32,0,0,4.373762607574463,-3.6074044704437256
523,1,cuda_fp32,1,1,-4.296738624572754,4.5717692375183105
524,1,cuda_fp32,1,1,-3.6958205699920654,3.8368375301361084
525,1,cuda_fp32,1,1,-4.086306571960449,4.407985687255859
526,1,cuda_fp32,0,0,4.066305637359619,-3.3163399696350098
527,1,cuda_fp32,0,0,0.12163589149713516,-0.02001747488975525
528,1,cuda_fp32,1,1,-3.1723878383636475,3.3427960872650146
529,1,cuda_fp32,0,0,4.291574954986572,-3.5154409408569336
530,1,cuda_fp32,1,1,-4.3084330558776855,4.644509792327881
531,1,cuda_fp32,0,0,4.010134220123291,-3.3173296451568604
532,1,cuda_fp32,1,1,-3.2739040851593018,3.406522274017334
533,1,cuda_fp32,1,1,-3.8928003311157227,4.178547382354736
534,1,cuda_fp32,1,1,-4.325892925262451,4.671587944030762
535,1,cuda_fp32,1,1,-4.022396564483643,4.296838760375977
536,1,cuda_fp32,0,0,4.675105094909668,-3.7928154468536377
537,1,cuda_fp32,1,1,-4.243643760681152,4.514901161193848
538,1,cuda_fp32,0,0,4.770405292510986,-3.837521553039551
539,1,cuda_fp32,0,0,2.373011827468872,-1.9451537132263184
540,1,cuda_fp32,1,1,-3.7982380390167236,4.04848575592041
541,1,cuda_fp32,1,1,-4.312842845916748,4.667537212371826
542,1,cuda_fp32,0,0,4.021435737609863,-3.2632639408111572
543,1,cuda_fp32,0,0,2.475588083267212,-2.102342367172241
544,1,cuda_fp32,0,1,-3.8553006649017334,4.121203899383545
545,1,cuda_fp32,0,0,4.629672050476074,-3.7399821281433105
546,1,cuda_fp32,1,0,1.823616862297058,-1.4882382154464722
547,1,cuda_fp32,0,0,3.5126168727874756,-2.913031816482544
548,1,cuda_fp32,0,0,3.2687132358551025,-2.709728479385376
549,1,cuda_fp32,0,0,4.7656121253967285,-3.797875165939331
550,1,cuda_fp32,0,0,4.6960062980651855,-3.7823827266693115
551,1,cuda_fp32,0,0,3.9144105911254883,-3.2314224243164062
552,1,cuda_fp32,0,0,4.091810703277588,-3.3789222240448
553,1,cuda_fp32,1,1,-4.081766605377197,4.411271095275879
554,1,cuda_fp32,0,0,3.7499356269836426,-3.0940239429473877
555,1,cuda_fp32,0,0,4.48630952835083,-3.666865587234497
556,1,cuda_fp32,0,0,4.49921178817749,-3.6364619731903076
557,1,cuda_fp32,1,1,-4.2519612312316895,4.588571548461914
558,1,cuda_fp32,1,1,-3.1781675815582275,3.2436530590057373
559,1,cuda_fp32,0,0,3.2069013118743896,-2.6957597732543945
560,1,cuda_fp32,0,0,3.4860849380493164,-2.8906142711639404
561,1,cuda_fp32,1,0,2.7609846591949463,-2.329127073287964
562,1,cuda_fp32,0,0,4.61259126663208,-3.685553789138794
563,1,cuda_fp32,1,1,-4.069302082061768,4.258884906768799
564,1,cuda_fp32,0,0,4.227482318878174,-3.417882204055786
565,1,cuda_fp32,1,1,-4.365826606750488,4.688634395599365
566,1,cuda_fp32,0,0,4.405897617340088,-3.6288928985595703
567,1,cuda_fp32,1,1,-4.083529949188232,4.317939758300781
568,1,cuda_fp32,0,0,3.1718757152557373,-2.613787889480591
569,1,cuda_fp32,1,1,-4.37878942489624,4.7138824462890625
570,1,cuda_fp32,1,1,-3.927229166030884,4.082092761993408
571,1,cuda_fp32,0,0,3.637164831161499,-2.987069845199585
572,1,cuda_fp32,0,0,4.505838394165039,-3.5813605785369873
573,1,cuda_fp32,1,1,-4.357333660125732,4.697790145874023
574,1,cuda_fp32,0,0,4.2353129386901855,-3.502882242202759
575,1,cuda_fp32,0,0,3.037578821182251,-2.491621971130371
576,1,cuda_fp32,0,0,4.739461421966553,-3.758216142654419
577,1,cuda_fp32,1,1,-4.11447811126709,4.372365951538086
578,1,cuda_fp32,0,0,3.5658061504364014,-2.991473436355591
579,1,cuda_fp32,0,1,-2.255349636077881,2.242572069168091
580,1,cuda_fp32,0,0,2.476250410079956,-2.012428045272827
581,1,cuda_fp32,0,0,4.695396900177002,-3.772981882095337
582,1,cuda_fp32,0,0,2.8169634342193604,-2.3267595767974854
583,1,cuda_fp32,0,0,3.094865560531616,-2.6583216190338135
584,1,cuda_fp32,0,0,3.263061761856079,-2.7071943283081055
585,1,cuda_fp32,0,0,4.696839332580566,-3.7763030529022217
586,1,cuda_fp32,0,0,4.59127950668335,-3.6349194049835205
587,1,cuda_fp32,0,0,3.865553140640259,-3.186685085296631
588,1,cuda_fp32,1,1,-2.821577787399292,2.888564109802246
589,1,cuda_fp32,1,1,-2.700489044189453,2.7416789531707764
590,1,cuda_fp32,0,0,4.399631977081299,-3.6135239601135254
591,1,cuda_fp32,0,0,4.711054801940918,-3.7441585063934326
592,1,cuda_fp32,0,0,4.549139022827148,-3.6435725688934326
593,1,cuda_fp32,1,1,-3.8823530673980713,4.152454376220703
594,1,cuda_fp32,1,1,-4.209939956665039,4.4664306640625
595,1,cuda_fp32,0,0,1.490449070930481,-1.2626843452453613
596,1,cuda_fp32,0,0,2.9330356121063232,-2.434119701385498
597,1,cuda_fp32,0,0,3.5792076587677,-3.0293052196502686
598,1,cuda_fp32,0,0,4.771553039550781,-3.8434340953826904
599,1,cuda_fp32,0,0,4.770946502685547,-3.8113133907318115
600,1,cuda_fp32,0,0,3.67771053314209,-3.080183267593384
601,1,cuda_fp32,0,0,2.46250319480896,-2.042985439300537
602,1,cuda_fp32,1,1,-3.7316510677337646,4.072003364562988
603,1,cuda_fp32,1,1,-4.349899768829346,4.653146743774414
604,1,cuda_fp32,0,1,-1.9380112886428833,1.932358741760254
605,1,cuda_fp32,1,1,-2.9526524543762207,3.01081919670105
606,1,cuda_fp32,0,0,3.976661205291748,-3.339876890182495
607,1,cuda_fp32,1,1,-2.9748919010162354,3.236344814300537
608,1,cuda_fp32,1,1,-3.492142915725708,3.6086182594299316
609,1,cuda_fp32,1,1,-2.991586446762085,3.034592866897583
610,1,cuda_fp32,0,0,2.4310028553009033,-2.1010243892669678
611,1,cuda_fp32,1,1,-3.321053981781006,3.5152101516723633
612,1,cuda_fp32,0,1,-2.14734148979187,2.2745912075042725
613,1,cuda_fp32,1,1,-2.227325201034546,2.2423248291015625
614,1,cuda_fp32,1,1,-3.9331700801849365,4.220864295959473
615,1,cuda_fp32,0,0,3.9069736003875732,-3.2127392292022705
616,1,cuda_fp32,1,1,-3.7748453617095947,3.9679298400878906
617,1,cuda_fp32,0,0,0.3405378758907318,-0.1808646321296692
618,1,cuda_fp32,0,0,1.6636433601379395,-1.329099178314209
619,1,cuda_fp32,0,0,4.499898910522461,-3.705162763595581
620,1,cuda_fp32,0,0,2.6275861263275146,-2.216632604598999
621,1,cuda_fp32,1,1,-4.16315221786499,4.394552230834961
622,1,cuda_fp32,1,1,-3.860640287399292,4.074862480163574
623,1,cuda_fp32,1,1,-4.170034885406494,4.483297348022461
624,1,cuda_fp32,1,1,-3.6450564861297607,3.860464096069336
625,1,cuda_fp32,1,1,-4.34042501449585,4.678309440612793
626,1,cuda_fp32,1,0,1.3128012418746948,-1.0312145948410034
627,1,cuda_fp32,0,0,4.761232376098633,-3.7780635356903076
628,1,cuda_fp32,1,1,-3.8681464195251465,4.161162376403809
629,1,cuda_fp32,0,0,3.5379951000213623,-3.020643711090088
630,1,cuda_fp32,1,1,-3.2937376499176025,3.3801839351654053
631,1,cuda_fp32,0,0,4.200185775756836,-3.339543104171753
632,1,cuda_fp32,0,0,4.51153039932251,-3.6768832206726074
633,1,cuda_fp32,1,1,-2.567631483078003,2.745926856994629
634,1,cuda_fp32,1,1,-3.798785448074341,3.957904577255249
635,1,cuda_fp32,0,0,3.985761880874634,-3.3389456272125244
636,1,cuda_fp32,1,1,-3.8991637229919434,4.18204927444458
637,1,cuda_fp32,0,0,4.408531665802002,-3.621115207672119
638,1,cuda_fp32,1,1,-3.9409425258636475,4.179238319396973
639,1,cuda_fp32,0,0,4.551219463348389,-3.685868501663208
640,1,cuda_fp32,1,1,-4.292284965515137,4.627223491668701
641,1,cuda_fp32,1,1,-4.217341899871826,4.505746841430664
642,1,cuda_fp32,0,0,4.3152570724487305,-3.549842596054077
643,1,cuda_fp32,1,1,-0.15991435945034027,0.21288755536079407
644,1,cuda_fp32,1,1,-3.824164867401123,4.032405853271484
645,1,cuda_fp32,0,0,1.493463158607483,-1.1246416568756104
646,1,cuda_fp32,0,1,-3.785005807876587,4.100659370422363
647,1,cuda_fp32,0,0,4.766493320465088,-3.779413938522339
648,1,cuda_fp32,1,1,-2.928133726119995,3.0870115756988525
649,1,cuda_fp32,0,0,4.646949291229248,-3.785102128982544
650,1,cuda_fp32,0,0,4.113213062286377,-3.4053070545196533
651,1,cuda_fp32,0,0,4.217146396636963,-3.408168077468872
652,1,cuda_fp32,0,0,4.684287071228027,-3.727569818496704
653,1,cuda_fp32,0,0,4.61392068862915,-3.7258458137512207
654,1,cuda_fp32,0,0,4.512908935546875,-3.6569411754608154
655,1,cuda_fp32,1,1,-4.200252532958984,4.485970497131348
656,1,cuda_fp32,1,0,1.9522446393966675,-1.6715331077575684
657,1,cuda_fp32,0,0,3.957193613052368,-3.2837204933166504
658,1,cuda_fp32,1,1,-4.347875595092773,4.665121078491211
659,1,cuda_fp32,0,0,3.2887189388275146,-2.723280429840088
660,1,cuda_fp32,1,1,-4.160616397857666,4.506397724151611
661,1,cuda_fp32,0,0,3.971031427383423,-3.3034889698028564
662,1,cuda_fp32,0,0,4.564549446105957,-3.6179921627044678
663,1,cuda_fp32,1,1,-3.318413257598877,3.4171035289764404
664,1,cuda_fp32,1,1,-3.86295485496521,4.06082820892334
665,1,cuda_fp32,1,1,-3.3207154273986816,3.495891809463501
666,1,cuda_fp32,1,1,-4.078760623931885,4.408062934875488
667,1,cuda_fp32,1,0,0.9361737370491028,-0.7662183046340942
668,1,cuda_fp32,0,0,3.8069753646850586,-3.1180920600891113
669,1,cuda_fp32,1,1,-4.2120184898376465,4.568692207336426
670,1,cuda_fp32,0,0,1.484176754951477,-1.1344757080078125
671,1,cuda_fp32,1,1,-3.825989007949829,4.067480564117432
672,1,cuda_fp32,0,0,3.8480565547943115,-3.135166883468628
673,1,cuda_fp32,1,0,1.5891871452331543,-1.189835548400879
674,1,cuda_fp32,1,1,-3.5037519931793213,3.687329053878784
675,1,cuda_fp32,1,1,-4.206634044647217,4.534157752990723
676,1,cuda_fp32,0,0,4.303853988647461,-3.501239061355591
677,1,cuda_fp32,1,1,-3.498023509979248,3.658348798751831
678,1,cuda_fp32,1,1,-3.776188611984253,4.019828796386719
679,1,cuda_fp32,1,1,-4.059006214141846,4.352776527404785
680,1,cuda_fp32,1,1,-3.684584856033325,3.9034388065338135
681,1,cuda_fp32,0,0,4.4036030769348145,-3.628502607345581
682,1,cuda_fp32,0,0,4.663685321807861,-3.727708578109741
683,1,cuda_fp32,1,0,0.4881935715675354,-0.31779682636260986
684,1,cuda_fp32,1,1,-2.1998581886291504,2.2873430252075195
685,1,cuda_fp32,1,0,3.6311707496643066,-3.017820358276367
686,1,cuda_fp32,1,1,-4.222127437591553,4.5140485763549805
687,1,cuda_fp32,0,0,4.34627103805542,-3.5889551639556885
688,1,cuda_fp32,0,0,2.1251728534698486,-1.7554004192352295
689,1,cuda_fp32,0,0,2.676560163497925,-2.3096730709075928
690,1,cuda_fp32,0,0,4.7010064125061035,-3.7459828853607178
691,1,cuda_fp32,1,1,-3.440953493118286,3.600029706954956
692,1,cuda_fp32,0,1,-1.3274747133255005,1.4979774951934814
693,1,cuda_fp32,0,0,4.637213706970215,-3.7451930046081543
694,1,cuda_fp32,0,0,3.8167612552642822,-3.0528993606567383
695,1,cuda_fp32,0,1,-3.4814131259918213,3.6151604652404785
696,1,cuda_fp32,1,1,-3.4215972423553467,3.581044912338257
697,1,cuda_fp32,1,1,-0.6854358911514282,0.7903726100921631
698,1,cuda_fp32,1,1,-3.6342990398406982,3.9016921520233154
699,1,cuda_fp32,1,0,2.7200167179107666,-2.292341709136963
700,1,cuda_fp32,0,0,2.043484926223755,-1.5222339630126953
701,1,cuda_fp32,0,0,2.798830986022949,-2.3685977458953857
702,1,cuda_fp32,0,1,-2.07243275642395,2.1582682132720947
703,1,cuda_fp32,0,0,3.5992400646209717,-2.995091676712036
704,1,cuda_fp32,0,1,-0.8151982426643372,0.9092653393745422
705,1,cuda_fp32,0,0,3.30153751373291,-2.7605466842651367
706,1,cuda_fp32,0,0,4.3090362548828125,-3.4659223556518555
707,1,cuda_fp32,0,0,1.2722493410110474,-1.1068156957626343
708,1,cuda_fp32,1,1,-4.346207141876221,4.687422275543213
709,1,cuda_fp32,0,0,4.605672836303711,-3.7232182025909424
710,1,cuda_fp32,0,0,2.6304705142974854,-2.229031562805176
711,1,cuda_fp32,0,0,4.769749164581299,-3.8235597610473633
712,1,cuda_fp32,0,0,3.6255791187286377,-3.058995008468628
713,1,cuda_fp32,0,0,3.8433656692504883,-3.178138494491577
714,1,cuda_fp32,1,1,-4.337818622589111,4.702337265014648
715,1,cuda_fp32,0,0,3.535959482192993,-2.9800164699554443
716,1,cuda_fp32,0,0,3.4631922245025635,-2.8825528621673584
717,1,cuda_fp32,1,1,-4.356893062591553,4.665218353271484
718,1,cuda_fp32,1,1,-4.19282865524292,4.476563453674316
719,1,cuda_fp32,0,0,3.8661468029022217,-3.301098108291626
720,1,cuda_fp32,1,1,-3.934138536453247,4.118466377258301
721,1,cuda_fp32,1,1,-4.302593231201172,4.585451126098633
722,1,cuda_fp32,0,0,3.99548602104187,-3.2873806953430176
723,1,cuda_fp32,1,1,-4.338488578796387,4.664886474609375
724,1,cuda_fp32,0,1,-3.219804048538208,3.4096338748931885
725,1,cuda_fp32,1,1,-3.9711086750030518,4.243281841278076
726,1,cuda_fp32,1,1,-4.133080005645752,4.372936248779297
727,1,cuda_fp32,0,0,2.510613203048706,-2.160994052886963
728,1,cuda_fp32,1,1,-2.2967894077301025,2.3952698707580566
729,1,cuda_fp32,1,1,-4.198770046234131,4.580073356628418
730,1,cuda_fp32,0,0,4.665419578552246,-3.761547803878784
731,1,cuda_fp32,0,0,3.1750268936157227,-2.6217844486236572
732,1,cuda_fp32,0,0,4.472323894500732,-3.605764627456665
733,1,cuda_fp32,0,0,0.7815491557121277,-0.5564316511154175
734,1,cuda_fp32,0,0,1.5817209482192993,-1.1984596252441406
735,1,cuda_fp32,0,1,-1.8030837774276733,1.9082884788513184
736,1,cuda_fp32,0,1,-2.7647080421447754,2.8557612895965576
737,1,cuda_fp32,1,1,-4.235010147094727,4.556862831115723
738,1,cuda_fp32,1,1,-4.216394424438477,4.550009727478027
739,1,cuda_fp32,1,1,-4.156346321105957,4.4598822593688965
740,1,cuda_fp32,1,1,-3.790421724319458,4.004944801330566
741,1,cuda_fp32,1,0,1.2366212606430054,-0.9794092178344727
742,1,cuda_fp32,1,1,-3.675604820251465,3.8335673809051514
743,1,cuda_fp32,0,0,2.1890709400177,-1.848951816558838
744,1,cuda_fp32,1,1,-3.58957839012146,3.764664649963379
745,1,cuda_fp32,0,0,4.578119277954102,-3.75415301322937
746,1,cuda_fp32,1,1,-4.249050617218018,4.581159591674805
747,1,cuda_fp32,1,1,-3.7898552417755127,4.025929927825928
748,1,cuda_fp32,0,0,3.926271677017212,-3.2003695964813232
749,1,cuda_fp32,1,0,1.9296866655349731,-1.6342209577560425
750,1,cuda_fp32,0,0,2.3824174404144287,-2.0670881271362305
751,1,cuda_fp32,0,0,4.70326042175293,-3.7865235805511475
752,1,cuda_fp32,0,0,3.818615674972534,-3.121734380722046
753,1,cuda_fp32,1,1,-2.3391478061676025,2.4445817470550537
754,1,cuda_fp32,1,1,-4.078503608703613,4.391016006469727
755,1,cuda_fp32,1,1,-4.239349842071533,4.552397727966309
756,1,cuda_fp32,0,0,3.2449817657470703,-2.753809690475464
757,1,cuda_fp32,0,0,2.6100378036499023,-2.186652421951294
758,1,cuda_fp32,1,1,-4.332061290740967,4.647355079650879
759,1,cuda_fp32,0,0,2.8490633964538574,-2.4181230068206787
760,1,cuda_fp32,1,0,1.5213297605514526,-1.288142204284668
761,1,cuda_fp32,0,0,4.632079601287842,-3.743727207183838
762,1,cuda_fp32,1,1,-4.341076374053955,4.702243328094482
763,1,cuda_fp32,1,1,-3.4378788471221924,3.611884593963623
764,1,cuda_fp32,0,1,-2.8282432556152344,2.9292283058166504
765,1,cuda_fp32,0,0,3.681426763534546,-3.0312726497650146
766,1,cuda_fp32,1,1,-3.5516231060028076,3.698110818862915
767,1,cuda_fp32,1,1,-4.043606758117676,4.30943489074707
768,1,cuda_fp32,1,1,-3.751465320587158,3.9120399951934814
769,1,cuda_fp32,1,1,-4.250072479248047,4.524016380310059
770,1,cuda_fp32,0,1,-0.8474294543266296,0.9070762395858765
771,1,cuda_fp32,0,1,-2.3408727645874023,2.368133783340454
772,1,cuda_fp32,1,1,-4.137161731719971,4.406258583068848
773,1,cuda_fp32,1,1,-4.006479740142822,4.273185729980469
774,1,cuda_fp32,0,0,4.116311073303223,-3.373889207839966
775,1,cuda_fp32,0,0,1.3273437023162842,-1.1398723125457764
776,1,cuda_fp32,0,0,4.751841068267822,-3.806666851043701
777,1,cuda_fp32,1,1,-3.9071080684661865,4.101179122924805
778,1,cuda_fp32,1,1,-4.341461658477783,4.692751407623291
779,1,cuda_fp32,0,0,4.170823574066162,-3.415628671646118
780,1,cuda_fp32,1,1,-3.9236819744110107,4.142045974731445
781,1,cuda_fp32,0,0,4.135488033294678,-3.3991386890411377
782,1,cuda_fp32,1,1,-0.5286654829978943,0.6175611019134521
783,1,cuda_fp32,1,1,-3.9014923572540283,4.109978675842285
784,1,cuda_fp32,1,1,-4.250765323638916,4.558821678161621
785,1,cuda_fp32,1,1,-2.737509250640869,2.7595155239105225
786,1,cuda_fp32,0,0,3.194991111755371,-2.7763781547546387
787,1,cuda_fp32,0,0,3.1140530109405518,-2.5777788162231445
788,1,cuda_fp32,1,1,-3.990748405456543,4.266631603240967
789,1,cuda_fp32,0,0,2.118765354156494,-1.729460597038269
790,1,cuda_fp32,0,0,4.0590643882751465,-3.3470022678375244
791,1,cuda_fp32,0,1,-4.105314254760742,4.369913101196289
792,1,cuda_fp32,1,1,-4.335926532745361,4.715699672698975
793,1,cuda_fp32,1,1,-3.1908457279205322,3.3024256229400635
794,1,cuda_fp32,1,1,-3.5856616497039795,3.7741241455078125
795,1,cuda_fp32,0,0,4.5023627281188965,-3.5937860012054443
796,1,cuda_fp32,1,1,-4.238877773284912,4.4947710037231445
797,1,cuda_fp32,0,0,4.717381477355957,-3.750462293624878
798,1,cuda_fp32,0,0,4.030227184295654,-3.3661949634552
799,1,cuda_fp32,1,1,-4.360461711883545,4.696685791015625
800,1,cuda_fp32,0,0,3.1466610431671143,-2.6740190982818604
801,1,cuda_fp32,0,0,2.2619903087615967,-1.9341461658477783
802,1,cuda_fp32,0,0,2.426048517227173,-1.988677978515625
803,1,cuda_fp32,1,1,-2.877286672592163,2.9563159942626953
804,1,cuda_fp32,0,0,3.7868096828460693,-3.128032684326172
805,1,cuda_fp32,0,0,0.4369213283061981,-0.18688392639160156
806,1,cuda_fp32,1,1,-4.116652488708496,4.397281169891357
807,1,cuda_fp32,1,1,-4.36903715133667,4.746373176574707
808,1,cuda_fp32,1,1,-4.401824474334717,4.7434916496276855
809,1,cuda_fp32,1,1,-4.289352893829346,4.595708847045898
810,1,cuda_fp32,1,1,-4.285362720489502,4.652904033660889
811,1,cuda_fp32,0,0,2.9776909351348877,-2.5709850788116455
812,1,cuda_fp32,1,1,-1.5366021394729614,1.6379354000091553
813,1,cuda_fp32,0,0,0.3599945902824402,-0.14853394031524658
814,1,cuda_fp32,0,0,4.62789249420166,-3.6998724937438965
815,1,cuda_fp32,1,1,-4.379663467407227,4.716062545776367
816,1,cuda_fp32,1,1,-3.4941956996917725,3.6402900218963623
817,1,cuda_fp32,1,1,-4.360642910003662,4.699521064758301
818,1,cuda_fp32,0,0,3.0769712924957275,-2.53106427192688
819,1,cuda_fp32,0,0,2.3652312755584717,-1.984494686126709
820,1,cuda_fp32,1,1,-4.351099491119385,4.662252426147461
821,1,cuda_fp32,1,1,-4.320424556732178,4.639874458312988
822,1,cuda_fp32,0,0,4.61735200881958,-3.7504937648773193
823,1,cuda_fp32,1,1,-1.8548048734664917,1.9670833349227905
824,1,cuda_fp32,0,0,2.9927241802215576,-2.3657405376434326
825,1,cuda_fp32,1,1,-4.276432514190674,4.5556416511535645
826,1,cuda_fp32,1,1,-4.281940937042236,4.563868522644043
827,1,cuda_fp32,0,0,2.8870201110839844,-2.4109690189361572
828,1,cuda_fp32,0,0,3.193162679672241,-2.7137749195098877
829,1,cuda_fp32,0,1,-3.018789291381836,3.1928133964538574
830,1,cuda_fp32,1,1,-2.737318754196167,2.8122622966766357
831,1,cuda_fp32,1,1,-3.1356942653656006,3.2317540645599365
832,1,cuda_fp32,0,1,-1.4100112915039062,1.4431774616241455
833,1,cuda_fp32,0,0,4.368475437164307,-3.5716283321380615
834,1,cuda_fp32,1,1,-3.1213037967681885,3.2979514598846436
835,1,cuda_fp32,1,1,-4.34798002243042,4.666608810424805
836,1,cuda_fp32,0,0,4.536715984344482,-3.7160961627960205
837,1,cuda_fp32,1,1,-4.243662357330322,4.487639904022217
838,1,cuda_fp32,0,0,3.04876446723938,-2.5072009563446045
839,1,cuda_fp32,0,0,4.604040145874023,-3.7111382484436035
840,1,cuda_fp32,0,0,3.95442271232605,-3.2206315994262695
841,1,cuda_fp32,1,1,-3.575786828994751,3.7836618423461914
842,1,cuda_fp32,0,0,3.018450975418091,-2.510718584060669
843,1,cuda_fp32,0,0,3.429205894470215,-2.8151845932006836
844,1,cuda_fp32,0,0,4.660569190979004,-3.740349054336548
845,1,cuda_fp32,0,0,4.150506496429443,-3.409158945083618
846,1,cuda_fp32,0,1,-2.222242593765259,2.299421787261963
847,1,cuda_fp32,1,1,0.048743169754743576,0.14834682643413544
848,1,cuda_fp32,1,1,-4.26018762588501,4.578135967254639
849,1,cuda_fp32,1,1,-3.3725316524505615,3.481675863265991
850,1,cuda_fp32,1,1,-2.661864995956421,2.706563711166382
851,1,cuda_fp32,0,0,3.8987557888031006,-3.16166615486145
852,1,cuda_fp32,0,0,2.3517379760742188,-1.9688773155212402
853,1,cuda_fp32,1,1,-2.4865739345550537,2.5539844036102295
854,1,cuda_fp32,0,0,4.080685138702393,-3.2981226444244385
855,1,cuda_fp32,1,1,-4.155616283416748,4.442814826965332
856,1,cuda_fp32,1,1,-2.520962953567505,2.680757761001587
857,1,cuda_fp32,1,1,-3.973867654800415,4.209714889526367
858,1,cuda_fp32,1,1,-4.276750087738037,4.63967752456665
859,1,cuda_fp32,1,1,-4.310284614562988,4.708578586578369
860,1,cuda_fp32,1,1,-4.1682963371276855,4.498216152191162
861,1,cuda_fp32,1,1,-3.170133590698242,3.259613513946533
862,1,cuda_fp32,0,0,0.7728515267372131,-0.48292261362075806
863,1,cuda_fp32,0,0,1.8377333879470825,-1.489091157913208
864,1,cuda_fp32,0,0,4.726070880889893,-3.8145997524261475
865,1,cuda_fp32,1,1,-0.38870343565940857,0.49593907594680786
866,1,cuda_fp32,1,1,-3.3858542442321777,3.543046474456787
867,1,cuda_fp32,0,0,2.1451547145843506,-1.819383978843689
868,1,cuda_fp32,1,1,-4.034764766693115,4.265737056732178
869,1,cuda_fp32,0,0,1.3311115503311157,-1.0307880640029907
870,1,cuda_fp32,0,0,3.6481478214263916,-3.016188621520996
871,1,cuda_fp32,1,0,0.7629098296165466,-0.492326945066452
0,1,cuda_fp16,1,1,-4.359375,4.69921875
1,1,cuda_fp16,0,0,3.724609375,-3.150390625
2,1,cuda_fp16,1,1,-3.87109375,4.05859375
3,1,cuda_fp16,1,1,-3.90625,4.203125
4,1,cuda_fp16,0,0,4.48046875,-3.59765625
5,1,cuda_fp16,1,1,-4.21875,4.45703125
6,1,cuda_fp16,0,0,4.18359375,-3.42578125
7,1,cuda_fp16,0,0,2.611328125,-2.18359375
8,1,cuda_fp16,1,1,-2.431640625,2.47265625
9,1,cuda_fp16,0,0,3.962890625,-3.234375
10,1,cuda_fp16,1,1,-4.359375,4.703125
11,1,cuda_fp16,0,0,4.390625,-3.63671875
12,1,cuda_fp16,0,0,4.78125,-3.814453125
13,1,cuda_fp16,1,1,-1.49609375,1.6142578125
14,1,cuda_fp16,0,0,4.64453125,-3.736328125
15,1,cuda_fp16,1,1,-4.375,4.71484375
16,1,cuda_fp16,1,1,-3.701171875,3.87109375
17,1,cuda_fp16,1,1,-4.109375,4.40234375
18,1,cuda_fp16,0,0,3.9453125,-3.29296875
19,1,cuda_fp16,0,0,4.2890625,-3.501953125
20,1,cuda_fp16,0,0,2.03125,-1.7333984375
21,1,cuda_fp16,0,0,1.6640625,-1.3779296875
22,1,cuda_fp16,0,1,-2.283203125,2.39453125
23,1,cuda_fp16,1,1,-4.36328125,4.69140625
24,1,cuda_fp16,1,1,-2.73828125,2.91796875
25,1,cuda_fp16,0,0,4.359375,-3.591796875
26,1,cuda_fp16,0,0,3.388671875,-2.86328125
27,1,cuda_fp16,1,1,-3.908203125,4.1171875
28,1,cuda_fp16,0,0,2.53125,-2.23046875
29,1,cuda_fp16,0,0,3.1015625,-2.712890625
30,1,cuda_fp16,1,1,-4.3203125,4.6796875
31,1,cuda_fp16,0,0,3.056640625,-2.630859375
32,1,cuda_fp16,1,1,-4.3671875,4.7265625
33,1,cuda_fp16,0,0,1.5947265625,-1.322265625
34,1,cuda_fp16,0,0,4.75,-3.84765625
35,1,cuda_fp16,0,0,4.50390625,-3.6640625
36,1,cuda_fp16,1,1,-3.43359375,3.611328125
37,1,cuda_fp16,0,0,2.31640625,-2.017578125
38,1,cuda_fp16,1,1,-3.416015625,3.626953125
39,1,cuda_fp16,1,1,-4.078125,4.3046875
40,1,cuda_fp16,1,1,-4.3671875,4.73046875
41,1,cuda_fp16,1,1,-3.9296875,4.1171875
42,1,cuda_fp16,1,1,-4.0703125,4.33984375
43,1,cuda_fp16,1,1,-4.2109375,4.48046875
44,1,cuda_fp16,0,0,2.94140625,-2.474609375
45,1,cuda_fp16,0,0,3.23046875,-2.67578125
46,1,cuda_fp16,0,0,1.7509765625,-1.416015625
47,1,cuda_fp16,1,1,-4.30859375,4.59375
48,1,cuda_fp16,1,1,-4.1953125,4.50390625
49,1,cuda_fp16,0,0,4.65234375,-3.7578125
50,1,cuda_fp16,0,0,3.96875,-3.173828125
51,1,cuda_fp16,1,1,-4.19921875,4.453125
52,1,cuda_fp16,1,1,-3.17578125,3.41015625
53,1,cuda_fp16,1,1,-4.02734375,4.23046875
54,1,cuda_fp16,0,0,3.861328125,-3.154296875
55,1,cuda_fp16,1,1,-4.31640625,4.6171875
56,1,cuda_fp16,0,0,4.3984375,-3.615234375
57,1,cuda_fp16,0,0,3.1875,-2.736328125
58,1,cuda_fp16,0,0,3.408203125,-2.8671875
59,1,cuda_fp16,0,0,1.1015625,-0.84814453125
60,1,cuda_fp16,1,1,-4.21875,4.5078125
61,1,cuda_fp16,0,0,4.42578125,-3.611328125
62,1,cuda_fp16,1,1,-2.205078125,2.3359375
63,1,cuda_fp16,1,1,-4.05078125,4.30859375
64,1,cuda_fp16,0,1,-0.83349609375,0.9736328125
65,1,cuda_fp16,0,0,3.421875,-2.912109375
66,1,cuda_fp16,1,1,-0.7236328125,0.87744140625
67,1,cuda_fp16,1,1,-4.375,4.75
68,1,cuda_fp16,1,1,-3.076171875,3.224609375
69,1,cuda_fp16,0,0,1.0751953125,-0.72900390625
70,1,cuda_fp16,0,0,3.001953125,-2.48828125
71,1,cuda_fp16,1,1,-4.27734375,4.5546875
72,1,cuda_fp16,1,1,-3.853515625,4.0546875
73,1,cuda_fp16,1,1,-1.7490234375,1.8916015625
74,1,cuda_fp16,0,0,4.16015625,-3.46484375
75,1,cuda_fp16,1,1,-4.1640625,4.42578125
76,1,cuda_fp16,0,0,4.63671875,-3.6796875
77,1,cuda_fp16,1,1,-4.12890625,4.4140625
78,1,cuda_fp16,1,1,-4.1875,4.45703125
79,1,cuda_fp16,0,0,4.3515625,-3.54296875
80,1,cuda_fp16,1,1,-4.24609375,4.578125
81,1,cuda_fp16,0,0,4.35546875,-3.583984375
82,1,cuda_fp16,0,0,1.3662109375,-1.0927734375
83,1,cuda_fp16,1,1,-1.076171875,1.146484375
84,1,cuda_fp16,1,1,-4.11328125,4.359375
85,1,cuda_fp16,1,1,-3.724609375,3.92578125
86,1,cuda_fp16,0,0,4.4140625,-3.583984375
87,1,cuda_fp16,1,0,3.001953125,-2.541015625
88,1,cuda_fp16,1,1,-3.04296875,3.193359375
89,1,cuda_fp16,1,1,-2.935546875,3.01953125
90,1,cuda_fp16,1,1,-3.998046875,4.203125
91,1,cuda_fp16,1,1,-4.18359375,4.42578125
92,1,cuda_fp16,0,1,-3.208984375,3.30859375
93,1,cuda_fp16,1,0,4.0546875,-3.349609375
94,1,cuda_fp16,1,1,-4.08984375,4.31640625
95,1,cuda_fp16,0,1,-3.583984375,3.693359375
96,1,cuda_fp16,0,0,3.283203125,-2.73828125
97,1,cuda_fp16,1,1,-2.61328125,2.634765625
98,1,cuda_fp16,0,0,4.79296875,-3.814453125
99,1,cuda_fp16,0,0,3.263671875,-2.716796875
100,1,cuda_fp16,1,1,-4.15234375,4.40234375
101,1,cuda_fp16,0,0,3.275390625,-2.724609375
102,1,cuda_fp16,1,1,-2.17578125,2.212890625
103,1,cuda_fp16,1,1,-4.3125,4.62890625
104,1,cuda_fp16,1,1,-3.146484375,3.279296875
105,1,cuda_fp16,0,0,2.2421875,-1.87109375
106,1,cuda_fp16,1,1,-3.703125,3.916015625
107,1,cuda_fp16,0,1,-1.3759765625,1.3876953125
108,1,cuda_fp16,0,0,2.908203125,-2.349609375
109,1,cuda_fp16,1,1,-4.3203125,4.609375
110,1,cuda_fp16,0,0,4.51171875,-3.541015625
111,1,cuda_fp16,0,0,3.93359375,-3.1640625
112,1,cuda_fp16,1,1,-1.94921875,2.083984375
113,1,cuda_fp16,0,0,4.7109375,-3.748046875
114,1,cuda_fp16,1,1,-4.02734375,4.2578125
115,1,cuda_fp16,0,1,-2.818359375,2.935546875
116,1,cuda_fp16,1,1,-4.19140625,4.4921875
117,1,cuda_fp16,1,1,-4.02734375,4.26953125
118,1,cuda_fp16,0,1,-2.11328125,2.234375
119,1,cuda_fp16,0,0,2.541015625,-2.212890625
120,1,cuda_fp16,1,1,-4.26171875,4.53515625
121,1,cuda_fp16,0,1,-2.98046875,3.109375
122,1,cuda_fp16,1,1,-2.109375,2.12890625
123,1,cuda_fp16,1,0,2.677734375,-2.21875
124,1,cuda_fp16,1,1,-3.47265625,3.703125
125,1,cuda_fp16,1,1,-4.328125,4.66015625
126,1,cuda_fp16,0,0,2.2265625,-1.7890625
127,1,cuda_fp16,0,0,4.3828125,-3.53125
128,1,cuda_fp16,1,1,-4.0234375,4.2734375
129,1,cuda_fp16,1,1,-4.36328125,4.703125
130,1,cuda_fp16,0,0,4.7578125,-3.7421875
131,1,cuda_fp16,0,0,4.56640625,-3.658203125
132,1,cuda_fp16,1,1,-4.23828125,4.609375
133,1,cuda_fp16,0,0,4.21484375,-3.486328125
134,1,cuda_fp16,0,0,3.90625,-3.263671875
135,1,cuda_fp16,0,1,-1.1650390625,1.30859375
136,1,cuda_fp16,0,0,3.626953125,-3.041015625
137,1,cuda_fp16,0,0,4.56640625,-3.75
138,1,cuda_fp16,1,1,-4.1484375,4.51171875
139,1,cuda_fp16,0,0,4.3515625,-3.482421875
140,1,cuda_fp16,0,0,4.34375,-3.55859375
141,1,cuda_fp16,0,0,4.72265625,-3.748046875
142,1,cuda_fp16,1,0,2.595703125,-2.189453125
143,1,cuda_fp16,1,1,-3.740234375,3.97265625
144,1,cuda_fp16,0,0,4.5390625,-3.66796875
145,1,cuda_fp16,0,1,-0.79443359375,0.97021484375
146,1,cuda_fp16,1,1,-4.2578125,4.515625
147,1,cuda_fp16,0,0,1.9150390625,-1.7216796875
148,1,cuda_fp16,0,0,4.703125,-3.822265625
149,1,cuda_fp16,1,1,-2.30078125,2.302734375
150,1,cuda_fp16,1,1,-4.08984375,4.5078125
151,1,cuda_fp16,1,1,-4.1796875,4.484375
152,1,cuda_fp16,1,1,-3.32421875,3.396484375
153,1,cuda_fp16,0,0,3.6875,-2.986328125
154,1,cuda_fp16,1,1,-4.015625,4.23828125
155,1,cuda_fp16,0,0,3.9609375,-3.2890625
156,1,cuda_fp16,1,1,-3.955078125,4.21875
157,1,cuda_fp16,0,0,4.4609375,-3.666015625
158,1,cuda_fp16,0,1,-2.46875,2.572265625
159,1,cuda_fp16,1,1,-4.22265625,4.5703125
160,1,cuda_fp16,0,0,4.62109375,-3.70703125
161,1,cuda_fp16,0,0,3.859375,-3.20703125
162,1,cuda_fp16,0,0,4.54296875,-3.6328125
163,1,cuda_fp16,0,0,3.560546875,-2.89453125
164,1,cuda_fp16,1,1,-3.6640625,3.8359375
165,1,cuda_fp16,0,0,3.75,-3.087890625
166,1,cuda_fp16,0,0,3.671875,-3.03125
167,1,cuda_fp16,0,0,4.57421875,-3.630859375
168,1,cuda_fp16,1,1,-4.35546875,4.73046875
169,1,cuda_fp16,1,1,-4.2109375,4.5390625
170,1,cuda_fp16,1,1,-4.37890625,4.734375
171,1,cuda_fp16,0,1,-1.853515625,1.9345703125
172,1,cuda_fp16,1,1,-0.460205078125,0.62548828125
173,1,cuda_fp16,0,0,4.4296875,-3.64453125
174,1,cuda_fp16,1,1,-3.841796875,4.0859375
175,1,cuda_fp16,1,1,-3.16015625,3.314453125
176,1,cuda_fp16,0,0,1.724609375,-1.4111328125
177,1,cuda_fp16,0,0,4.20703125,-3.421875
178,1,cuda_fp16,0,0,0.42041015625,-0.280029296875
179,1,cuda_fp16,1,1,-4.359375,4.734375
180,1,cuda_fp16,0,0,2.943359375,-2.421875
181,1,cuda_fp16,0,0,4.625,-3.703125
182,1,cuda_fp16,0,0,4.21484375,-3.423828125
183,1,cuda_fp16,0,1,-3.876953125,4.05078125
184,1,cuda_fp16,0,1,-0.255126953125,0.42041015625
185,1,cuda_fp16,1,1,-4.30078125,4.5703125
186,1,cuda_fp16,1,1,-2.458984375,2.560546875
187,1,cuda_fp16,1,1,-3.654296875,3.86328125
188,1,cuda_fp16,0,0,3.314453125,-2.78125
189,1,cuda_fp16,0,0,4.1953125,-3.478515625
190,1,cuda_fp16,0,0,3.005859375,-2.369140625
191,1,cuda_fp16,1,1,-2.86328125,2.89453125
192,1,cuda_fp16,1,1,-1.8642578125,2.078125
193,1,cuda_fp16,1,1,-2.451171875,2.525390625
194,1,cuda_fp16,1,1,-3.08984375,3.119140625
195,1,cuda_fp16,1,1,-1.240234375,1.2314453125
196,1,cuda_fp16,1,1,-2.458984375,2.5859375
197,1,cuda_fp16,0,0,4.6875,-3.818359375
198,1,cuda_fp16,1,1,-4.3515625,4.64453125
199,1,cuda_fp16,0,0,4.37890625,-3.54296875
200,1,cuda_fp16,1,1,-0.6123046875,0.83740234375
201,1,cuda_fp16,1,1,-2.1640625,2.234375
202,1,cuda_fp16,0,0,4.01171875,-3.341796875
203,1,cuda_fp16,0,0,4.671875,-3.703125
204,1,cuda_fp16,1,1,-3.75390625,3.978515625
205,1,cuda_fp16,1,1,-3.04296875,3.140625
206,1,cuda_fp16,1,1,-4.26953125,4.55078125
207,1,cuda_fp16,1,1,-4.3671875,4.7265625
208,1,cuda_fp16,0,0,4.54296875,-3.662109375
209,1,cuda_fp16,0,0,3.10546875,-2.51953125
210,1,cuda_fp16,1,1,-3.728515625,3.888671875
211,1,cuda_fp16,0,0,2.283203125,-1.9404296875
212,1,cuda_fp16,0,0,3.908203125,-3.267578125
213,1,cuda_fp16,0,1,-1.8154296875,1.88671875
214,1,cuda_fp16,0,0,3.201171875,-2.796875
215,1,cuda_fp16,1,1,-2.4453125,2.53125
216,1,cuda_fp16,1,1,-2.779296875,2.859375
217,1,cuda_fp16,0,0,4.05078125,-3.32421875
218,1,cuda_fp16,0,0,0.927734375,-0.65673828125
219,1,cuda_fp16,1,1,-3.12890625,3.216796875
220,1,cuda_fp16,1,1,-2.357421875,2.388671875
221,1,cuda_fp16,0,0,4.68359375,-3.744140625
222,1,cuda_fp16,1,1,-3.359375,3.541015625
223,1,cuda_fp16,1,1,-3.595703125,3.7734375
224,1,cuda_fp16,1,1,-3.484375,3.67578125
225,1,cuda_fp16,1,1,-4.03125,4.2265625
226,1,cuda_fp16,0,0,4.71484375,-3.779296875
227,1,cuda_fp16,1,1,-4.32421875,4.640625
228,1,cuda_fp16,1,1,-4.171875,4.41015625
229,1,cuda_fp16,0,0,4.10546875,-3.359375
230,1,cuda_fp16,1,0,0.384521484375,-0.152099609375
231,1,cuda_fp16,1,1,-4.1953125,4.46875
232,1,cuda_fp16,0,0,2.7265625,-2.21875
233,1,cuda_fp16,0,0,4.2734375,-3.462890625
234,1,cuda_fp16,1,1,-4.125,4.3828125
235,1,cuda_fp16,1,1,-2.87890625,2.91015625
236,1,cuda_fp16,1,1,-3.130859375,3.3203125
237,1,cuda_fp16,0,0,4.11328125,-3.421875
238,1,cuda_fp16,0,0,4.1953125,-3.384765625
239,1,cuda_fp16,1,1,-4.2734375,4.56640625
240,1,cuda_fp16,1,1,-2.982421875,3.076171875
241,1,cuda_fp16,0,0,4.6015625,-3.662109375
242,1,cuda_fp16,0,0,4.671875,-3.7578125
243,1,cuda_fp16,1,0,1.7890625,-1.474609375
244,1,cuda_fp16,1,1,-4.33203125,4.71484375
245,1,cuda_fp16,1,1,-3.068359375,3.205078125
246,1,cuda_fp16,1,1,-4.05859375,4.30859375
247,1,cuda_fp16,0,0,4.4609375,-3.62890625
248,1,cuda_fp16,1,0,1.78515625,-1.4482421875
249,1,cuda_fp16,1,1,-0.828125,0.89599609375
250,1,cuda_fp16,1,1,-3.99609375,4.234375
251,1,cuda_fp16,0,0,4.296875,-3.48828125
252,1,cuda_fp16,1,1,-4.3046875,4.67578125
253,1,cuda_fp16,0,0,2.447265625,-2.037109375
254,1,cuda_fp16,0,0,4.5078125,-3.640625
255,1,cuda_fp16,0,0,4.1328125,-3.509765625
256,1,cuda_fp16,0,0,2.46484375,-2.08203125
257,1,cuda_fp16,0,0,4.08203125,-3.384765625
258,1,cuda_fp16,0,0,4.73046875,-3.77734375
259,1,cuda_fp16,1,1,-3.962890625,4.203125
260,1,cuda_fp16,0,0,4.00390625,-3.28125
261,1,cuda_fp16,1,1,-4.0390625,4.25
262,1,cuda_fp16,0,0,4.546875,-3.67578125
263,1,cuda_fp16,1,1,-4.15625,4.4296875
264,1,cuda_fp16,0,0,4.2734375,-3.4453125
265,1,cuda_fp16,0,0,4.51171875,-3.634765625
266,1,cuda_fp16,1,0,2.88671875,-2.375
267,1,cuda_fp16,0,0,2.037109375,-1.66796875
268,1,cuda_fp16,0,0,4.671875,-3.69140625
269,1,cuda_fp16,0,0,3.67578125,-2.98828125
270,1,cuda_fp16,1,1,-4.28515625,4.6171875
271,1,cuda_fp16,1,0,2.634765625,-2.20703125
272,1,cuda_fp16,0,0,3.291015625,-2.802734375
273,1,cuda_fp16,1,0,0.9501953125,-0.8603515625
274,1,cuda_fp16,0,1,-2.78125,2.830078125
275,1,cuda_fp16,1,1,-4.3828125,4.6953125
276,1,cuda_fp16,1,1,-2.91015625,3.052734375
277,1,cuda_fp16,1,1,-4.18359375,4.48046875
278,1,cuda_fp16,0,0,3.92578125,-3.24609375
279,1,cuda_fp16,1,1,-2.6484375,2.66796875
280,1,cuda_fp16,1,1,-4.30078125,4.61328125
281,1,cuda_fp16,0,0,4.5,-3.681640625
282,1,cuda_fp16,1,0,3.609375,-3.0234375
283,1,cuda_fp16,1,1,-4.33984375,4.65234375
284,1,cuda_fp16,0,0,3.318359375,-2.8203125
285,1,cuda_fp16,0,0,2.818359375,-2.31640625
286,1,cuda_fp16,1,1,-4.1953125,4.484375
287,1,cuda_fp16,1,1,-4.19921875,4.48828125
288,1,cuda_fp16,1,1,-4.01171875,4.23828125
289,1,cuda_fp16,1,1,-2.7421875,2.943359375
290,1,cuda_fp16,1,1,-4.14453125,4.39453125
291,1,cuda_fp16,0,0,2.404296875,-1.9873046875
292,1,cuda_fp16,0,1,-2.458984375,2.458984375
293,1,cuda_fp16,1,1,-4.10546875,4.32421875
294,1,cuda_fp16,1,1,-3.607421875,3.880859375
295,1,cuda_fp16,1,1,-3.439453125,3.587890625
296,1,cuda_fp16,0,0,4.29296875,-3.541015625
297,1,cuda_fp16,1,1,-3.34375,3.498046875
298,1,cuda_fp16,0,0,4.50390625,-3.623046875
299,1,cuda_fp16,1,1,-2.630859375,2.734375
300,1,cuda_fp16,1,1,-4.28125,4.60546875
301,1,cuda_fp16,0,0,0.2098388671875,0.1326904296875
302,1,cuda_fp16,1,1,-4.34375,4.671875
303,1,cuda_fp16,1,1,-4.3828125,4.7109375
304,1,cuda_fp16,1,1,-3.904296875,4.05859375
305,1,cuda_fp16,0,0,3.89453125,-3.099609375
306,1,cuda_fp16,1,1,-4.125,4.4140625
307,1,cuda_fp16,1,1,-4.1953125,4.47265625
308,1,cuda_fp16,1,1,-3.02734375,3.119140625
309,1,cuda_fp16,1,1,-4.10546875,4.44140625
310,1,cuda_fp16,1,1,-4.05859375,4.3203125
311,1,cuda_fp16,1,1,-4.34765625,4.6875
312,1,cuda_fp16,0,1,-2.98828125,3.103515625
313,1,cuda_fp16,1,1,-4.25390625,4.6328125
314,1,cuda_fp16,1,1,-4.328125,4.69140625
315,1,cuda_fp16,0,0,4.7265625,-3.751953125
316,1,cuda_fp16,1,1,-4.3359375,4.734375
317,1,cuda_fp16,1,1,-4.33984375,4.65625
318,1,cuda_fp16,0,0,2.73046875,-2.3046875
319,1,cuda_fp16,0,0,4.60546875,-3.7578125
320,1,cuda_fp16,1,1,-4.33984375,4.6875
321,1,cuda_fp16,0,0,2.837890625,-2.5
322,1,cuda_fp16,0,0,3.2421875,-2.7109375
323,1,cuda_fp16,1,1,-2.84375,2.962890625
324,1,cuda_fp16,1,0,1.5390625,-1.3984375
325,1,cuda_fp16,1,1,-4.13671875,4.41015625
326,1,cuda_fp16,1,1,-3.591796875,3.828125
327,1,cuda_fp16,1,1,-4.06640625,4.3125
328,1,cuda_fp16,0,0,2.443359375,-2.01171875
329,1,cuda_fp16,0,0,4.71875,-3.751953125
330,1,cuda_fp16,0,0,3.521484375,-2.927734375
331,1,cuda_fp16,1,1,-3.841796875,3.98828125
332,1,cuda_fp16,1,1,-1.7236328125,1.8603515625
333,1,cuda_fp16,1,1,-3.205078125,3.265625
334,1,cuda_fp16,1,1,-4.046875,4.33984375
335,1,cuda_fp16,0,0,3.845703125,-3.130859375
336,1,cuda_fp16,1,1,-4.265625,4.6328125
337,1,cuda_fp16,0,0,4.74609375,-3.822265625
338,1,cuda_fp16,0,0,2.3828125,-2.0625
339,1,cuda_fp16,1,1,-4.0234375,4.25
340,1,cuda_fp16,0,0,3.353515625,-2.78125
341,1,cuda_fp16,1,1,-1.4765625,1.6318359375
342,1,cuda_fp16,0,0,3.306640625,-2.755859375
343,1,cuda_fp16,0,0,4.60546875,-3.658203125
344,1,cuda_fp16,1,1,-3.75,3.97265625
345,1,cuda_fp16,1,1,-3.982421875,4.19921875
346,1,cuda_fp16,0,0,2.9921875,-2.537109375
347,1,cuda_fp16,0,0,4.5703125,-3.701171875
348,1,cuda_fp16,0,0,4.5234375,-3.701171875
349,1,cuda_fp16,0,0,3.1640625,-2.666015625
350,1,cuda_fp16,0,0,3.34765625,-2.841796875
351,1,cuda_fp16,1,1,-4.1640625,4.50390625
352,1,cuda_fp16,1,1,-3.919921875,4.12109375
353,1,cuda_fp16,1,1,-4.3671875,4.671875
354,1,cuda_fp16,1,1,-3.83984375,4.08203125
355,1,cuda_fp16,0,0,4.02734375,-3.28515625
356,1,cuda_fp16,0,1,-1.693359375,1.845703125
357,1,cuda_fp16,0,0,2.689453125,-2.23828125
358,1,cuda_fp16,1,0,2.455078125,-2.123046875
359,1,cuda_fp16,1,1,-3.849609375,4.1171875
360,1,cuda_fp16,1,1,-3.970703125,4.20703125
361,1,cuda_fp16,0,0,4.734375,-3.80859375
362,1,cuda_fp16,1,1,-3.16796875,3.32421875
363,1,cuda_fp16,0,0,4.60546875,-3.716796875
364,1,cuda_fp16,0,0,3.0,-2.607421875
365,1,cuda_fp16,0,0,2.54296875,-2.2421875
366,1,cuda_fp16,1,1,-4.1171875,4.375
367,1,cuda_fp16,1,1,-3.6875,3.892578125
368,1,cuda_fp16,0,0,4.2890625,-3.572265625
369,1,cuda_fp16,1,1,-3.455078125,3.578125
370,1,cuda_fp16,0,0,4.5234375,-3.6640625
371,1,cuda_fp16,1,1,-3.341796875,3.45703125
372,1,cuda_fp16,1,1,-3.44921875,3.671875
373,1,cuda_fp16,0,0,2.93359375,-2.564453125
374,1,cuda_fp16,0,0,4.61328125,-3.703125
375,1,cuda_fp16,1,0,1.611328125,-1.2236328125
376,1,cuda_fp16,0,0,4.4375,-3.6328125
377,1,cuda_fp16,0,0,3.849609375,-3.126953125
378,1,cuda_fp16,0,0,4.59765625,-3.767578125
379,1,cuda_fp16,0,0,4.3125,-3.5390625
380,1,cuda_fp16,0,0,4.7734375,-3.80078125
381,1,cuda_fp16,1,1,-4.0390625,4.26171875
382,1,cuda_fp16,0,0,3.171875,-2.6171875
383,1,cuda_fp16,1,1,-4.33203125,4.6484375
384,1,cuda_fp16,0,0,4.17578125,-3.443359375
385,1,cuda_fp16,0,0,1.642578125,-1.1806640625
386,1,cuda_fp16,1,1,-4.33984375,4.66796875
387,1,cuda_fp16,1,1,-4.171875,4.44140625
388,1,cuda_fp16,0,0,3.970703125,-3.283203125
389,1,cuda_fp16,1,1,-2.4375,2.494140625
390,1,cuda_fp16,0,0,4.6640625,-3.794921875
391,1,cuda_fp16,0,0,4.2578125,-3.498046875
392,1,cuda_fp16,0,0,4.328125,-3.515625
393,1,cuda_fp16,1,1,-4.3359375,4.7265625
394,1,cuda_fp16,1,1,-3.615234375,3.818359375
395,1,cuda_fp16,0,1,-0.52294921875,0.75537109375
396,1,cuda_fp16,1,1,-4.35546875,4.69921875
397,1,cuda_fp16,1,1,-4.26953125,4.58203125
398,1,cuda_fp16,1,1,-3.47265625,3.578125
399,1,cuda_fp16,0,1,-1.3056640625,1.3193359375
400,1,cuda_fp16,1,1,-2.83203125,2.95703125
401,1,cuda_fp16,1,1,-1.990234375,2.013671875
402,1,cuda_fp16,0,0,3.728515625,-3.076171875
403,1,cuda_fp16,0,0,4.6015625,-3.744140625
404,1,cuda_fp16,1,1,-4.125,4.4609375
405,1,cuda_fp16,0,1,-0.51806640625,0.693359375
406,1,cuda_fp16,1,1,-3.443359375,3.6015625
407,1,cuda_fp16,0,0,3.798828125,-3.16796875
408,1,cuda_fp16,0,0,3.8125,-3.158203125
409,1,cuda_fp16,0,0,4.7421875,-3.853515625
410,1,cuda_fp16,1,1,-3.716796875,3.85546875
411,1,cuda_fp16,0,1,-1.3603515625,1.3662109375
412,1,cuda_fp16,0,0,2.34375,-1.9873046875
413,1,cuda_fp16,0,0,4.6015625,-3.685546875
414,1,cuda_fp16,1,1,-4.203125,4.46875
415,1,cuda_fp16,1,1,-4.23828125,4.57421875
416,1,cuda_fp16,1,1,-3.798828125,4.11328125
417,1,cuda_fp16,1,1,-4.12890625,4.35546875
418,1,cuda_fp16,1,1,-3.150390625,3.302734375
419,1,cuda_fp16,0,0,4.7109375,-3.80078125
420,1,cuda_fp16,0,0,3.77734375,-3.107421875
421,1,cuda_fp16,1,1,-3.005859375,3.11328125
422,1,cuda_fp16,1,1,-0.1669921875,0.41552734375
423,1,cuda_fp16,0,0,4.46484375,-3.634765625
424,1,cuda_fp16,1,1,-4.296875,4.64453125
425,1,cuda_fp16,1,1,-3.818359375,3.984375
426,1,cuda_fp16,1,1,-4.0625,4.28125
427,1,cuda_fp16,1,1,-4.13671875,4.4140625
428,1,cuda_fp16,1,1,-4.28515625,4.6328125
429,1,cuda_fp16,0,0,4.6328125,-3.74609375
430,1,cuda_fp16,1,1,-4.3203125,4.6328125
431,1,cuda_fp16,0,0,3.87890625,-3.29296875
432,1,cuda_fp16,0,0,4.44140625,-3.62890625
433,1,cuda_fp16,1,1,-3.564453125,3.728515625
434,1,cuda_fp16,0,0,2.7421875,-2.40234375
435,1,cuda_fp16,1,1,-3.96875,4.265625
436,1,cuda_fp16,0,0,4.6953125,-3.783203125
437,1,cuda_fp16,1,1,-4.2578125,4.5703125
438,1,cuda_fp16,1,1,-3.767578125,3.943359375
439,1,cuda_fp16,1,1,-4.36328125,4.7265625
440,1,cuda_fp16,1,0,0.5849609375,-0.33447265625
441,1,cuda_fp16,0,0,2.9609375,-2.4375
442,1,cuda_fp16,0,0,3.091796875,-2.5703125
443,1,cuda_fp16,1,1,-4.2734375,4.60546875
444,1,cuda_fp16,0,0,2.03515625,-1.744140625
445,1,cuda_fp16,1,1,-3.498046875,3.6875
446,1,cuda_fp16,0,1,-2.328125,2.37890625
447,1,cuda_fp16,1,1,-2.9375,3.005859375
448,1,cuda_fp16,1,1,-0.52734375,0.6416015625
449,1,cuda_fp16,0,1,-2.119140625,2.078125
450,1,cuda_fp16,1,1,-4.19921875,4.46484375
451,1,cuda_fp16,1,1,-3.923828125,4.140625
452,1,cuda_fp16,0,0,4.76171875,-3.806640625
453,1,cuda_fp16,1,1,-2.81640625,2.974609375
454,1,cuda_fp16,0,0,2.287109375,-1.8369140625
455,1,cuda_fp16,1,1,-4.26953125,4.52734375
456,1,cuda_fp16,0,0,2.935546875,-2.427734375
457,1,cuda_fp16,1,1,-4.34765625,4.66015625
458,1,cuda_fp16,1,1,-3.353515625,3.486328125
459,1,cuda_fp16,1,1,-4.1328125,4.4140625
460,1,cuda_fp16,1,1,-3.798828125,3.966796875
461,1,cuda_fp16,0,0,4.734375,-3.80859375
462,1,cuda_fp16,0,0,4.484375,-3.650390625
463,1,cuda_fp16,0,0,4.35546875,-3.513671875
464,1,cuda_fp16,1,0,1.3974609375,-1.0888671875
465,1,cuda_fp16,0,0,2.900390625,-2.455078125
466,1,cuda_fp16,1,1,-3.7265625,3.859375
467,1,cuda_fp16,1,1,-3.189453125,3.2578125
468,1,cuda_fp16,1,1,-4.140625,4.38671875
469,1,cuda_fp16,0,0,4.5390625,-3.716796875
470,1,cuda_fp16,1,1,-4.3125,4.66796875
471,1,cuda_fp16,0,0,3.9609375,-3.291015625
472,1,cuda_fp16,1,1,-3.306640625,3.32421875
473,1,cuda_fp16,1,1,-3.720703125,3.96484375
474,1,cuda_fp16,0,0,4.65625,-3.720703125
475,1,cuda_fp16,1,1,-4.28515625,4.625
476,1,cuda_fp16,0,0,4.16015625,-3.40234375
477,1,cuda_fp16,0,1,-1.794921875,1.791015625
478,1,cuda_fp16,0,0,1.65625,-1.3837890625
479,1,cuda_fp16,1,1,-4.35546875,4.66796875
480,1,cuda_fp16,1,1,-3.9375,4.16015625
481,1,cuda_fp16,1,1,-0.336181640625,0.56982421875
482,1,cuda_fp16,1,1,-3.8203125,4.02734375
483,1,cuda_fp16,1,1,-4.09765625,4.375
484,1,cuda_fp16,1,1,-4.2265625,4.51953125
485,1,cuda_fp16,1,1,-4.06640625,4.3125
486,1,cuda_fp16,0,0,4.58984375,-3.619140625
487,1,cuda_fp16,0,0,3.306640625,-2.765625
488,1,cuda_fp16,1,1,-4.2265625,4.54296875
489,1,cuda_fp16,0,0,4.30859375,-3.46875
490,1,cuda_fp16,0,0,4.75390625,-3.826171875
491,1,cuda_fp16,0,0,3.962890625,-3.26171875
492,1,cuda_fp16,1,1,-4.3671875,4.68359375
493,1,cuda_fp16,0,0,4.70703125,-3.720703125
494,1,cuda_fp16,0,1,-2.89453125,3.0390625
495,1,cuda_fp16,1,1,-1.1962890625,1.37890625
496,1,cuda_fp16,1,0,1.134765625,-1.0009765625
497,1,cuda_fp16,0,0,0.115966796875,0.0185394287109375
498,1,cuda_fp16,1,1,-4.1484375,4.43359375
499,1,cuda_fp16,1,1,-2.970703125,3.03125
500,1,cuda_fp16,0,0,4.46484375,-3.646484375
501,1,cuda_fp16,1,0,2.73046875,-2.35546875
502,1,cuda_fp16,0,0,4.75390625,-3.8125
503,1,cuda_fp16,0,0,3.318359375,-2.7578125
504,1,cuda_fp16,1,1,-4.375,4.71875
505,1,cuda_fp16,1,1,-2.828125,2.955078125
506,1,cuda_fp16,1,1,-3.927734375,4.13671875
507,1,cuda_fp16,1,1,-3.828125,4.06640625
508,1,cuda_fp16,1,1,-4.30078125,4.6015625
509,1,cuda_fp16,1,1,-0.157470703125,0.453369140625
510,1,cuda_fp16,1,1,-3.525390625,3.724609375
511,1,cuda_fp16,1,1,-3.919921875,4.13671875
512,1,cuda_fp16,0,0,4.34375,-3.505859375
513,1,cuda_fp16,0,0,1.2421875,-0.91064453125
514,1,cuda_fp16,1,1,-3.8203125,4.02734375
515,1,cuda_fp16,0,0,3.244140625,-2.640625
516,1,cuda_fp16,0,0,4.22265625,-3.462890625
517,1,cuda_fp16,1,1,-2.142578125,2.240234375
518,1,cuda_fp16,1,1,-3.87109375,4.109375
519,1,cuda_fp16,0,1,-3.642578125,3.751953125
520,1,cuda_fp16,1,1,-3.966796875,4.18359375
521,1,cuda_fp16,0,0,4.234375,-3.44140625
522,1,cuda_fp16,0,0,4.37109375,-3.607421875
523,1,cuda_fp16,1,1,-4.296875,4.5703125
524,1,cuda_fp16,1,1,-3.6953125,3.8359375
525,1,cuda_fp16,1,1,-4.0859375,4.41015625
526,1,cuda_fp16,0,0,4.06640625,-3.31640625
527,1,cuda_fp16,0,0,0.1209716796875,-0.0193634033203125
528,1,cuda_fp16,1,1,-3.171875,3.34375
529,1,cuda_fp16,0,0,4.29296875,-3.515625
530,1,cuda_fp16,1,1,-4.30859375,4.64453125
531,1,cuda_fp16,0,0,4.01171875,-3.31640625
532,1,cuda_fp16,1,1,-3.275390625,3.408203125
533,1,cuda_fp16,1,1,-3.892578125,4.1796875
534,1,cuda_fp16,1,1,-4.32421875,4.671875
535,1,cuda_fp16,1,1,-4.0234375,4.296875
536,1,cuda_fp16,0,0,4.67578125,-3.79296875
537,1,cuda_fp16,1,1,-4.2421875,4.515625
538,1,cuda_fp16,0,0,4.76953125,-3.837890625
539,1,cuda_fp16,0,0,2.373046875,-1.9453125
540,1,cuda_fp16,1,1,-3.798828125,4.046875
541,1,cuda_fp16,1,1,-4.3125,4.66796875
542,1,cuda_fp16,0,0,4.0234375,-3.263671875
543,1,cuda_fp16,0,0,2.47265625,-2.1015625
544,1,cuda_fp16,0,1,-3.85546875,4.12109375
545,1,cuda_fp16,0,0,4.62890625,-3.740234375
546,1,cuda_fp16,1,0,1.8271484375,-1.4912109375
547,1,cuda_fp16,0,0,3.515625,-2.916015625
548,1,cuda_fp16,0,0,3.26953125,-2.7109375
549,1,cuda_fp16,0,0,4.765625,-3.798828125
550,1,cuda_fp16,0,0,4.6953125,-3.783203125
551,1,cuda_fp16,0,0,3.916015625,-3.232421875
552,1,cuda_fp16,0,0,4.09375,-3.380859375
553,1,cuda_fp16,1,1,-4.08203125,4.41015625
554,1,cuda_fp16,0,0,3.7421875,-3.08984375
555,1,cuda_fp16,0,0,4.484375,-3.666015625
556,1,cuda_fp16,0,0,4.5,-3.63671875
557,1,cuda_fp16,1,1,-4.25,4.58984375
558,1,cuda_fp16,1,1,-3.1796875,3.244140625
559,1,cuda_fp16,0,0,3.20703125,-2.697265625
560,1,cuda_fp16,0,0,3.486328125,-2.890625
561,1,cuda_fp16,1,0,2.76171875,-2.330078125
562,1,cuda_fp16,0,0,4.61328125,-3.685546875
563,1,cuda_fp16,1,1,-4.0703125,4.2578125
564,1,cuda_fp16,0,0,4.2265625,-3.41796875
565,1,cuda_fp16,1,1,-4.3671875,4.6875
566,1,cuda_fp16,0,0,4.40625,-3.62890625
567,1,cuda_fp16,1,1,-4.08203125,4.31640625
568,1,cuda_fp16,0,0,3.169921875,-2.611328125
569,1,cuda_fp16,1,1,-4.37890625,4.71484375
570,1,cuda_fp16,1,1,-3.927734375,4.08203125
571,1,cuda_fp16,0,0,3.63671875,-2.98828125
572,1,cuda_fp16,0,0,4.5078125,-3.58203125
573,1,cuda_fp16,1,1,-4.359375,4.69921875
574,1,cuda_fp16,0,0,4.234375,-3.501953125
575,1,cuda_fp16,0,0,3.041015625,-2.494140625
576,1,cuda_fp16,0,0,4.73828125,-3.7578125
577,1,cuda_fp16,1,1,-4.11328125,4.37109375
578,1,cuda_fp16,0,0,3.5625,-2.990234375
579,1,cuda_fp16,0,1,-2.2578125,2.244140625
580,1,cuda_fp16,0,0,2.470703125,-2.0078125
581,1,cuda_fp16,0,0,4.6953125,-3.7734375
582,1,cuda_fp16,0,0,2.818359375,-2.328125
583,1,cuda_fp16,0,0,3.09765625,-2.66015625
584,1,cuda_fp16,0,0,3.263671875,-2.708984375
585,1,cuda_fp16,0,0,4.6953125,-3.77734375
586,1,cuda_fp16,0,0,4.59375,-3.634765625
587,1,cuda_fp16,0,0,3.8671875,-3.1875
588,1,cuda_fp16,1,1,-2.822265625,2.888671875
589,1,cuda_fp16,1,1,-2.701171875,2.7421875
590,1,cuda_fp16,0,0,4.3984375,-3.61328125
591,1,cuda_fp16,0,0,4.7109375,-3.744140625
592,1,cuda_fp16,0,0,4.55078125,-3.642578125
593,1,cuda_fp16,1,1,-3.8828125,4.15234375
594,1,cuda_fp16,1,1,-4.2109375,4.46484375
595,1,cuda_fp16,0,0,1.490234375,-1.2626953125
596,1,cuda_fp16,0,0,2.931640625,-2.43359375
597,1,cuda_fp16,0,0,3.580078125,-3.029296875
598,1,cuda_fp16,0,0,4.76953125,-3.84375
599,1,cuda_fp16,0,0,4.76953125,-3.810546875
600,1,cuda_fp16,0,0,3.6796875,-3.08203125
601,1,cuda_fp16,0,0,2.462890625,-2.04296875
602,1,cuda_fp16,1,1,-3.732421875,4.0703125
603,1,cuda_fp16,1,1,-4.3515625,4.65234375
604,1,cuda_fp16,0,1,-1.9365234375,1.9306640625
605,1,cuda_fp16,1,1,-2.951171875,3.009765625
606,1,cuda_fp16,0,0,3.974609375,-3.33984375
607,1,cuda_fp16,1,1,-2.974609375,3.236328125
608,1,cuda_fp16,1,1,-3.4921875,3.607421875
609,1,cuda_fp16,1,1,-2.9921875,3.03515625
610,1,cuda_fp16,0,0,2.43359375,-2.103515625
611,1,cuda_fp16,1,1,-3.3203125,3.513671875
612,1,cuda_fp16,0,1,-2.142578125,2.26953125
613,1,cuda_fp16,1,1,-2.2265625,2.240234375
614,1,cuda_fp16,1,1,-3.93359375,4.22265625
615,1,cuda_fp16,0,0,3.908203125,-3.212890625
616,1,cuda_fp16,1,1,-3.7734375,3.966796875
617,1,cuda_fp16,0,0,0.32763671875,-0.16845703125
618,1,cuda_fp16,0,0,1.6611328125,-1.3271484375
619,1,cuda_fp16,0,0,4.5,-3.70703125
620,1,cuda_fp16,0,0,2.62890625,-2.216796875
621,1,cuda_fp16,1,1,-4.1640625,4.39453125
622,1,cuda_fp16,1,1,-3.859375,4.07421875
623,1,cuda_fp16,1,1,-4.16796875,4.484375
624,1,cuda_fp16,1,1,-3.646484375,3.86328125
625,1,cuda_fp16,1,1,-4.33984375,4.6796875
626,1,cuda_fp16,1,0,1.3115234375,-1.0302734375
627,1,cuda_fp16,0,0,4.76171875,-3.77734375
628,1,cuda_fp16,1,1,-3.8671875,4.16015625
629,1,cuda_fp16,0,0,3.537109375,-3.01953125
630,1,cuda_fp16,1,1,-3.29296875,3.37890625
631,1,cuda_fp16,0,0,4.203125,-3.33984375
632,1,cuda_fp16,0,0,4.51171875,-3.67578125
633,1,cuda_fp16,1,1,-2.56640625,2.74609375
634,1,cuda_fp16,1,1,-3.798828125,3.95703125
635,1,cuda_fp16,0,0,3.984375,-3.337890625
636,1,cuda_fp16,1,1,-3.8984375,4.1796875
637,1,cuda_fp16,0,0,4.40625,-3.62109375
638,1,cuda_fp16,1,1,-3.94140625,4.1796875
639,1,cuda_fp16,0,0,4.55078125,-3.685546875
640,1,cuda_fp16,1,1,-4.29296875,4.62890625
641,1,cuda_fp16,1,1,-4.21875,4.50390625
642,1,cuda_fp16,0,0,4.31640625,-3.55078125
643,1,cuda_fp16,1,1,-0.1689453125,0.2210693359375
644,1,cuda_fp16,1,1,-3.82421875,4.03125
645,1,cuda_fp16,0,0,1.4853515625,-1.1171875
646,1,cuda_fp16,0,1,-3.78515625,4.1015625
647,1,cuda_fp16,0,0,4.765625,-3.779296875
648,1,cuda_fp16,1,1,-2.9296875,3.087890625
649,1,cuda_fp16,0,0,4.6484375,-3.78515625
650,1,cuda_fp16,0,0,4.11328125,-3.404296875
651,1,cuda_fp16,0,0,4.21875,-3.408203125
652,1,cuda_fp16,0,0,4.68359375,-3.7265625
653,1,cuda_fp16,0,0,4.61328125,-3.7265625
654,1,cuda_fp16,0,0,4.51171875,-3.65625
655,1,cuda_fp16,1,1,-4.19921875,4.484375
656,1,cuda_fp16,1,0,1.9521484375,-1.671875
657,1,cuda_fp16,0,0,3.95703125,-3.283203125
658,1,cuda_fp16,1,1,-4.34765625,4.6640625
659,1,cuda_fp16,0,0,3.2890625,-2.72265625
660,1,cuda_fp16,1,1,-4.16015625,4.5078125
661,1,cuda_fp16,0,0,3.970703125,-3.3046875
662,1,cuda_fp16,0,0,4.5625,-3.6171875
663,1,cuda_fp16,1,1,-3.318359375,3.41796875
664,1,cuda_fp16,1,1,-3.86328125,4.05859375
665,1,cuda_fp16,1,1,-3.3203125,3.49609375
666,1,cuda_fp16,1,1,-4.078125,4.40625
667,1,cuda_fp16,1,0,0.93798828125,-0.76806640625
668,1,cuda_fp16,0,0,3.806640625,-3.1171875
669,1,cuda_fp16,1,1,-4.2109375,4.5703125
670,1,cuda_fp16,0,0,1.48046875,-1.1298828125
671,1,cuda_fp16,1,1,-3.826171875,4.06640625
672,1,cuda_fp16,0,0,3.853515625,-3.140625
673,1,cuda_fp16,1,0,1.583984375,-1.185546875
674,1,cuda_fp16,1,1,-3.501953125,3.685546875
675,1,cuda_fp16,1,1,-4.20703125,4.53515625
676,1,cuda_fp16,0,0,4.30859375,-3.50390625
677,1,cuda_fp16,1,1,-3.498046875,3.658203125
678,1,cuda_fp16,1,1,-3.77734375,4.01953125
679,1,cuda_fp16,1,1,-4.05859375,4.3515625
680,1,cuda_fp16,1,1,-3.685546875,3.904296875
681,1,cuda_fp16,0,0,4.40625,-3.62890625
682,1,cuda_fp16,0,0,4.6640625,-3.7265625
683,1,cuda_fp16,1,0,0.490966796875,-0.32080078125
684,1,cuda_fp16,1,1,-2.19921875,2.28515625
685,1,cuda_fp16,1,0,3.6328125,-3.01953125
686,1,cuda_fp16,1,1,-4.22265625,4.51171875
687,1,cuda_fp16,0,0,4.34765625,-3.58984375
688,1,cuda_fp16,0,0,2.126953125,-1.7568359375
689,1,cuda_fp16,0,0,2.677734375,-2.310546875
690,1,cuda_fp16,0,0,4.69921875,-3.74609375
691,1,cuda_fp16,1,1,-3.44140625,3.599609375
692,1,cuda_fp16,0,1,-1.3310546875,1.501953125
693,1,cuda_fp16,0,0,4.63671875,-3.74609375
694,1,cuda_fp16,0,0,3.818359375,-3.0546875
695,1,cuda_fp16,0,1,-3.48046875,3.615234375
696,1,cuda_fp16,1,1,-3.421875,3.58203125
697,1,cuda_fp16,1,1,-0.6826171875,0.78759765625
698,1,cuda_fp16,1,1,-3.634765625,3.90234375
699,1,cuda_fp16,1,0,2.720703125,-2.29296875
700,1,cuda_fp16,0,0,2.048828125,-1.5263671875
701,1,cuda_fp16,0,0,2.80078125,-2.37109375
702,1,cuda_fp16,0,1,-2.068359375,2.154296875
703,1,cuda_fp16,0,0,3.599609375,-2.99609375
704,1,cuda_fp16,0,1,-0.8076171875,0.90185546875
705,1,cuda_fp16,0,0,3.30078125,-2.759765625
706,1,cuda_fp16,0,0,4.30859375,-3.466796875
707,1,cuda_fp16,0,0,1.271484375,-1.1064453125
708,1,cuda_fp16,1,1,-4.34765625,4.6875
709,1,cuda_fp16,0,0,4.60546875,-3.72265625
710,1,cuda_fp16,0,0,2.6328125,-2.23046875
711,1,cuda_fp16,0,0,4.76953125,-3.82421875
712,1,cuda_fp16,0,0,3.626953125,-3.060546875
713,1,cuda_fp16,0,0,3.845703125,-3.1796875
714,1,cuda_fp16,1,1,-4.3359375,4.703125
715,1,cuda_fp16,0,0,3.537109375,-2.98046875
716,1,cuda_fp16,0,0,3.462890625,-2.8828125
717,1,cuda_fp16,1,1,-4.35546875,4.6640625
718,1,cuda_fp16,1,1,-4.19140625,4.4765625
719,1,cuda_fp16,0,0,3.8671875,-3.302734375
720,1,cuda_fp16,1,1,-3.93359375,4.1171875
721,1,cuda_fp16,1,1,-4.3046875,4.5859375
722,1,cuda_fp16,0,0,3.99609375,-3.287109375
723,1,cuda_fp16,1,1,-4.33984375,4.6640625
724,1,cuda_fp16,0,1,-3.21875,3.408203125
725,1,cuda_fp16,1,1,-3.970703125,4.2421875
726,1,cuda_fp16,1,1,-4.1328125,4.37109375
727,1,cuda_fp16,0,0,2.51171875,-2.162109375
728,1,cuda_fp16,1,1,-2.29296875,2.392578125
729,1,cuda_fp16,1,1,-4.19921875,4.58203125
730,1,cuda_fp16,0,0,4.6640625,-3.76171875
731,1,cuda_fp16,0,0,3.17578125,-2.623046875
732,1,cuda_fp16,0,0,4.47265625,-3.60546875
733,1,cuda_fp16,0,0,0.78369140625,-0.55859375
734,1,cuda_fp16,0,0,1.58203125,-1.1982421875
735,1,cuda_fp16,0,1,-1.8076171875,1.9130859375
736,1,cuda_fp16,0,1,-2.763671875,2.85546875
737,1,cuda_fp16,1,1,-4.234375,4.55859375
738,1,cuda_fp16,1,1,-4.21484375,4.55078125
739,1,cuda_fp16,1,1,-4.15625,4.4609375
740,1,cuda_fp16,1,1,-3.791015625,4.00390625
741,1,cuda_fp16,1,0,1.23828125,-0.98095703125
742,1,cuda_fp16,1,1,-3.67578125,3.833984375
743,1,cuda_fp16,0,0,2.19140625,-1.8505859375
744,1,cuda_fp16,1,1,-3.58984375,3.763671875
745,1,cuda_fp16,0,0,4.578125,-3.75390625
746,1,cuda_fp16,1,1,-4.25,4.58203125
747,1,cuda_fp16,1,1,-3.7890625,4.02734375
748,1,cuda_fp16,0,0,3.92578125,-3.201171875
749,1,cuda_fp16,1,0,1.9306640625,-1.634765625
750,1,cuda_fp16,0,0,2.380859375,-2.06640625
751,1,cuda_fp16,0,0,4.703125,-3.787109375
752,1,cuda_fp16,0,0,3.818359375,-3.12109375
753,1,cuda_fp16,1,1,-2.341796875,2.447265625
754,1,cuda_fp16,1,1,-4.078125,4.390625
755,1,cuda_fp16,1,1,-4.23828125,4.55078125
756,1,cuda_fp16,0,0,3.244140625,-2.75390625
757,1,cuda_fp16,0,0,2.609375,-2.185546875
758,1,cuda_fp16,1,1,-4.33203125,4.6484375
759,1,cuda_fp16,0,0,2.849609375,-2.41796875
760,1,cuda_fp16,1,0,1.513671875,-1.28125
761,1,cuda_fp16,0,0,4.6328125,-3.744140625
762,1,cuda_fp16,1,1,-4.33984375,4.703125
763,1,cuda_fp16,1,1,-3.435546875,3.609375
764,1,cuda_fp16,0,1,-2.828125,2.9296875
765,1,cuda_fp16,0,0,3.681640625,-3.03125
766,1,cuda_fp16,1,1,-3.552734375,3.69921875
767,1,cuda_fp16,1,1,-4.04296875,4.30859375
768,1,cuda_fp16,1,1,-3.75,3.91015625
769,1,cuda_fp16,1,1,-4.25,4.5234375
770,1,cuda_fp16,0,1,-0.849609375,0.9091796875
771,1,cuda_fp16,0,1,-2.341796875,2.369140625
772,1,cuda_fp16,1,1,-4.13671875,4.40625
773,1,cuda_fp16,1,1,-4.0078125,4.2734375
774,1,cuda_fp16,0,0,4.1171875,-3.373046875
775,1,cuda_fp16,0,0,1.326171875,-1.138671875
776,1,cuda_fp16,0,0,4.75,-3.806640625
777,1,cuda_fp16,1,1,-3.90625,4.1015625
778,1,cuda_fp16,1,1,-4.33984375,4.69140625
779,1,cuda_fp16,0,0,4.171875,-3.416015625
780,1,cuda_fp16,1,1,-3.923828125,4.14453125
781,1,cuda_fp16,0,0,4.13671875,-3.3984375
782,1,cuda_fp16,1,1,-0.552734375,0.64013671875
783,1,cuda_fp16,1,1,-3.90234375,4.109375
784,1,cuda_fp16,1,1,-4.25,4.55859375
785,1,cuda_fp16,1,1,-2.73828125,2.759765625
786,1,cuda_fp16,0,0,3.193359375,-2.775390625
787,1,cuda_fp16,0,0,3.115234375,-2.578125
788,1,cuda_fp16,1,1,-3.9921875,4.265625
789,1,cuda_fp16,0,0,2.119140625,-1.7294921875
790,1,cuda_fp16,0,0,4.05859375,-3.345703125
791,1,cuda_fp16,0,1,-4.10546875,4.37109375
792,1,cuda_fp16,1,1,-4.3359375,4.71484375
793,1,cuda_fp16,1,1,-3.19140625,3.3046875
794,1,cuda_fp16,1,1,-3.583984375,3.771484375
795,1,cuda_fp16,0,0,4.50390625,-3.595703125
796,1,cuda_fp16,1,1,-4.23828125,4.49609375
797,1,cuda_fp16,0,0,4.71875,-3.75
798,1,cuda_fp16,0,0,4.03125,-3.365234375
799,1,cuda_fp16,1,1,-4.359375,4.6953125
800,1,cuda_fp16,0,0,3.1484375,-2.673828125
801,1,cuda_fp16,0,0,2.26171875,-1.9345703125
802,1,cuda_fp16,0,0,2.42578125,-1.9892578125
803,1,cuda_fp16,1,1,-2.876953125,2.955078125
804,1,cuda_fp16,0,0,3.787109375,-3.12890625
805,1,cuda_fp16,0,0,0.435791015625,-0.185791015625
806,1,cuda_fp16,1,1,-4.1171875,4.3984375
807,1,cuda_fp16,1,1,-4.37109375,4.74609375
808,1,cuda_fp16,1,1,-4.40234375,4.7421875
809,1,cuda_fp16,1,1,-4.2890625,4.59765625
810,1,cuda_fp16,1,1,-4.28515625,4.65234375
811,1,cuda_fp16,0,0,2.98046875,-2.57421875
812,1,cuda_fp16,1,1,-1.5361328125,1.6376953125
813,1,cuda_fp16,0,0,0.3720703125,-0.16064453125
814,1,cuda_fp16,0,0,4.62890625,-3.69921875
815,1,cuda_fp16,1,1,-4.37890625,4.71484375
816,1,cuda_fp16,1,1,-3.494140625,3.640625
817,1,cuda_fp16,1,1,-4.359375,4.69921875
818,1,cuda_fp16,0,0,3.076171875,-2.529296875
819,1,cuda_fp16,0,0,2.36328125,-1.9833984375
820,1,cuda_fp16,1,1,-4.3515625,4.6640625
821,1,cuda_fp16,1,1,-4.3203125,4.640625
822,1,cuda_fp16,0,0,4.6171875,-3.75
823,1,cuda_fp16,1,1,-1.8544921875,1.966796875
824,1,cuda_fp16,0,0,2.9921875,-2.365234375
825,1,cuda_fp16,1,1,-4.27734375,4.5546875
826,1,cuda_fp16,1,1,-4.28125,4.5625
827,1,cuda_fp16,0,0,2.884765625,-2.41015625
828,1,cuda_fp16,0,0,3.193359375,-2.71484375
829,1,cuda_fp16,0,1,-3.01953125,3.193359375
830,1,cuda_fp16,1,1,-2.736328125,2.810546875
831,1,cuda_fp16,1,1,-3.1328125,3.228515625
832,1,cuda_fp16,0,1,-1.412109375,1.4443359375
833,1,cuda_fp16,0,0,4.3671875,-3.572265625
834,1,cuda_fp16,1,1,-3.12109375,3.296875
835,1,cuda_fp16,1,1,-4.34765625,4.66796875
836,1,cuda_fp16,0,0,4.53515625,-3.716796875
837,1,cuda_fp16,1,1,-4.2421875,4.48828125
838,1,cuda_fp16,0,0,3.048828125,-2.5078125
839,1,cuda_fp16,0,0,4.6015625,-3.7109375
840,1,cuda_fp16,0,0,3.955078125,-3.220703125
841,1,cuda_fp16,1,1,-3.57421875,3.78125
842,1,cuda_fp16,0,0,3.021484375,-2.513671875
843,1,cuda_fp16,0,0,3.431640625,-2.81640625
844,1,cuda_fp16,0,0,4.66015625,-3.740234375
845,1,cuda_fp16,0,0,4.15234375,-3.41015625
846,1,cuda_fp16,0,1,-2.22265625,2.30078125
847,1,cuda_fp16,1,1,0.047027587890625,0.149658203125
848,1,cuda_fp16,1,1,-4.26171875,4.578125
849,1,cuda_fp16,1,1,-3.373046875,3.48046875
850,1,cuda_fp16,1,1,-2.6640625,2.708984375
851,1,cuda_fp16,0,0,3.8984375,-3.162109375
852,1,cuda_fp16,0,0,2.3515625,-1.96875
853,1,cuda_fp16,1,1,-2.48828125,2.5546875
854,1,cuda_fp16,0,0,4.078125,-3.296875
855,1,cuda_fp16,1,1,-4.15625,4.44140625
856,1,cuda_fp16,1,1,-2.521484375,2.681640625
857,1,cuda_fp16,1,1,-3.97265625,4.20703125
858,1,cuda_fp16,1,1,-4.27734375,4.640625
859,1,cuda_fp16,1,1,-4.3125,4.70703125
860,1,cuda_fp16,1,1,-4.16796875,4.5
861,1,cuda_fp16,1,1,-3.169921875,3.2578125
862,1,cuda_fp16,0,0,0.775390625,-0.48583984375
863,1,cuda_fp16,0,0,1.8369140625,-1.4892578125
864,1,cuda_fp16,0,0,4.7265625,-3.814453125
865,1,cuda_fp16,1,1,-0.385986328125,0.493408203125
866,1,cuda_fp16,1,1,-3.384765625,3.54296875
867,1,cuda_fp16,0,0,2.14453125,-1.8193359375
868,1,cuda_fp16,1,1,-4.03515625,4.265625
869,1,cuda_fp16,0,0,1.33984375,-1.0390625
870,1,cuda_fp16,0,0,3.6484375,-3.017578125
871,1,cuda_fp16,1,0,0.7607421875,-0.489990234375
0,8,cpu_fp32,1,1,-4.36100435256958,4.700460433959961
1,8,cpu_fp32,0,0,3.725738525390625,-3.1509432792663574
2,8,cpu_fp32,1,1,-3.870816946029663,4.058257579803467
3,8,cpu_fp32,1,1,-3.9059226512908936,4.203172206878662
4,8,cpu_fp32,0,0,4.479058742523193,-3.596954822540283
5,8,cpu_fp32,1,1,-4.218739986419678,4.455476760864258
6,8,cpu_fp32,0,0,4.1839399337768555,-3.4255762100219727
7,8,cpu_fp32,0,0,2.609143018722534,-2.181291103363037
8,8,cpu_fp32,1,1,-2.433680772781372,2.4748895168304443
9,8,cpu_fp32,0,0,3.9623453617095947,-3.2333877086639404
10,8,cpu_fp32,1,1,-4.358582973480225,4.7027082443237305
11,8,cpu_fp32,0,0,4.391479969024658,-3.636770725250244
12,8,cpu_fp32,0,0,4.78319787979126,-3.8151345252990723
13,8,cpu_fp32,1,1,-1.4933257102966309,1.6115370988845825
14,8,cpu_fp32,0,0,4.646418571472168,-3.7373883724212646
15,8,cpu_fp32,1,1,-4.372857093811035,4.714895248413086
16,8,cpu_fp32,1,1,-3.701430320739746,3.8703854084014893
17,8,cpu_fp32,1,1,-4.1096296310424805,4.400336742401123
18,8,cpu_fp32,0,0,3.9450526237487793,-3.292790651321411
19,8,cpu_fp32,0,0,4.28792142868042,-3.5024988651275635
20,8,cpu_fp32,0,0,2.0311667919158936,-1.73323392868042
21,8,cpu_fp32,0,0,1.6732077598571777,-1.3861831426620483
22,8,cpu_fp32,0,1,-2.281980037689209,2.392110586166382
23,8,cpu_fp32,1,1,-4.363627910614014,4.692903995513916
24,8,cpu_fp32,1,1,-2.7366225719451904,2.9171206951141357
25,8,cpu_fp32,0,0,4.358221530914307,-3.592351198196411
26,8,cpu_fp32,0,0,3.384751558303833,-2.859184503555298
27,8,cpu_fp32,1,1,-3.908890724182129,4.1198225021362305
28,8,cpu_fp32,0,0,2.530782461166382,-2.2294907569885254
29,8,cpu_fp32,0,0,3.09775710105896,-2.710397720336914
30,8,cpu_fp32,1,1,-4.319859504699707,4.681186199188232
31,8,cpu_fp32,0,0,3.0557353496551514,-2.631112813949585
32,8,cpu_fp32,1,1,-4.368194580078125,4.72736120223999
33,8,cpu_fp32,0,0,1.5938708782196045,-1.321844458580017
34,8,cpu_fp32,0,0,4.7508544921875,-3.847412586212158
35,8,cpu_fp32,0,0,4.503685474395752,-3.664952039718628
36,8,cpu_fp32,1,1,-3.4337027072906494,3.6121983528137207
37,8,cpu_fp32,0,0,2.3163440227508545,-2.0169074535369873
38,8,cpu_fp32,1,1,-3.416022300720215,3.6266860961914062
39,8,cpu_fp32,1,1,-4.078351020812988,4.306222438812256
40,8,cpu_fp32,1,1,-4.368947982788086,4.729484558105469
41,8,cpu_fp32,1,1,-3.9291179180145264,4.117686748504639
42,8,cpu_fp32,1,1,-4.068188667297363,4.339514255523682
43,8,cpu_fp32,1,1,-4.211055278778076,4.4782023429870605
44,8,cpu_fp32,0,0,2.940383195877075,-2.4742226600646973
45,8,cpu_fp32,0,0,3.2275938987731934,-2.6734166145324707
46,8,cpu_fp32,0,0,1.7577903270721436,-1.4228266477584839
47,8,cpu_fp32,1,1,-4.307879447937012,4.592295169830322
48,8,cpu_fp32,1,1,-4.193281650543213,4.502120018005371
49,8,cpu_fp32,0,0,4.651424407958984,-3.7580654621124268
50,8,cpu_fp32,0,0,3.9673192501068115,-3.1727864742279053
51,8,cpu_fp32,1,1,-4.197662830352783,4.453756809234619
52,8,cpu_fp32,1,1,-3.176093578338623,3.4097635746002197
53,8,cpu_fp32,1,1,-4.028067111968994,4.230413436889648
54,8,cpu_fp32,0,0,3.860666275024414,-3.1534066200256348
55,8,cpu_fp32,1,1,-4.316880702972412,4.616762638092041
56,8,cpu_fp32,0,0,4.397713661193848,-3.614061117172241
57,8,cpu_fp32,0,0,3.188455581665039,-2.7363574504852295
58,8,cpu_fp32,0,0,3.4079933166503906,-2.866802453994751
59,8,cpu_fp32,0,0,1.0966445207595825,-0.8431131839752197
60,8,cpu_fp32,1,1,-4.220421314239502,4.506734371185303
61,8,cpu_fp32,0,0,4.427286148071289,-3.610888719558716
62,8,cpu_fp32,1,1,-2.20481014251709,2.3363492488861084
63,8,cpu_fp32,1,1,-4.049455165863037,4.306805610656738
64,8,cpu_fp32,0,1,-0.8275750279426575,0.9682727456092834
65,8,cpu_fp32,0,0,3.4203598499298096,-2.9113378524780273
66,8,cpu_fp32,1,1,-0.721743643283844,0.875725507736206
67,8,cpu_fp32,1,1,-4.374192714691162,4.751891136169434
68,8,cpu_fp32,1,1,-3.0759310722351074,3.225414991378784
69,8,cpu_fp32,0,0,1.0880671739578247,-0.7407541871070862
70,8,cpu_fp32,0,0,2.9955525398254395,-2.4825146198272705
71,8,cpu_fp32,1,1,-4.2753682136535645,4.5541276931762695
72,8,cpu_fp32,1,1,-3.8539879322052,4.056637763977051
73,8,cpu_fp32,1,1,-1.7542897462844849,1.8965405225753784
74,8,cpu_fp32,0,0,4.159974575042725,-3.4639711380004883
75,8,cpu_fp32,1,1,-4.163605690002441,4.425304412841797
76,8,cpu_fp32,0,0,4.638533115386963,-3.679227352142334
77,8,cpu_fp32,1,1,-4.127120018005371,4.41465950012207
78,8,cpu_fp32,1,1,-4.186489582061768,4.45835018157959
79,8,cpu_fp32,0,0,4.353365421295166,-3.542619228363037
80,8,cpu_fp32,1,1,-4.246267795562744,4.577408313751221
81,8,cpu_fp32,0,0,4.353165626525879,-3.5833847522735596
82,8,cpu_fp32,0,0,1.367979884147644,-1.0950764417648315
83,8,cpu_fp32,1,1,-1.080649971961975,1.1506294012069702
84,8,cpu_fp32,1,1,-4.112782955169678,4.359834671020508
85,8,cpu_fp32,1,1,-3.7241733074188232,3.9264473915100098
86,8,cpu_fp32,0,0,4.412728309631348,-3.58396577835083
87,8,cpu_fp32,1,0,3.0006356239318848,-2.5401394367218018
88,8,cpu_fp32,1,1,-3.041748046875,3.1927642822265625
89,8,cpu_fp32,1,1,-2.9348411560058594,3.0194103717803955
90,8,cpu_fp32,1,1,-3.9981002807617188,4.202726364135742
91,8,cpu_fp32,1,1,-4.1825666427612305,4.424108028411865
92,8,cpu_fp32,0,1,-3.2071235179901123,3.3067193031311035
93,8,cpu_fp32,1,0,4.05517053604126,-3.349438190460205
94,8,cpu_fp32,1,1,-4.090030670166016,4.315465450286865
95,8,cpu_fp32,0,1,-3.5852413177490234,3.695286273956299
96,8,cpu_fp32,0,0,3.2828242778778076,-2.7382586002349854
97,8,cpu_fp32,1,1,-2.611567735671997,2.633138656616211
98,8,cpu_fp32,0,0,4.793186187744141,-3.8135077953338623
99,8,cpu_fp32,0,0,3.264166831970215,-2.716001510620117
100,8,cpu_fp32,1,1,-4.152348041534424,4.402890682220459
101,8,cpu_fp32,0,0,3.2745954990386963,-2.7228336334228516
102,8,cpu_fp32,1,1,-2.172340154647827,2.209723949432373
103,8,cpu_fp32,1,1,-4.31320858001709,4.630437850952148
104,8,cpu_fp32,1,1,-3.1469149589538574,3.281651735305786
105,8,cpu_fp32,0,0,2.2433905601501465,-1.872399926185608
106,8,cpu_fp32,1,1,-3.703731060028076,3.9161322116851807
107,8,cpu_fp32,0,1,-1.3789360523223877,1.3910799026489258
108,8,cpu_fp32,0,0,2.909895181655884,-2.3504855632781982
109,8,cpu_fp32,1,1,-4.320278167724609,4.61159086227417
110,8,cpu_fp32,0,0,4.514084815979004,-3.542579174041748
111,8,cpu_fp32,0,0,3.933957815170288,-3.1649184226989746
112,8,cpu_fp32,1,1,-1.944568157196045,2.078856945037842
113,8,cpu_fp32,0,0,4.712317943572998,-3.7478692531585693
114,8,cpu_fp32,1,1,-4.025358200073242,4.25993013381958
115,8,cpu_fp32,0,1,-2.8185174465179443,2.9346117973327637
116,8,cpu_fp32,1,1,-4.1909637451171875,4.490185737609863
117,8,cpu_fp32,1,1,-4.028374671936035,4.268571853637695
118,8,cpu_fp32,0,1,-2.118807315826416,2.2409138679504395
119,8,cpu_fp32,0,0,2.539841413497925,-2.2116379737854004
120,8,cpu_fp32,1,1,-4.262353420257568,4.535669803619385
121,8,cpu_fp32,0,1,-2.9810705184936523,3.1108391284942627
122,8,cpu_fp32,1,1,-2.1104938983917236,2.128838539123535
123,8,cpu_fp32,1,0,2.674661636352539,-2.216794967651367
124,8,cpu_fp32,1,1,-3.472111463546753,3.7029337882995605
125,8,cpu_fp32,1,1,-4.3263959884643555,4.661423206329346
126,8,cpu_fp32,0,0,2.22829008102417,-1.789886713027954
127,8,cpu_fp32,0,0,4.385005474090576,-3.53271484375
128,8,cpu_fp32,1,1,-4.02409553527832,4.274527549743652
129,8,cpu_fp32,1,1,-4.364906311035156,4.701476573944092
130,8,cpu_fp32,0,0,4.757903575897217,-3.7418112754821777
131,8,cpu_fp32,0,0,4.565505027770996,-3.6584665775299072
132,8,cpu_fp32,1,1,-4.240116596221924,4.60891580581665
133,8,cpu_fp32,0,0,4.212273597717285,-3.4861977100372314
134,8,cpu_fp32,0,0,3.9067907333374023,-3.26415753364563
135,8,cpu_fp32,0,1,-1.1512683629989624,1.294575810432434
136,8,cpu_fp32,0,0,3.6229701042175293,-3.037820339202881
137,8,cpu_fp32,0,0,4.565670967102051,-3.7505452632904053
138,8,cpu_fp32,1,1,-4.148503303527832,4.5101423263549805
139,8,cpu_fp32,0,0,4.352550506591797,-3.4824769496917725
140,8,cpu_fp32,0,0,4.341591835021973,-3.5580861568450928
141,8,cpu_fp32,0,0,4.720883846282959,-3.7484800815582275
142,8,cpu_fp32,1,0,2.595855712890625,-2.1885552406311035
143,8,cpu_fp32,1,1,-3.738426685333252,3.9714577198028564
144,8,cpu_fp32,0,0,4.5395331382751465,-3.667433738708496
145,8,cpu_fp32,0,1,-0.804665207862854,0.9792909622192383
146,8,cpu_fp32,1,1,-4.25656270980835,4.515955924987793
147,8,cpu_fp32,0,0,1.9129204750061035,-1.7199742794036865
148,8,cpu_fp32,0,0,4.70236349105835,-3.823014497756958
149,8,cpu_fp32,1,1,-2.300746202468872,2.303513288497925
150,8,cpu_fp32,1,1,-4.090105056762695,4.50892972946167
151,8,cpu_fp32,1,1,-4.179991245269775,4.483658790588379
152,8,cpu_fp32,1,1,-3.3228421211242676,3.396761178970337
153,8,cpu_fp32,0,0,3.6881606578826904,-2.9866721630096436
154,8,cpu_fp32,1,1,-4.014254093170166,4.238751411437988
155,8,cpu_fp32,0,0,3.9601471424102783,-3.2886264324188232
156,8,cpu_fp32,1,1,-3.956118583679199,4.218905448913574
157,8,cpu_fp32,0,0,4.459675312042236,-3.6654274463653564
158,8,cpu_fp32,0,1,-2.4703614711761475,2.5726139545440674
159,8,cpu_fp32,1,1,-4.222848892211914,4.5719685554504395
160,8,cpu_fp32,0,0,4.622424125671387,-3.707869291305542
161,8,cpu_fp32,0,0,3.8594255447387695,-3.2067573070526123
162,8,cpu_fp32,0,0,4.5428080558776855,-3.632955551147461
163,8,cpu_fp32,0,0,3.5576817989349365,-2.893238067626953
164,8,cpu_fp32,1,1,-3.6631948947906494,3.8345835208892822
165,8,cpu_fp32,0,0,3.749342679977417,-3.086580514907837
166,8,cpu_fp32,0,0,3.6744847297668457,-3.0321874618530273
167,8,cpu_fp32,0,0,4.573329448699951,-3.6312389373779297
168,8,cpu_fp32,1,1,-4.3569746017456055,4.730995178222656
169,8,cpu_fp32,1,1,-4.208882808685303,4.537391185760498
170,8,cpu_fp32,1,1,-4.377292156219482,4.733282089233398
171,8,cpu_fp32,0,1,-1.8553673028945923,1.9363974332809448
172,8,cpu_fp32,1,1,-0.4507928192615509,0.6168341636657715
173,8,cpu_fp32,0,0,4.430187702178955,-3.6428439617156982
174,8,cpu_fp32,1,1,-3.843229055404663,4.08880615234375
175,8,cpu_fp32,1,1,-3.1604115962982178,3.3154170513153076
176,8,cpu_fp32,0,0,1.7206449508666992,-1.4078783988952637
177,8,cpu_fp32,0,0,4.206059455871582,-3.420750617980957
178,8,cpu_fp32,0,0,0.41462239623069763,-0.2750847339630127
179,8,cpu_fp32,1,1,-4.360854625701904,4.732990264892578
180,8,cpu_fp32,0,0,2.949368715286255,-2.4267070293426514
181,8,cpu_fp32,0,0,4.626541614532471,-3.7036640644073486
182,8,cpu_fp32,0,0,4.213497161865234,-3.4232568740844727
183,8,cpu_fp32,0,1,-3.8776791095733643,4.052087783813477
184,8,cpu_fp32,0,1,-0.2576729953289032,0.4228940010070801
185,8,cpu_fp32,1,1,-4.299230575561523,4.569067478179932
186,8,cpu_fp32,1,1,-2.4594039916992188,2.5620720386505127
187,8,cpu_fp32,1,1,-3.6544063091278076,3.864611864089966
188,8,cpu_fp32,0,0,3.313356637954712,-2.7816455364227295
189,8,cpu_fp32,0,0,4.1976447105407715,-3.478534460067749
190,8,cpu_fp32,0,0,3.008763074874878,-2.3711533546447754
191,8,cpu_fp32,1,1,-2.8630881309509277,2.895759344100952
192,8,cpu_fp32,1,1,-1.863702654838562,2.0762994289398193
193,8,cpu_fp32,1,1,-2.4510581493377686,2.526704788208008
194,8,cpu_fp32,1,1,-3.0880000591278076,3.1171791553497314
195,8,cpu_fp32,1,1,-1.2411115169525146,1.2321008443832397
196,8,cpu_fp32,1,1,-2.456890106201172,2.583932876586914
197,8,cpu_fp32,0,0,4.685837268829346,-3.8173301219940186
198,8,cpu_fp32,1,1,-4.351621150970459,4.64339017868042
199,8,cpu_fp32,0,0,4.380383491516113,-3.543078899383545
200,8,cpu_fp32,1,1,-0.6102463006973267,0.8353066444396973
201,8,cpu_fp32,1,1,-2.1632940769195557,2.2335331439971924
202,8,cpu_fp32,0,0,4.010965347290039,-3.3411383628845215
203,8,cpu_fp32,0,0,4.673135757446289,-3.70367431640625
204,8,cpu_fp32,1,1,-3.752016544342041,3.977494239807129
205,8,cpu_fp32,1,1,-3.039395332336426,3.1372804641723633
206,8,cpu_fp32,1,1,-4.26846170425415,4.55142879486084
207,8,cpu_fp32,1,1,-4.367937088012695,4.724727153778076
208,8,cpu_fp32,0,0,4.5423197746276855,-3.661425828933716
209,8,cpu_fp32,0,0,3.1059885025024414,-2.5196006298065186
210,8,cpu_fp32,1,1,-3.7272353172302246,3.8885104656219482
211,8,cpu_fp32,0,0,2.2801809310913086,-1.938027024269104
212,8,cpu_fp32,0,0,3.907930374145508,-3.266425132751465
213,8,cpu_fp32,0,1,-1.8146467208862305,1.8863424062728882
214,8,cpu_fp32,0,0,3.2011725902557373,-2.79726505279541
215,8,cpu_fp32,1,1,-2.4463255405426025,2.5319573879241943
216,8,cpu_fp32,1,1,-2.78096342086792,2.8620035648345947
217,8,cpu_fp32,0,0,4.050241947174072,-3.3223252296447754
218,8,cpu_fp32,0,0,0.9223924875259399,-0.6513221263885498
219,8,cpu_fp32,1,1,-3.127478837966919,3.2145473957061768
220,8,cpu_fp32,1,1,-2.3568947315216064,2.3886640071868896
221,8,cpu_fp32,0,0,4.68519401550293,-3.7435708045959473
222,8,cpu_fp32,1,1,-3.35929012298584,3.5399062633514404
223,8,cpu_fp32,1,1,-3.595933198928833,3.772813081741333
224,8,cpu_fp32,1,1,-3.4861857891082764,3.67787504196167
225,8,cpu_fp32,1,1,-4.02949333190918,4.228132247924805
226,8,cpu_fp32,0,0,4.714905738830566,-3.778611421585083
227,8,cpu_fp32,1,1,-4.324269771575928,4.642669677734375
228,8,cpu_fp32,1,1,-4.170654773712158,4.4103546142578125
229,8,cpu_fp32,0,0,4.1035685539245605,-3.3591678142547607
230,8,cpu_fp32,1,0,0.40491539239883423,-0.17180116474628448
231,8,cpu_fp32,1,1,-4.195253849029541,4.466312408447266
232,8,cpu_fp32,0,0,2.7254762649536133,-2.218095064163208
233,8,cpu_fp32,0,0,4.27199125289917,-3.4620778560638428
234,8,cpu_fp32,1,1,-4.126054286956787,4.38097620010376
235,8,cpu_fp32,1,1,-2.8779330253601074,2.9087655544281006
236,8,cpu_fp32,1,1,-3.1302335262298584,3.319028854370117
237,8,cpu_fp32,0,0,4.114648342132568,-3.423901319503784
238,8,cpu_fp32,0,0,4.193290710449219,-3.3844025135040283
239,8,cpu_fp32,1,1,-4.273931980133057,4.566524028778076
240,8,cpu_fp32,1,1,-2.980752468109131,3.0746970176696777
241,8,cpu_fp32,0,0,4.600423336029053,-3.661243438720703
242,8,cpu_fp32,0,0,4.6718034744262695,-3.7587218284606934
243,8,cpu_fp32,1,0,1.7884345054626465,-1.473974585533142
244,8,cpu_fp32,1,1,-4.332843780517578,4.7153096199035645
245,8,cpu_fp32,1,1,-3.0668082237243652,3.2047739028930664
246,8,cpu_fp32,1,1,-4.057130336761475,4.307275772094727
247,8,cpu_fp32,0,0,4.461516380310059,-3.6279473304748535
248,8,cpu_fp32,1,0,1.7866963148117065,-1.4491385221481323
249,8,cpu_fp32,1,1,-0.8326104283332825,0.9002766609191895
250,8,cpu_fp32,1,1,-3.996155023574829,4.236232757568359
251,8,cpu_fp32,0,0,4.297222137451172,-3.4877700805664062
252,8,cpu_fp32,1,1,-4.305217742919922,4.674190044403076
253,8,cpu_fp32,0,0,2.4440059661865234,-2.0344161987304688
254,8,cpu_fp32,0,0,4.5058512687683105,-3.6401281356811523
255,8,cpu_fp32,0,0,4.130332946777344,-3.509047269821167
256,8,cpu_fp32,0,0,2.4640328884124756,-2.0816550254821777
257,8,cpu_fp32,0,0,4.0851263999938965,-3.3862926959991455
258,8,cpu_fp32,0,0,4.732282638549805,-3.7774484157562256
259,8,cpu_fp32,1,1,-3.9622957706451416,4.202086925506592
260,8,cpu_fp32,0,0,4.00355863571167,-3.2810921669006348
261,8,cpu_fp32,1,1,-4.037683963775635,4.251739025115967
262,8,cpu_fp32,0,0,4.549222946166992,-3.676647901535034
263,8,cpu_fp32,1,1,-4.153881072998047,4.429798126220703
264,8,cpu_fp32,0,0,4.2747650146484375,-3.444185495376587
265,8,cpu_fp32,0,0,4.514761924743652,-3.6361587047576904
266,8,cpu_fp32,1,0,2.8859612941741943,-2.3752987384796143
267,8,cpu_fp32,0,0,2.0354034900665283,-1.666285753250122
268,8,cpu_fp32,0,0,4.671466827392578,-3.6905384063720703
269,8,cpu_fp32,0,0,3.6735291481018066,-2.986832857131958
270,8,cpu_fp32,1,1,-4.285184860229492,4.618676662445068
271,8,cpu_fp32,1,0,2.6341640949249268,-2.2077224254608154
272,8,cpu_fp32,0,0,3.290419578552246,-2.8033649921417236
273,8,cpu_fp32,1,0,0.9412400126457214,-0.8521448373794556
274,8,cpu_fp32,0,1,-2.779935598373413,2.828472137451172
275,8,cpu_fp32,1,1,-4.381466388702393,4.6945366859436035
276,8,cpu_fp32,1,1,-2.909966468811035,3.0544016361236572
277,8,cpu_fp32,1,1,-4.185331344604492,4.479611396789551
278,8,cpu_fp32,0,0,3.9252960681915283,-3.2462222576141357
279,8,cpu_fp32,1,1,-2.650158405303955,2.6687378883361816
280,8,cpu_fp32,1,1,-4.299055576324463,4.6128153800964355
281,8,cpu_fp32,0,0,4.500054836273193,-3.681945562362671
282,8,cpu_fp32,1,0,3.6064369678497314,-3.0204131603240967
283,8,cpu_fp32,1,1,-4.3406171798706055,4.652743816375732
284,8,cpu_fp32,0,0,3.3172547817230225,-2.818931818008423
285,8,cpu_fp32,0,0,2.8180346488952637,-2.3166825771331787
286,8,cpu_fp32,1,1,-4.197084426879883,4.4843974113464355
287,8,cpu_fp32,1,1,-4.19989013671875,4.489539623260498
288,8,cpu_fp32,1,1,-4.0126633644104,4.2388129234313965
289,8,cpu_fp32,1,1,-2.74246883392334,2.9431631565093994
290,8,cpu_fp32,1,1,-4.143651008605957,4.394466876983643
291,8,cpu_fp32,0,0,2.4037580490112305,-1.9877368211746216
292,8,cpu_fp32,0,1,-2.4594757556915283,2.459857225418091
293,8,cpu_fp32,1,1,-4.107028007507324,4.326063632965088
294,8,cpu_fp32,1,1,-3.608515739440918,3.8817031383514404
295,8,cpu_fp32,1,1,-3.4395174980163574,3.5892577171325684
296,8,cpu_fp32,0,0,4.292108058929443,-3.5408194065093994
297,8,cpu_fp32,1,1,-3.344583034515381,3.4990041255950928
298,8,cpu_fp32,0,0,4.503123760223389,-3.622600555419922
299,8,cpu_fp32,1,1,-2.631329298019409,2.736492395401001
300,8,cpu_fp32,1,1,-4.2810378074646,4.605881690979004
301,8,cpu_fp32,0,0,0.20298904180526733,0.13883934915065765
302,8,cpu_fp32,1,1,-4.342653274536133,4.670686721801758
303,8,cpu_fp32,1,1,-4.381181716918945,4.711753845214844
304,8,cpu_fp32,1,1,-3.9035351276397705,4.057997703552246
305,8,cpu_fp32,0,0,3.895685911178589,-3.100593090057373
306,8,cpu_fp32,1,1,-4.124766826629639,4.412595272064209
307,8,cpu_fp32,1,1,-4.19698429107666,4.472862243652344
308,8,cpu_fp32,1,1,-3.026904344558716,3.1200649738311768
309,8,cpu_fp32,1,1,-4.10744571685791,4.442110061645508
310,8,cpu_fp32,1,1,-4.059441566467285,4.319554805755615
311,8,cpu_fp32,1,1,-4.3468170166015625,4.686872959136963
312,8,cpu_fp32,0,1,-2.9887170791625977,3.1052770614624023
313,8,cpu_fp32,1,1,-4.25467586517334,4.631893634796143
314,8,cpu_fp32,1,1,-4.329391002655029,4.690046310424805
315,8,cpu_fp32,0,0,4.727008819580078,-3.7519710063934326
316,8,cpu_fp32,1,1,-4.335590362548828,4.732950687408447
317,8,cpu_fp32,1,1,-4.339898109436035,4.654907703399658
318,8,cpu_fp32,0,0,2.7271080017089844,-2.301818370819092
319,8,cpu_fp32,0,0,4.606895923614502,-3.758348226547241
320,8,cpu_fp32,1,1,-4.33941650390625,4.685866355895996
321,8,cpu_fp32,0,0,2.8392767906188965,-2.500433921813965
322,8,cpu_fp32,0,0,3.2389986515045166,-2.7085061073303223
323,8,cpu_fp32,1,1,-2.84416127204895,2.963742256164551
324,8,cpu_fp32,1,0,1.5392597913742065,-1.3988292217254639
325,8,cpu_fp32,1,1,-4.13472843170166,4.41083288192749
326,8,cpu_fp32,1,1,-3.59169864654541,3.8282382488250732
327,8,cpu_fp32,1,1,-4.064576148986816,4.312403678894043
328,8,cpu_fp32,0,0,2.442201614379883,-2.0110883712768555
329,8,cpu_fp32,0,0,4.718356609344482,-3.751641273498535
330,8,cpu_fp32,0,0,3.51890230178833,-2.9264461994171143
331,8,cpu_fp32,1,1,-3.8426101207733154,3.989102602005005
332,8,cpu_fp32,1,1,-1.7204383611679077,1.85799241065979
333,8,cpu_fp32,1,1,-3.20843243598938,3.270278215408325
334,8,cpu_fp32,1,1,-4.048644065856934,4.340414047241211
335,8,cpu_fp32,0,0,3.8464794158935547,-3.1312413215637207
336,8,cpu_fp32,1,1,-4.2642436027526855,4.6328206062316895
337,8,cpu_fp32,0,0,4.744906902313232,-3.82131028175354
338,8,cpu_fp32,0,0,2.3846752643585205,-2.064591646194458
339,8,cpu_fp32,1,1,-4.024282932281494,4.2492804527282715
340,8,cpu_fp32,0,0,3.3536465167999268,-2.780886650085449
341,8,cpu_fp32,1,1,-1.4718310832977295,1.6278780698776245
342,8,cpu_fp32,0,0,3.3066887855529785,-2.756035566329956
343,8,cpu_fp32,0,0,4.6046223640441895,-3.659029245376587
344,8,cpu_fp32,1,1,-3.7491750717163086,3.9720945358276367
345,8,cpu_fp32,1,1,-3.9817113876342773,4.2008957862854
346,8,cpu_fp32,0,0,2.9932806491851807,-2.5370895862579346
347,8,cpu_fp32,0,0,4.570573806762695,-3.7016167640686035
348,8,cpu_fp32,0,0,4.5241379737854,-3.70070481300354
349,8,cpu_fp32,0,0,3.1653623580932617,-2.6655383110046387
350,8,cpu_fp32,0,0,3.350289821624756,-2.8435215950012207
351,8,cpu_fp32,1,1,-4.164047718048096,4.505343914031982
352,8,cpu_fp32,1,1,-3.918383836746216,4.120219707489014
353,8,cpu_fp32,1,1,-4.368185997009277,4.670869827270508
354,8,cpu_fp32,1,1,-3.839632034301758,4.079907417297363
355,8,cpu_fp32,0,0,4.02705717086792,-3.284353733062744
356,8,cpu_fp32,0,1,-1.6896404027938843,1.8427772521972656
357,8,cpu_fp32,0,0,2.6866536140441895,-2.236237049102783
358,8,cpu_fp32,1,0,2.453256368637085,-2.1210100650787354
359,8,cpu_fp32,1,1,-3.849213123321533,4.115450859069824
360,8,cpu_fp32,1,1,-3.969882011413574,4.207818984985352
361,8,cpu_fp32,0,0,4.7360100746154785,-3.8097171783447266
362,8,cpu_fp32,1,1,-3.168726921081543,3.324892520904541
363,8,cpu_fp32,0,0,4.604218006134033,-3.7170674800872803
364,8,cpu_fp32,0,0,3.0034799575805664,-2.6093151569366455
365,8,cpu_fp32,0,0,2.545524835586548,-2.2427899837493896
366,8,cpu_fp32,1,1,-4.117920398712158,4.3750386238098145
367,8,cpu_fp32,1,1,-3.686645269393921,3.8929085731506348
368,8,cpu_fp32,0,0,4.29215145111084,-3.5732979774475098
369,8,cpu_fp32,1,1,-3.454482078552246,3.5780889987945557
370,8,cpu_fp32,0,0,4.523040771484375,-3.662912607192993
371,8,cpu_fp32,1,1,-3.3417086601257324,3.457916736602783
372,8,cpu_fp32,1,1,-3.447842597961426,3.6709818840026855
373,8,cpu_fp32,0,0,2.934743642807007,-2.564890146255493
374,8,cpu_fp32,0,0,4.612933158874512,-3.7032854557037354
375,8,cpu_fp32,1,0,1.6124181747436523,-1.224771499633789
376,8,cpu_fp32,0,0,4.435563564300537,-3.6323626041412354
377,8,cpu_fp32,0,0,3.8504602909088135,-3.1279067993164062
378,8,cpu_fp32,0,0,4.598733901977539,-3.767948865890503
379,8,cpu_fp32,0,0,4.313900470733643,-3.538299083709717
380,8,cpu_fp32,0,0,4.772421360015869,-3.801107883453369
381,8,cpu_fp32,1,1,-4.038893222808838,4.26153039932251
382,8,cpu_fp32,0,0,3.1716482639312744,-2.616543769836426
383,8,cpu_fp32,1,1,-4.330244541168213,4.6477179527282715
384,8,cpu_fp32,0,0,4.176379680633545,-3.4432852268218994
385,8,cpu_fp32,0,0,1.6503281593322754,-1.1874240636825562
386,8,cpu_fp32,1,1,-4.340986251831055,4.669234275817871
387,8,cpu_fp32,1,1,-4.170585632324219,4.4397783279418945
388,8,cpu_fp32,0,0,3.9693403244018555,-3.282039165496826
389,8,cpu_fp32,1,1,-2.438311815261841,2.4948959350585938
390,8,cpu_fp32,0,0,4.665823459625244,-3.795833110809326
391,8,cpu_fp32,0,0,4.25595235824585,-3.4971566200256348
392,8,cpu_fp32,0,0,4.325117588043213,-3.514893054962158
393,8,cpu_fp32,1,1,-4.335853099822998,4.725010395050049
394,8,cpu_fp32,1,1,-3.6133511066436768,3.8166439533233643
395,8,cpu_fp32,0,1,-0.5195249915122986,0.7523182034492493
396,8,cpu_fp32,1,1,-4.3554792404174805,4.7000813484191895
397,8,cpu_fp32,1,1,-4.2679219245910645,4.581457138061523
398,8,cpu_fp32,1,1,-3.470958948135376,3.5757434368133545
399,8,cpu_fp32,0,1,-1.3158587217330933,1.3284926414489746
400,8,cpu_fp32,1,1,-2.839482545852661,2.965557336807251
401,8,cpu_fp32,1,1,-1.9893903732299805,2.0137901306152344
402,8,cpu_fp32,0,0,3.7299673557281494,-3.078122854232788
403,8,cpu_fp32,0,0,4.6011247634887695,-3.7451694011688232
404,8,cpu_fp32,1,1,-4.123669147491455,4.458855628967285
405,8,cpu_fp32,0,1,-0.5185643434524536,0.6940592527389526
406,8,cpu_fp32,1,1,-3.442746877670288,3.6011295318603516
407,8,cpu_fp32,0,0,3.79905104637146,-3.1687183380126953
408,8,cpu_fp32,0,0,3.8174448013305664,-3.1615078449249268
409,8,cpu_fp32,0,0,4.743278503417969,-3.8541183471679688
410,8,cpu_fp32,1,1,-3.7157504558563232,3.85524845123291
411,8,cpu_fp32,0,1,-1.3452301025390625,1.3511656522750854
412,8,cpu_fp32,0,0,2.3441476821899414,-1.9881750345230103
413,8,cpu_fp32,0,0,4.603704452514648,-3.6864535808563232
414,8,cpu_fp32,1,1,-4.201929569244385,4.469053745269775
415,8,cpu_fp32,1,1,-4.237453937530518,4.574951171875
416,8,cpu_fp32,1,1,-3.798733949661255,4.113885402679443
417,8,cpu_fp32,1,1,-4.129517078399658,4.356914520263672
418,8,cpu_fp32,1,1,-3.149120330810547,3.3003458976745605
419,8,cpu_fp32,0,0,4.710594177246094,-3.8005928993225098
420,8,cpu_fp32,0,0,3.7781319618225098,-3.1074373722076416
421,8,cpu_fp32,1,1,-3.004544734954834,3.1117935180664062
422,8,cpu_fp32,1,1,-0.1759372502565384,0.42357268929481506
423,8,cpu_fp32,0,0,4.465420246124268,-3.634904384613037
424,8,cpu_fp32,1,1,-4.297919273376465,4.646286964416504
425,8,cpu_fp32,1,1,-3.817655086517334,3.9853227138519287
426,8,cpu_fp32,1,1,-4.061127185821533,4.282351970672607
427,8,cpu_fp32,1,1,-4.137918472290039,4.413295269012451
428,8,cpu_fp32,1,1,-4.286626815795898,4.633025646209717
429,8,cpu_fp32,0,0,4.632901668548584,-3.745481491088867
430,8,cpu_fp32,1,1,-4.3184919357299805,4.6327033042907715
431,8,cpu_fp32,0,0,3.879885673522949,-3.2929320335388184
432,8,cpu_fp32,0,0,4.440657138824463,-3.6278157234191895
433,8,cpu_fp32,1,1,-3.565556764602661,3.7296597957611084
434,8,cpu_fp32,0,0,2.741783857345581,-2.402015447616577
435,8,cpu_fp32,1,1,-3.9686856269836426,4.264884948730469
436,8,cpu_fp32,0,0,4.6933979988098145,-3.7827682495117188
437,8,cpu_fp32,1,1,-4.259255409240723,4.570931911468506
438,8,cpu_fp32,1,1,-3.766031265258789,3.940945863723755
439,8,cpu_fp32,1,1,-4.362265586853027,4.724838733673096
440,8,cpu_fp32,1,0,0.5946544408798218,-0.3431316018104553
441,8,cpu_fp32,0,0,2.9623262882232666,-2.4381871223449707
442,8,cpu_fp32,0,0,3.0917446613311768,-2.5703656673431396
443,8,cpu_fp32,1,1,-4.274833679199219,4.606560230255127
444,8,cpu_fp32,0,0,2.033344030380249,-1.7427023649215698
445,8,cpu_fp32,1,1,-3.4980554580688477,3.6870076656341553
446,8,cpu_fp32,0,1,-2.3273749351501465,2.3785135746002197
447,8,cpu_fp32,1,1,-2.9411814212799072,3.0103487968444824
448,8,cpu_fp32,1,1,-0.5298033356666565,0.6440879106521606
449,8,cpu_fp32,0,1,-2.114910125732422,2.075488328933716
450,8,cpu_fp32,1,1,-4.2008490562438965,4.466456890106201
451,8,cpu_fp32,1,1,-3.9237959384918213,4.142853736877441
452,8,cpu_fp32,0,0,4.763332366943359,-3.807544469833374
453,8,cpu_fp32,1,1,-2.8170864582061768,2.9758636951446533
454,8,cpu_fp32,0,0,2.2901480197906494,-1.8387136459350586
455,8,cpu_fp32,1,1,-4.2695770263671875,4.525937557220459
456,8,cpu_fp32,0,0,2.9375293254852295,-2.4281575679779053
457,8,cpu_fp32,1,1,-4.346517086029053,4.661289215087891
458,8,cpu_fp32,1,1,-3.353062629699707,3.486868381500244
459,8,cpu_fp32,1,1,-4.1326680183410645,4.413987159729004
460,8,cpu_fp32,1,1,-3.7995505332946777,3.9691903591156006
461,8,cpu_fp32,0,0,4.73369836807251,-3.8085145950317383
462,8,cpu_fp32,0,0,4.483872890472412,-3.6495981216430664
463,8,cpu_fp32,0,0,4.354532241821289,-3.5132551193237305
464,8,cpu_fp32,1,0,1.3947993516921997,-1.086719036102295
465,8,cpu_fp32,0,0,2.8997106552124023,-2.4545319080352783
466,8,cpu_fp32,1,1,-3.7268362045288086,3.859699010848999
467,8,cpu_fp32,1,1,-3.1886963844299316,3.2577905654907227
468,8,cpu_fp32,1,1,-4.1406965255737305,4.385735034942627
469,8,cpu_fp32,0,0,4.539078235626221,-3.716052532196045
470,8,cpu_fp32,1,1,-4.311758995056152,4.669744491577148
471,8,cpu_fp32,0,0,3.960378646850586,-3.290558338165283
472,8,cpu_fp32,1,1,-3.3062210083007812,3.324828624725342
473,8,cpu_fp32,1,1,-3.719674587249756,3.963752508163452
474,8,cpu_fp32,0,0,4.656109809875488,-3.72055721282959
475,8,cpu_fp32,1,1,-4.284703731536865,4.624183177947998
476,8,cpu_fp32,0,0,4.156496047973633,-3.400719404220581
477,8,cpu_fp32,0,1,-1.7983211278915405,1.7944098711013794
478,8,cpu_fp32,0,0,1.6566081047058105,-1.3845242261886597
479,8,cpu_fp32,1,1,-4.354427814483643,4.668976783752441
480,8,cpu_fp32,1,1,-3.9375767707824707,4.160427093505859
481,8,cpu_fp32,1,1,-0.32588621973991394,0.5602152347564697
482,8,cpu_fp32,1,1,-3.8208541870117188,4.025754928588867
483,8,cpu_fp32,1,1,-4.099249839782715,4.3756866455078125
484,8,cpu_fp32,1,1,-4.227468967437744,4.521402359008789
485,8,cpu_fp32,1,1,-4.0656843185424805,4.309685707092285
486,8,cpu_fp32,0,0,4.589076042175293,-3.6183857917785645
487,8,cpu_fp32,0,0,3.307495594024658,-2.7659757137298584
488,8,cpu_fp32,1,1,-4.227593421936035,4.544061660766602
489,8,cpu_fp32,0,0,4.30596399307251,-3.467780590057373
490,8,cpu_fp32,0,0,4.752671241760254,-3.825731039047241
491,8,cpu_fp32,0,0,3.9624342918395996,-3.26177978515625
492,8,cpu_fp32,1,1,-4.365716934204102,4.683262825012207
493,8,cpu_fp32,0,0,4.707043647766113,-3.7197465896606445
494,8,cpu_fp32,0,1,-2.896944046020508,3.0416972637176514
495,8,cpu_fp32,1,1,-1.1975197792053223,1.379954218864441
496,8,cpu_fp32,1,0,1.1333250999450684,-0.9997304677963257
497,8,cpu_fp32,0,0,0.12239343672990799,0.012570789083838463
498,8,cpu_fp32,1,1,-4.147904396057129,4.432290077209473
499,8,cpu_fp32,1,1,-2.969810724258423,3.0312047004699707
500,8,cpu_fp32,0,0,4.463061332702637,-3.6447947025299072
501,8,cpu_fp32,1,0,2.729696035385132,-2.354254722595215
502,8,cpu_fp32,0,0,4.7543206214904785,-3.8119289875030518
503,8,cpu_fp32,0,0,3.3161654472351074,-2.7559001445770264
504,8,cpu_fp32,1,1,-4.375239849090576,4.717371463775635
505,8,cpu_fp32,1,1,-2.82895565032959,2.956681728363037
506,8,cpu_fp32,1,1,-3.9292874336242676,4.136818885803223
507,8,cpu_fp32,1,1,-3.8268299102783203,4.067590713500977
508,8,cpu_fp32,1,1,-4.298781871795654,4.602352619171143
509,8,cpu_fp32,1,1,-0.1542956680059433,0.450325071811676
510,8,cpu_fp32,1,1,-3.5248610973358154,3.72556209564209
511,8,cpu_fp32,1,1,-3.920559883117676,4.135013103485107
512,8,cpu_fp32,0,0,4.34298849105835,-3.506239175796509
513,8,cpu_fp32,0,0,1.236606240272522,-0.9052972197532654
514,8,cpu_fp32,1,1,-3.8224804401397705,4.029261112213135
515,8,cpu_fp32,0,0,3.2438814640045166,-2.640415668487549
516,8,cpu_fp32,0,0,4.2223358154296875,-3.4632444381713867
517,8,cpu_fp32,1,1,-2.1421923637390137,2.240307331085205
518,8,cpu_fp32,1,1,-3.8716843128204346,4.10929012298584
519,8,cpu_fp32,0,1,-3.6433768272399902,3.7528271675109863
520,8,cpu_fp32,1,1,-3.967170238494873,4.184436321258545
521,8,cpu_fp32,0,0,4.235025405883789,-3.4431464672088623
522,8,cpu_fp32,0,0,4.373763084411621,-3.6074044704437256
523,8,cpu_fp32,1,1,-4.296740531921387,4.571769714355469
524,8,cpu_fp32,1,1,-3.6958208084106445,3.8368372917175293
525,8,cpu_fp32,1,1,-4.086305141448975,4.407985210418701
526,8,cpu_fp32,0,0,4.066304683685303,-3.3163371086120605
527,8,cpu_fp32,0,0,0.12164269387722015,-0.020024046301841736
528,8,cpu_fp32,1,1,-3.1723883152008057,3.342796802520752
529,8,cpu_fp32,0,0,4.291574001312256,-3.5154404640197754
530,8,cpu_fp32,1,1,-4.308433532714844,4.6445112228393555
531,8,cpu_fp32,0,0,4.010135650634766,-3.3173305988311768
532,8,cpu_fp32,1,1,-3.2739036083221436,3.406524181365967
533,8,cpu_fp32,1,1,-3.8928003311157227,4.178547382354736
534,8,cpu_fp32,1,1,-4.325891017913818,4.6715874671936035
535,8,cpu_fp32,1,1,-4.022395133972168,4.296840667724609
536,8,cpu_fp32,0,0,4.67510461807251,-3.792815923690796
537,8,cpu_fp32,1,1,-4.2436442375183105,4.514898777008057
538,8,cpu_fp32,0,0,4.770407199859619,-3.837522506713867
539,8,cpu_fp32,0,0,2.3730108737945557,-1.9451534748077393
540,8,cpu_fp32,1,1,-3.7982375621795654,4.048484802246094
541,8,cpu_fp32,1,1,-4.312840461730957,4.667537689208984
542,8,cpu_fp32,0,0,4.021437644958496,-3.2632651329040527
543,8,cpu_fp32,0,0,2.4755859375,-2.1023402214050293
544,8,cpu_fp32,0,1,-3.8553013801574707,4.121204376220703
545,8,cpu_fp32,0,0,4.629671573638916,-3.739982843399048
546,8,cpu_fp32,1,0,1.8236149549484253,-1.4882371425628662
547,8,cpu_fp32,0,0,3.5126163959503174,-2.9130332469940186
548,8,cpu_fp32,0,0,3.2687129974365234,-2.709728717803955
549,8,cpu_fp32,0,0,4.765612602233887,-3.797874927520752
550,8,cpu_fp32,0,0,4.696004867553711,-3.782383918762207
551,8,cpu_fp32,0,0,3.9144129753112793,-3.231423854827881
552,8,cpu_fp32,0,0,4.091809272766113,-3.3789222240448
553,8,cpu_fp32,1,1,-4.081767559051514,4.411271572113037
554,8,cpu_fp32,0,0,3.7499310970306396,-3.094022274017334
555,8,cpu_fp32,0,0,4.486310005187988,-3.6668648719787598
556,8,cpu_fp32,0,0,4.499213218688965,-3.636462688446045
557,8,cpu_fp32,1,1,-4.251961708068848,4.588568687438965
558,8,cpu_fp32,1,1,-3.178166389465332,3.243652582168579
559,8,cpu_fp32,0,0,3.206899881362915,-2.695758581161499
560,8,cpu_fp32,0,0,3.4860832691192627,-2.8906142711639404
561,8,cpu_fp32,1,0,2.760985851287842,-2.3291258811950684
562,8,cpu_fp32,0,0,4.6125922203063965,-3.6855521202087402
563,8,cpu_fp32,1,1,-4.0693039894104,4.258885860443115
564,8,cpu_fp32,0,0,4.227479457855225,-3.417879819869995
565,8,cpu_fp32,1,1,-4.365825176239014,4.688632011413574
566,8,cpu_fp32,0,0,4.40589714050293,-3.6288938522338867
567,8,cpu_fp32,1,1,-4.083529472351074,4.317937850952148
568,8,cpu_fp32,0,0,3.171877145767212,-2.613787889480591
569,8,cpu_fp32,1,1,-4.378790378570557,4.7138800621032715
570,8,cpu_fp32,1,1,-3.9272284507751465,4.082092761993408
571,8,cpu_fp32,0,0,3.6371636390686035,-2.987067222595215
572,8,cpu_fp32,0,0,4.5058369636535645,-3.581359624862671
573,8,cpu_fp32,1,1,-4.357335567474365,4.697789669036865
574,8,cpu_fp32,0,0,4.235313415527344,-3.502882957458496
575,8,cpu_fp32,0,0,3.037576675415039,-2.49162220954895
576,8,cpu_fp32,0,0,4.739460468292236,-3.7582170963287354
577,8,cpu_fp32,1,1,-4.114477634429932,4.372367858886719
578,8,cpu_fp32,0,0,3.5658059120178223,-2.991472005844116
579,8,cpu_fp32,0,1,-2.255350112915039,2.24257230758667
580,8,cpu_fp32,0,0,2.4762485027313232,-2.0124263763427734
581,8,cpu_fp32,0,0,4.695396900177002,-3.772981882095337
582,8,cpu_fp32,0,0,2.8169643878936768,-2.32676100730896
583,8,cpu_fp32,0,0,3.0948643684387207,-2.6583218574523926
584,8,cpu_fp32,0,0,3.2630598545074463,-2.70719313621521
585,8,cpu_fp32,0,0,4.696839809417725,-3.7763009071350098
586,8,cpu_fp32,0,0,4.591280937194824,-3.634918451309204
587,8,cpu_fp32,0,0,3.8655521869659424,-3.1866841316223145
588,8,cpu_fp32,1,1,-2.821577548980713,2.8885629177093506
589,8,cpu_fp32,1,1,-2.7004880905151367,2.74167799949646
590,8,cpu_fp32,0,0,4.399632453918457,-3.6135237216949463
591,8,cpu_fp32,0,0,4.711052894592285,-3.7441580295562744
592,8,cpu_fp32,0,0,4.54913854598999,-3.64357328414917
593,8,cpu_fp32,1,1,-3.8823516368865967,4.152454376220703
594,8,cpu_fp32,1,1,-4.2099385261535645,4.466432571411133
595,8,cpu_fp32,0,0,1.490451693534851,-1.262687087059021
596,8,cpu_fp32,0,0,2.933035373687744,-2.43411922454834
597,8,cpu_fp32,0,0,3.5792059898376465,-3.029305934906006
598,8,cpu_fp32,0,0,4.771551609039307,-3.8434343338012695
599,8,cpu_fp32,0,0,4.770946979522705,-3.8113114833831787
600,8,cpu_fp32,0,0,3.6777102947235107,-3.0801823139190674
601,8,cpu_fp32,0,0,2.462501049041748,-2.0429847240448
602,8,cpu_fp32,1,1,-3.7316529750823975,4.072004795074463
603,8,cpu_fp32,1,1,-4.349898815155029,4.653145790100098
604,8,cpu_fp32,0,1,-1.938014030456543,1.9323604106903076
605,8,cpu_fp32,1,1,-2.9526522159576416,3.010817766189575
606,8,cpu_fp32,0,0,3.976661443710327,-3.339877128601074
607,8,cpu_fp32,1,1,-2.9748902320861816,3.2363452911376953
608,8,cpu_fp32,1,1,-3.4921412467956543,3.6086182594299316
609,8,cpu_fp32,1,1,-2.9915871620178223,3.0345938205718994
610,8,cpu_fp32,0,0,2.431002140045166,-2.1010234355926514
611,8,cpu_fp32,1,1,-3.3210527896881104,3.5152111053466797
612,8,cpu_fp32,0,1,-2.147341728210449,2.2745909690856934
613,8,cpu_fp32,1,1,-2.227325677871704,2.242325782775879
614,8,cpu_fp32,1,1,-3.9331700801849365,4.220865726470947
615,8,cpu_fp32,0,0,3.9069724082946777,-3.212740659713745
616,8,cpu_fp32,1,1,-3.774845838546753,3.967930316925049
617,8,cpu_fp32,0,0,0.3405330777168274,-0.18085984885692596
618,8,cpu_fp32,0,0,1.6636422872543335,-1.3290988206863403
619,8,cpu_fp32,0,0,4.4999003410339355,-3.7051639556884766
620,8,cpu_fp32,0,0,2.6275863647460938,-2.2166316509246826
621,8,cpu_fp32,1,1,-4.163151741027832,4.394552707672119
622,8,cpu_fp32,1,1,-3.860642194747925,4.074863910675049
623,8,cpu_fp32,1,1,-4.170035362243652,4.483297824859619
624,8,cpu_fp32,1,1,-3.645056962966919,3.860463857650757
625,8,cpu_fp32,1,1,-4.340425968170166,4.678308010101318
626,8,cpu_fp32,1,0,1.3128151893615723,-1.031227469444275
627,8,cpu_fp32,0,0,4.76123046875,-3.7780630588531494
628,8,cpu_fp32,1,1,-3.868144989013672,4.16116189956665
629,8,cpu_fp32,0,0,3.537997007369995,-3.0206451416015625
630,8,cpu_fp32,1,1,-3.293739080429077,3.380182981491089
631,8,cpu_fp32,0,0,4.200185298919678,-3.3395423889160156
632,8,cpu_fp32,0,0,4.511529445648193,-3.6768839359283447
633,8,cpu_fp32,1,1,-2.5676310062408447,2.7459263801574707
634,8,cpu_fp32,1,1,-3.7987847328186035,3.957904815673828
635,8,cpu_fp32,0,0,3.9857635498046875,-3.3389461040496826
636,8,cpu_fp32,1,1,-3.8991634845733643,4.1820478439331055
637,8,cpu_fp32,0,0,4.408530235290527,-3.621114730834961
638,8,cpu_fp32,1,1,-3.9409427642822266,4.1792378425598145
639,8,cpu_fp32,0,0,4.551218032836914,-3.685868501663208
640,8,cpu_fp32,1,1,-4.292285919189453,4.627223968505859
641,8,cpu_fp32,1,1,-4.217342853546143,4.505748271942139
642,8,cpu_fp32,0,0,4.3152546882629395,-3.5498414039611816
643,8,cpu_fp32,1,1,-0.15990504622459412,0.21287901699543
644,8,cpu_fp32,1,1,-3.824164628982544,4.03240442276001
645,8,cpu_fp32,0,0,1.493456482887268,-1.1246365308761597
646,8,cpu_fp32,0,1,-3.7850069999694824,4.100659370422363
647,8,cpu_fp32,0,0,4.76649284362793,-3.7794137001037598
648,8,cpu_fp32,1,1,-2.928133249282837,3.0870094299316406
649,8,cpu_fp32,0,0,4.646949291229248,-3.7851011753082275
650,8,cpu_fp32,0,0,4.1132121086120605,-3.405306100845337
651,8,cpu_fp32,0,0,4.217148303985596,-3.4081673622131348
652,8,cpu_fp32,0,0,4.684288501739502,-3.727569103240967
653,8,cpu_fp32,0,0,4.61392068862915,-3.7258460521698
654,8,cpu_fp32,0,0,4.512909889221191,-3.6569411754608154
655,8,cpu_fp32,1,1,-4.200251579284668,4.485970497131348
656,8,cpu_fp32,1,0,1.9522449970245361,-1.6715337038040161
657,8,cpu_fp32,0,0,3.9571940898895264,-3.2837181091308594
658,8,cpu_fp32,1,1,-4.34787654876709,4.665121078491211
659,8,cpu_fp32,0,0,3.2887191772460938,-2.723280191421509
660,8,cpu_fp32,1,1,-4.160616397857666,4.506397724151611
661,8,cpu_fp32,0,0,3.971029281616211,-3.303488254547119
662,8,cpu_fp32,0,0,4.564545631408691,-3.6179921627044678
663,8,cpu_fp32,1,1,-3.3184151649475098,3.417102336883545
664,8,cpu_fp32,1,1,-3.8629543781280518,4.060829162597656
665,8,cpu_fp32,1,1,-3.320716142654419,3.4958934783935547
666,8,cpu_fp32,1,1,-4.078761577606201,4.408063888549805
667,8,cpu_fp32,1,0,0.9361646771430969,-0.7662098407745361
668,8,cpu_fp32,0,0,3.806975841522217,-3.1180930137634277
669,8,cpu_fp32,1,1,-4.212018013000488,4.568692684173584
670,8,cpu_fp32,0,0,1.484176516532898,-1.1344749927520752
671,8,cpu_fp32,1,1,-3.825989246368408,4.067480564117432
672,8,cpu_fp32,0,0,3.8480560779571533,-3.135166645050049
673,8,cpu_fp32,1,0,1.5891863107681274,-1.1898341178894043
674,8,cpu_fp32,1,1,-3.5037503242492676,3.6873281002044678
675,8,cpu_fp32,1,1,-4.206633567810059,4.534155368804932
676,8,cpu_fp32,0,0,4.3038506507873535,-3.501239538192749
677,8,cpu_fp32,1,1,-3.4980242252349854,3.6583504676818848
678,8,cpu_fp32,1,1,-3.7761876583099365,4.019830226898193
679,8,cpu_fp32,1,1,-4.059007167816162,4.352777481079102
680,8,cpu_fp32,1,1,-3.684583902359009,3.903438091278076
681,8,cpu_fp32,0,0,4.403601169586182,-3.6285030841827393
682,8,cpu_fp32,0,0,4.663689613342285,-3.727710247039795
683,8,cpu_fp32,1,0,0.48819202184677124,-0.3177947700023651
684,8,cpu_fp32,1,1,-2.1998560428619385,2.287341833114624
685,8,cpu_fp32,1,0,3.631169080734253,-3.0178186893463135
686,8,cpu_fp32,1,1,-4.222128868103027,4.514047622680664
687,8,cpu_fp32,0,0,4.346269130706787,-3.5889534950256348
688,8,cpu_fp32,0,0,2.1251718997955322,-1.7553986310958862
689,8,cpu_fp32,0,0,2.676561117172241,-2.309674024581909
690,8,cpu_fp32,0,0,4.701005458831787,-3.745983600616455
691,8,cpu_fp32,1,1,-3.4409542083740234,3.6000285148620605
692,8,cpu_fp32,0,1,-1.327470064163208,1.497973918914795
693,8,cpu_fp32,0,0,4.637213706970215,-3.7451915740966797
694,8,cpu_fp32,0,0,3.816762924194336,-3.0528993606567383
695,8,cpu_fp32,0,1,-3.4814140796661377,3.615159511566162
696,8,cpu_fp32,1,1,-3.421598434448242,3.5810468196868896
697,8,cpu_fp32,1,1,-0.6854395866394043,0.7903762459754944
698,8,cpu_fp32,1,1,-3.634300470352173,3.9016923904418945
699,8,cpu_fp32,1,0,2.7200164794921875,-2.2923409938812256
700,8,cpu_fp32,0,0,2.043483257293701,-1.5222338438034058
701,8,cpu_fp32,0,0,2.7988317012786865,-2.3685977458953857
702,8,cpu_fp32,0,1,-2.07243275642395,2.1582682132720947
703,8,cpu_fp32,0,0,3.5992379188537598,-2.9950902462005615
704,8,cpu_fp32,0,1,-0.8151965737342834,0.9092634320259094
705,8,cpu_fp32,0,0,3.30153751373291,-2.760547161102295
706,8,cpu_fp32,0,0,4.309036731719971,-3.4659223556518555
707,8,cpu_fp32,0,0,1.2722474336624146,-1.106813907623291
708,8,cpu_fp32,1,1,-4.346205234527588,4.68742036819458
709,8,cpu_fp32,0,0,4.605672359466553,-3.7232186794281006
710,8,cpu_fp32,0,0,2.6304738521575928,-2.2290332317352295
711,8,cpu_fp32,0,0,4.769750595092773,-3.823560953140259
712,8,cpu_fp32,0,0,3.6255784034729004,-3.0589959621429443
713,8,cpu_fp32,0,0,3.8433661460876465,-3.17813777923584
714,8,cpu_fp32,1,1,-4.3378190994262695,4.702336311340332
715,8,cpu_fp32,0,0,3.535961151123047,-2.9800167083740234
716,8,cpu_fp32,0,0,3.4631948471069336,-2.8825526237487793
717,8,cpu_fp32,1,1,-4.356893062591553,4.665220737457275
718,8,cpu_fp32,1,1,-4.192829132080078,4.476562976837158
719,8,cpu_fp32,0,0,3.8661482334136963,-3.301098108291626
720,8,cpu_fp32,1,1,-3.934138774871826,4.118467807769775
721,8,cpu_fp32,1,1,-4.302592754364014,4.585451602935791
722,8,cpu_fp32,0,0,3.9954864978790283,-3.287379741668701
723,8,cpu_fp32,1,1,-4.338488578796387,4.664886951446533
724,8,cpu_fp32,0,1,-3.2198030948638916,3.409634590148926
725,8,cpu_fp32,1,1,-3.971108913421631,4.24328088760376
726,8,cpu_fp32,1,1,-4.1330790519714355,4.372934818267822
727,8,cpu_fp32,0,0,2.510615587234497,-2.1609954833984375
728,8,cpu_fp32,1,1,-2.2967920303344727,2.3952698707580566
729,8,cpu_fp32,1,1,-4.198770999908447,4.580072402954102
730,8,cpu_fp32,0,0,4.66541862487793,-3.761547565460205
731,8,cpu_fp32,0,0,3.175027370452881,-2.621784210205078
732,8,cpu_fp32,0,0,4.472325801849365,-3.605764150619507
733,8,cpu_fp32,0,0,0.781554102897644,-0.5564365983009338
734,8,cpu_fp32,0,0,1.5817207098007202,-1.198459267616272
735,8,cpu_fp32,0,1,-1.8030833005905151,1.9082871675491333
736,8,cpu_fp32,0,1,-2.7647080421447754,2.8557612895965576
737,8,cpu_fp32,1,1,-4.235011577606201,4.556863784790039
738,8,cpu_fp32,1,1,-4.216394901275635,4.550009250640869
739,8,cpu_fp32,1,1,-4.156345844268799,4.459883213043213
740,8,cpu_fp32,1,1,-3.7904224395751953,4.004944324493408
741,8,cpu_fp32,1,0,1.2366217374801636,-0.9794101119041443
742,8,cpu_fp32,1,1,-3.675604820251465,3.833566188812256
743,8,cpu_fp32,0,0,2.189070463180542,-1.848950982093811
744,8,cpu_fp32,1,1,-3.589578628540039,3.7646634578704834
745,8,cpu_fp32,0,0,4.578117370605469,-3.7541520595550537
746,8,cpu_fp32,1,1,-4.249052047729492,4.5811591148376465
747,8,cpu_fp32,1,1,-3.78985333442688,4.0259294509887695
748,8,cpu_fp32,0,0,3.9262726306915283,-3.200371026992798
749,8,cpu_fp32,1,0,1.9296865463256836,-1.6342204809188843
750,8,cpu_fp32,0,0,2.382417917251587,-2.0670888423919678
751,8,cpu_fp32,0,0,4.703260898590088,-3.7865235805511475
752,8,cpu_fp32,0,0,3.818615674972534,-3.1217360496520996
753,8,cpu_fp32,1,1,-2.339148759841919,2.4445836544036865
754,8,cpu_fp32,1,1,-4.0785040855407715,4.391016006469727
755,8,cpu_fp32,1,1,-4.239350318908691,4.552398681640625
756,8,cpu_fp32,0,0,3.244980573654175,-2.7538087368011475
757,8,cpu_fp32,0,0,2.610036611557007,-2.1866519451141357
758,8,cpu_fp32,1,1,-4.332061290740967,4.647352695465088
759,8,cpu_fp32,0,0,2.849064588546753,-2.418123483657837
760,8,cpu_fp32,1,0,1.5213342905044556,-1.2881461381912231
761,8,cpu_fp32,0,0,4.632079601287842,-3.7437262535095215
762,8,cpu_fp32,1,1,-4.341075897216797,4.702245712280273
763,8,cpu_fp32,1,1,-3.4378793239593506,3.611884355545044
764,8,cpu_fp32,0,1,-2.828242063522339,2.929227352142334
765,8,cpu_fp32,0,0,3.681427001953125,-3.031273365020752
766,8,cpu_fp32,1,1,-3.5516231060028076,3.698111057281494
767,8,cpu_fp32,1,1,-4.043607234954834,4.309433937072754
768,8,cpu_fp32,1,1,-3.751465082168579,3.9120399951934814
769,8,cpu_fp32,1,1,-4.250072956085205,4.524019718170166
770,8,cpu_fp32,0,1,-0.8474285006523132,0.907075822353363
771,8,cpu_fp32,0,1,-2.3408713340759277,2.3681302070617676
772,8,cpu_fp32,1,1,-4.1371612548828125,4.406259059906006
773,8,cpu_fp32,1,1,-4.006479263305664,4.273188591003418
774,8,cpu_fp32,0,0,4.116311550140381,-3.373889684677124
775,8,cpu_fp32,0,0,1.3273423910140991,-1.13987135887146
776,8,cpu_fp32,0,0,4.751838684082031,-3.8066673278808594
777,8,cpu_fp32,1,1,-3.9071085453033447,4.101179122924805
778,8,cpu_fp32,1,1,-4.341461181640625,4.692751884460449
779,8,cpu_fp32,0,0,4.170822620391846,-3.4156291484832764
780,8,cpu_fp32,1,1,-3.923682451248169,4.142045974731445
781,8,cpu_fp32,0,0,4.135488033294678,-3.399139404296875
782,8,cpu_fp32,1,1,-0.5286687016487122,0.6175645589828491
783,8,cpu_fp32,1,1,-3.901492118835449,4.109979629516602
784,8,cpu_fp32,1,1,-4.250765800476074,4.5588202476501465
785,8,cpu_fp32,1,1,-2.737509250640869,2.7595162391662598
786,8,cpu_fp32,0,0,3.194990873336792,-2.7763781547546387
787,8,cpu_fp32,0,0,3.1140522956848145,-2.577777624130249
788,8,cpu_fp32,1,1,-3.990750551223755,4.266632556915283
789,8,cpu_fp32,0,0,2.118767261505127,-1.7294622659683228
790,8,cpu_fp32,0,0,4.059065818786621,-3.34700345993042
791,8,cpu_fp32,0,1,-4.1053147315979,4.369914531707764
792,8,cpu_fp32,1,1,-4.335926055908203,4.715699672698975
793,8,cpu_fp32,1,1,-3.190843343734741,3.3024234771728516
794,8,cpu_fp32,1,1,-3.585662603378296,3.7741246223449707
795,8,cpu_fp32,0,0,4.502362251281738,-3.59378719329834
796,8,cpu_fp32,1,1,-4.238874912261963,4.4947710037231445
797,8,cpu_fp32,0,0,4.717381000518799,-3.7504630088806152
798,8,cpu_fp32,0,0,4.030227184295654,-3.366192579269409
799,8,cpu_fp32,1,1,-4.360461235046387,4.696685791015625
800,8,cpu_fp32,0,0,3.1466619968414307,-2.6740188598632812
801,8,cpu_fp32,0,0,2.261991024017334,-1.9341450929641724
802,8,cpu_fp32,0,0,2.426046848297119,-1.9886788129806519
803,8,cpu_fp32,1,1,-2.877286672592163,2.956315517425537
804,8,cpu_fp32,0,0,3.7868103981018066,-3.1280324459075928
805,8,cpu_fp32,0,0,0.4369192123413086,-0.1868821531534195
806,8,cpu_fp32,1,1,-4.116650104522705,4.397280693054199
807,8,cpu_fp32,1,1,-4.369039058685303,4.746372699737549
808,8,cpu_fp32,1,1,-4.401825428009033,4.743492603302002
809,8,cpu_fp32,1,1,-4.289353847503662,4.595709323883057
810,8,cpu_fp32,1,1,-4.285364151000977,4.652901649475098
811,8,cpu_fp32,0,0,2.977689504623413,-2.5709829330444336
812,8,cpu_fp32,1,1,-1.5366017818450928,1.6379342079162598
813,8,cpu_fp32,0,0,0.36000192165374756,-0.1485416442155838
814,8,cpu_fp32,0,0,4.62789249420166,-3.6998724937438965
815,8,cpu_fp32,1,1,-4.379663467407227,4.716063022613525
816,8,cpu_fp32,1,1,-3.4941952228546143,3.6402883529663086
817,8,cpu_fp32,1,1,-4.3606414794921875,4.699521064758301
818,8,cpu_fp32,0,0,3.0769715309143066,-2.531064510345459
819,8,cpu_fp32,0,0,2.365231990814209,-1.9844951629638672
820,8,cpu_fp32,1,1,-4.351099491119385,4.662251949310303
821,8,cpu_fp32,1,1,-4.320425033569336,4.639875411987305
822,8,cpu_fp32,0,0,4.6173529624938965,-3.750493288040161
823,8,cpu_fp32,1,1,-1.8548061847686768,1.9670844078063965
824,8,cpu_fp32,0,0,2.992722272872925,-2.365739345550537
825,8,cpu_fp32,1,1,-4.276432991027832,4.555641174316406
826,8,cpu_fp32,1,1,-4.281940937042236,4.563867568969727
827,8,cpu_fp32,0,0,2.8870184421539307,-2.41096830368042
828,8,cpu_fp32,0,0,3.193164110183716,-2.7137744426727295
829,8,cpu_fp32,0,1,-3.0187888145446777,3.192812919616699
830,8,cpu_fp32,1,1,-2.7373178005218506,2.8122599124908447
831,8,cpu_fp32,1,1,-3.1356945037841797,3.2317540645599365
832,8,cpu_fp32,0,1,-1.4100115299224854,1.4431780576705933
833,8,cpu_fp32,0,0,4.368475914001465,-3.571627616882324
834,8,cpu_fp32,1,1,-3.121303081512451,3.2979512214660645
835,8,cpu_fp32,1,1,-4.34798002243042,4.666609764099121
836,8,cpu_fp32,0,0,4.536717891693115,-3.7160959243774414
837,8,cpu_fp32,1,1,-4.243661403656006,4.487639904022217
838,8,cpu_fp32,0,0,3.048765182495117,-2.5072014331817627
839,8,cpu_fp32,0,0,4.604039192199707,-3.711137533187866
840,8,cpu_fp32,0,0,3.9544217586517334,-3.2206320762634277
841,8,cpu_fp32,1,1,-3.5757880210876465,3.7836625576019287
842,8,cpu_fp32,0,0,3.018451452255249,-2.5107176303863525
843,8,cpu_fp32,0,0,3.429206609725952,-2.815185785293579
844,8,cpu_fp32,0,0,4.660571575164795,-3.7403485774993896
845,8,cpu_fp32,0,0,4.150508403778076,-3.4091603755950928
846,8,cpu_fp32,0,1,-2.222243309020996,2.2994227409362793
847,8,cpu_fp32,1,1,0.0487443171441555,0.14834563434123993
848,8,cpu_fp32,1,1,-4.260188102722168,4.578135967254639
849,8,cpu_fp32,1,1,-3.3725342750549316,3.481677532196045
850,8,cpu_fp32,1,1,-2.661864995956421,2.7065634727478027
851,8,cpu_fp32,0,0,3.898754358291626,-3.161665916442871
852,8,cpu_fp32,0,0,2.3517377376556396,-1.9688777923583984
853,8,cpu_fp32,1,1,-2.486574172973633,2.553983688354492
854,8,cpu_fp32,0,0,4.080687046051025,-3.2981207370758057
855,8,cpu_fp32,1,1,-4.155616283416748,4.442814826965332
856,8,cpu_fp32,1,1,-2.520963668823242,2.680758476257324
857,8,cpu_fp32,1,1,-3.973867177963257,4.209713935852051
858,8,cpu_fp32,1,1,-4.276750087738037,4.639676570892334
859,8,cpu_fp32,1,1,-4.310285568237305,4.708576679229736
860,8,cpu_fp32,1,1,-4.168298244476318,4.49821662902832
861,8,cpu_fp32,1,1,-3.170133113861084,3.259613275527954
862,8,cpu_fp32,0,0,0.772850751876831,-0.4829219877719879
863,8,cpu_fp32,0,0,1.8377360105514526,-1.48909330368042
864,8,cpu_fp32,0,0,4.726073741912842,-3.8145995140075684
865,8,cpu_fp32,1,1,-0.38870206475257874,0.4959375858306885
866,8,cpu_fp32,1,1,-3.385854482650757,3.5430474281311035
867,8,cpu_fp32,0,0,2.145153045654297,-1.8193832635879517
868,8,cpu_fp32,1,1,-4.034765243530273,4.265738010406494
869,8,cpu_fp32,0,0,1.3311094045639038,-1.030786156654358
870,8,cpu_fp32,0,0,3.6481494903564453,-3.016188383102417
871,8,cpu_fp32,1,0,0.7629063129425049,-0.4923233389854431
0,8,cpu_int8_dynamic,1,1,-4.203865051269531,4.513483047485352
1,8,cpu_int8_dynamic,0,0,3.5242831707000732,-2.9962289333343506
2,8,cpu_int8_dynamic,1,1,-3.539821147918701,3.721365213394165
3,8,cpu_int8_dynamic,1,1,-3.670496940612793,3.906618595123291
4,8,cpu_int8_dynamic,0,0,3.756377935409546,-3.104241371154785
5,8,cpu_int8_dynamic,1,1,-4.1330180168151855,4.357667446136475
6,8,cpu_int8_dynamic,0,0,3.6691882610321045,-3.0620248317718506
7,8,cpu_int8_dynamic,0,0,1.9144011735916138,-1.6149955987930298
8,8,cpu_int8_dynamic,1,1,-3.0204784870147705,3.129530906677246
9,8,cpu_int8_dynamic,0,0,3.617309093475342,-3.0032973289489746
10,8,cpu_int8_dynamic,1,1,-4.186824321746826,4.4889397621154785
11,8,cpu_int8_dynamic,0,0,3.8079843521118164,-3.2219793796539307
12,8,cpu_int8_dynamic,0,0,4.545448303222656,-3.6748383045196533
13,8,cpu_int8_dynamic,1,1,-0.5678166151046753,0.6777201294898987
14,8,cpu_int8_dynamic,0,0,3.521609306335449,-2.886693239212036
15,8,cpu_int8_dynamic,1,1,-4.305688381195068,4.62790584564209
16,8,cpu_int8_dynamic,1,1,-3.3053300380706787,3.4750499725341797
17,8,cpu_int8_dynamic,1,1,-4.020162105560303,4.310970306396484
18,8,cpu_int8_dynamic,0,0,2.9303808212280273,-2.443366289138794
19,8,cpu_int8_dynamic,0,0,3.4367549419403076,-2.86580753326416
20,8,cpu_int8_dynamic,0,0,0.29088476300239563,-0.03370076045393944
21,8,cpu_int8_dynamic,0,1,-1.281118631362915,1.3428038358688354
22,8,cpu_int8_dynamic,0,1,-2.214229106903076,2.247964382171631
23,8,cpu_int8_dynamic,1,1,-4.1819257736206055,4.482329845428467
24,8,cpu_int8_dynamic,1,1,-2.3582077026367188,2.4838204383850098
25,8,cpu_int8_dynamic,0,0,4.077721118927002,-3.382352352142334
26,8,cpu_int8_dynamic,0,0,2.0784811973571777,-1.799523115158081
27,8,cpu_int8_dynamic,1,1,-3.705887794494629,3.916229724884033
28,8,cpu_int8_dynamic,0,0,2.5225417613983154,-2.1824417114257812
29,8,cpu_int8_dynamic,0,0,2.309054136276245,-2.0924575328826904
30,8,cpu_int8_dynamic,1,1,-4.116318702697754,4.4671854972839355
31,8,cpu_int8_dynamic,0,0,2.4022939205169678,-2.0820579528808594
32,8,cpu_int8_dynamic,1,1,-4.236870765686035,4.553896903991699
33,8,cpu_int8_dynamic,0,0,0.8858981132507324,-0.6474201679229736
34,8,cpu_int8_dynamic,0,0,4.488462448120117,-3.6806681156158447
35,8,cpu_int8_dynamic,0,0,3.783505916595459,-3.150228977203369
36,8,cpu_int8_dynamic,1,1,-3.0306496620178223,3.1611597537994385
37,8,cpu_int8_dynamic,0,0,1.5622752904891968,-1.30571448802948
38,8,cpu_int8_dynamic,1,1,-3.1873393058776855,3.3978238105773926
39,8,cpu_int8_dynamic,1,1,-3.841996192932129,4.084376335144043
40,8,cpu_int8_dynamic,1,1,-4.264649868011475,4.580872058868408
41,8,cpu_int8_dynamic,1,1,-3.700709819793701,3.896596670150757
42,8,cpu_int8_dynamic,1,1,-3.835700511932373,4.0619072914123535
43,8,cpu_int8_dynamic,1,1,-4.082722187042236,4.347736358642578
44,8,cpu_int8_dynamic,0,0,1.9788559675216675,-1.6504712104797363
45,8,cpu_int8_dynamic,0,0,1.8303827047348022,-1.5581645965576172
46,8,cpu_int8_dynamic,0,0,0.8754568099975586,-0.6545111536979675
47,8,cpu_int8_dynamic,1,1,-4.015913963317871,4.281148433685303
48,8,cpu_int8_dynamic,1,1,-3.8854598999023438,4.183573246002197
49,8,cpu_int8_dynamic,0,0,4.3065361976623535,-3.494537591934204
50,8,cpu_int8_dynamic,0,0,3.2737135887145996,-2.641542673110962
51,8,cpu_int8_dynamic,1,1,-3.978534460067749,4.202942371368408
52,8,cpu_int8_dynamic,1,1,-3.0231425762176514,3.238830089569092
53,8,cpu_int8_dynamic,1,1,-3.7767693996429443,3.995043992996216
54,8,cpu_int8_dynamic,0,0,3.146914482116699,-2.5857958793640137
55,8,cpu_int8_dynamic,1,1,-4.120328426361084,4.392111301422119
56,8,cpu_int8_dynamic,0,0,4.109558582305908,-3.37617564201355
57,8,cpu_int8_dynamic,0,0,2.237441301345825,-1.929854393005371
58,8,cpu_int8_dynamic,0,0,2.4714744091033936,-2.1125001907348633
59,8,cpu_int8_dynamic,0,1,-1.5651792287826538,1.5655384063720703
60,8,cpu_int8_dynamic,1,1,-4.003974437713623,4.316147804260254
61,8,cpu_int8_dynamic,0,0,3.7046306133270264,-3.0363659858703613
62,8,cpu_int8_dynamic,1,1,-1.920939326286316,2.0507705211639404
63,8,cpu_int8_dynamic,1,1,-3.701029062271118,3.9725804328918457
64,8,cpu_int8_dynamic,0,1,-1.3805160522460938,1.4290053844451904
65,8,cpu_int8_dynamic,0,0,3.0376124382019043,-2.607700824737549
66,8,cpu_int8_dynamic,1,1,-2.3346433639526367,2.4820051193237305
67,8,cpu_int8_dynamic,1,1,-4.264105796813965,4.615462303161621
68,8,cpu_int8_dynamic,1,1,-2.9047296047210693,3.090319871902466
69,8,cpu_int8_dynamic,0,0,1.8451533317565918,-1.5340594053268433
70,8,cpu_int8_dynamic,0,0,2.585796356201172,-2.1351964473724365
71,8,cpu_int8_dynamic,1,1,-4.132873058319092,4.452352046966553
72,8,cpu_int8_dynamic,1,1,-3.8381946086883545,4.089122295379639
73,8,cpu_int8_dynamic,1,1,-2.12215518951416,2.2058074474334717
74,8,cpu_int8_dynamic,0,0,3.412355661392212,-2.838318109512329
75,8,cpu_int8_dynamic,1,1,-3.844367504119873,4.11592435836792
76,8,cpu_int8_dynamic,0,0,4.619511604309082,-3.671785593032837
77,8,cpu_int8_dynamic,1,1,-3.814608335494995,4.080997943878174
78,8,cpu_int8_dynamic,1,1,-4.01414155960083,4.2987213134765625
79,8,cpu_int8_dynamic,0,0,3.974266529083252,-3.2211856842041016
80,8,cpu_int8_dynamic,1,1,-3.8668770790100098,4.173724174499512
81,8,cpu_int8_dynamic,0,0,3.8348641395568848,-3.152353286743164
82,8,cpu_int8_dynamic,0,0,1.478047251701355,-1.2619290351867676
83,8,cpu_int8_dynamic,1,1,-1.616068959236145,1.6752378940582275
84,8,cpu_int8_dynamic,1,1,-3.87687087059021,4.1251749992370605
85,8,cpu_int8_dynamic,1,1,-3.54296612739563,3.734351873397827
86,8,cpu_int8_dynamic,0,0,3.8823485374450684,-3.1741061210632324
87,8,cpu_int8_dynamic,1,0,2.721107006072998,-2.261364459991455
88,8,cpu_int8_dynamic,1,1,-2.786219596862793,2.9436275959014893
89,8,cpu_int8_dynamic,1,1,-2.972027540206909,3.0895514488220215
90,8,cpu_int8_dynamic,1,1,-3.836244821548462,4.073985576629639
91,8,cpu_int8_dynamic,1,1,-4.016167163848877,4.248504161834717
92,8,cpu_int8_dynamic,0,1,-2.8332290649414062,2.9472827911376953
93,8,cpu_int8_dynamic,1,0,3.854158878326416,-3.1538922786712646
94,8,cpu_int8_dynamic,1,1,-3.8347272872924805,4.0864691734313965
95,8,cpu_int8_dynamic,0,1,-3.248366117477417,3.3689067363739014
96,8,cpu_int8_dynamic,0,0,2.3662195205688477,-2.0483508110046387
97,8,cpu_int8_dynamic,1,1,-2.5479607582092285,2.6017346382141113
98,8,cpu_int8_dynamic,0,0,4.476330280303955,-3.5630736351013184
99,8,cpu_int8_dynamic,0,0,2.5828075408935547,-2.158428907394409
100,8,cpu_int8_dynamic,1,1,-3.875157117843628,4.094453811645508
101,8,cpu_int8_dynamic,0,0,1.7857286930084229,-1.5202300548553467
102,8,cpu_int8_dynamic,1,1,-1.474223017692566,1.5389395952224731
103,8,cpu_int8_dynamic,1,1,-4.2332868576049805,4.543485641479492
104,8,cpu_int8_dynamic,1,1,-2.541977882385254,2.6440505981445312
105,8,cpu_int8_dynamic,0,0,3.328115701675415,-2.738579750061035
106,8,cpu_int8_dynamic,1,1,-3.25083589553833,3.4239325523376465
107,8,cpu_int8_dynamic,0,1,-1.627655267715454,1.6227556467056274
108,8,cpu_int8_dynamic,0,0,3.124363422393799,-2.5442075729370117
109,8,cpu_int8_dynamic,1,1,-4.093208312988281,4.3501505851745605
110,8,cpu_int8_dynamic,0,0,3.8665499687194824,-3.0852532386779785
111,8,cpu_int8_dynamic,0,0,1.9086440801620483,-1.5899101495742798
112,8,cpu_int8_dynamic,1,1,-2.09942889213562,2.2236034870147705
113,8,cpu_int8_dynamic,0,0,4.170367240905762,-3.381899833679199
114,8,cpu_int8_dynamic,1,1,-3.7776925563812256,4.003336429595947
115,8,cpu_int8_dynamic,0,1,-2.7927324771881104,2.848938465118408
116,8,cpu_int8_dynamic,1,1,-3.8892104625701904,4.157192707061768
117,8,cpu_int8_dynamic,1,1,-3.9123635292053223,4.19248104095459
118,8,cpu_int8_dynamic,0,1,-2.212101697921753,2.2378437519073486
119,8,cpu_int8_dynamic,0,0,2.3766086101531982,-2.013472318649292
120,8,cpu_int8_dynamic,1,1,-4.097597122192383,4.362669944763184
121,8,cpu_int8_dynamic,0,1,-2.463496685028076,2.6325109004974365
122,8,cpu_int8_dynamic,1,1,-1.9473248720169067,1.902077317237854
123,8,cpu_int8_dynamic,1,0,2.7774205207824707,-2.34438419342041
124,8,cpu_int8_dynamic,1,1,-3.0068094730377197,3.2340128421783447
125,8,cpu_int8_dynamic,1,1,-4.142646312713623,4.4802021980285645
126,8,cpu_int8_dynamic,0,0,1.706451654434204,-1.4198482036590576
127,8,cpu_int8_dynamic,0,0,4.247379302978516,-3.389981269836426
128,8,cpu_int8_dynamic,1,1,-3.9139838218688965,4.230965614318848
129,8,cpu_int8_dynamic,1,1,-4.236584186553955,4.578083515167236
130,8,cpu_int8_dynamic,0,0,4.560300350189209,-3.6220171451568604
131,8,cpu_int8_dynamic,0,0,3.0035152435302734,-2.4397664070129395
132,8,cpu_int8_dynamic,1,1,-3.9603586196899414,4.295322418212891
133,8,cpu_int8_dynamic,0,0,3.3832099437713623,-2.872689962387085
134,8,cpu_int8_dynamic,0,0,3.706099271774292,-3.093026876449585
135,8,cpu_int8_dynamic,0,1,-1.928579330444336,2.032825231552124
136,8,cpu_int8_dynamic,0,0,3.212656259536743,-2.7258384227752686
137,8,cpu_int8_dynamic,0,0,3.7078020572662354,-3.115341901779175
138,8,cpu_int8_dynamic,1,1,-3.5872480869293213,3.9006404876708984
139,8,cpu_int8_dynamic,0,0,2.5909740924835205,-2.234173059463501
140,8,cpu_int8_dynamic,0,0,3.360076427459717,-2.7631149291992188
141,8,cpu_int8_dynamic,0,0,4.257273197174072,-3.401034116744995
142,8,cpu_int8_dynamic,1,0,1.6056208610534668,-1.3758203983306885
143,8,cpu_int8_dynamic,1,1,-3.982264280319214,4.335511684417725
144,8,cpu_int8_dynamic,0,0,4.159237861633301,-3.3217337131500244
145,8,cpu_int8_dynamic,0,1,-1.0821311473846436,1.2427946329116821
146,8,cpu_int8_dynamic,1,1,-4.166209697723389,4.436575889587402
147,8,cpu_int8_dynamic,0,0,0.9680408239364624,-0.9260737895965576
148,8,cpu_int8_dynamic,0,0,4.19361686706543,-3.4829447269439697
149,8,cpu_int8_dynamic,1,1,-1.5577566623687744,1.6230814456939697
150,8,cpu_int8_dynamic,1,1,-3.9366610050201416,4.291152477264404
151,8,cpu_int8_dynamic,1,1,-3.945481538772583,4.263694763183594
152,8,cpu_int8_dynamic,1,1,-3.0680389404296875,3.131993293762207
153,8,cpu_int8_dynamic,0,0,2.965501070022583,-2.4108026027679443
154,8,cpu_int8_dynamic,1,1,-3.593085527420044,3.777372121810913
155,8,cpu_int8_dynamic,0,0,3.437441110610962,-2.9059319496154785
156,8,cpu_int8_dynamic,1,1,-3.718951940536499,3.9948294162750244
157,8,cpu_int8_dynamic,0,0,3.7617571353912354,-3.1394617557525635
158,8,cpu_int8_dynamic,0,1,-2.7632787227630615,2.9287962913513184
159,8,cpu_int8_dynamic,1,1,-3.775480031967163,4.08783483505249
160,8,cpu_int8_dynamic,0,0,3.956977605819702,-3.1928112506866455
161,8,cpu_int8_dynamic,0,0,3.1077606678009033,-2.6301510334014893
162,8,cpu_int8_dynamic,0,0,3.9784061908721924,-3.2430264949798584
163,8,cpu_int8_dynamic,0,0,3.1998887062072754,-2.6304502487182617
164,8,cpu_int8_dynamic,1,1,-3.5159101486206055,3.7030739784240723
165,8,cpu_int8_dynamic,0,0,2.636751651763916,-2.200512647628784
166,8,cpu_int8_dynamic,0,0,2.791959524154663,-2.3518218994140625
167,8,cpu_int8_dynamic,0,0,3.942018508911133,-3.131563901901245
168,8,cpu_int8_dynamic,1,1,-4.2211761474609375,4.610176086425781
169,8,cpu_int8_dynamic,1,1,-3.7849810123443604,4.09127950668335
170,8,cpu_int8_dynamic,1,1,-4.274325370788574,4.635673522949219
171,8,cpu_int8_dynamic,0,1,-0.9895174503326416,1.0660284757614136
172,8,cpu_int8_dynamic,1,1,-0.6287424564361572,0.7079622745513916
173,8,cpu_int8_dynamic,0,0,3.925473213195801,-3.2216031551361084
174,8,cpu_int8_dynamic,1,1,-3.9060423374176025,4.18386173248291
175,8,cpu_int8_dynamic,1,1,-1.8254930973052979,1.9417822360992432
176,8,cpu_int8_dynamic,0,0,0.8459314107894897,-0.6939469575881958
177,8,cpu_int8_dynamic,0,0,3.6473567485809326,-2.9936177730560303
178,8,cpu_int8_dynamic,0,0,0.3085668981075287,-0.1419522613286972
179,8,cpu_int8_dynamic,1,1,-4.06440544128418,4.399755001068115
180,8,cpu_int8_dynamic,0,0,3.2569806575775146,-2.6937096118927
181,8,cpu_int8_dynamic,0,0,4.187657356262207,-3.421664237976074
182,8,cpu_int8_dynamic,0,0,3.105543613433838,-2.5765788555145264
183,8,cpu_int8_dynamic,0,1,-3.710176944732666,3.9252500534057617
184,8,cpu_int8_dynamic,0,1,-2.3207178115844727,2.401597499847412
185,8,cpu_int8_dynamic,1,1,-4.034048080444336,4.277606964111328
186,8,cpu_int8_dynamic,1,1,-1.7759665250778198,1.9516253471374512
187,8,cpu_int8_dynamic,1,1,-3.357715129852295,3.571600914001465
188,8,cpu_int8_dynamic,0,0,3.2216172218322754,-2.713200330734253
189,8,cpu_int8_dynamic,0,0,3.522602081298828,-2.986729621887207
190,8,cpu_int8_dynamic,0,0,1.316673994064331,-0.9644370675086975
191,8,cpu_int8_dynamic,1,1,-3.129038095474243,3.2849206924438477
192,8,cpu_int8_dynamic,1,1,-2.619133949279785,2.8144118785858154
193,8,cpu_int8_dynamic,1,1,-2.6512959003448486,2.846665143966675
194,8,cpu_int8_dynamic,1,1,-2.862192153930664,2.8738832473754883
195,8,cpu_int8_dynamic,1,1,-1.9935123920440674,2.0547966957092285
196,8,cpu_int8_dynamic,1,1,-2.305828809738159,2.4672696590423584
197,8,cpu_int8_dynamic,0,0,4.062371253967285,-3.3767194747924805
198,8,cpu_int8_dynamic,1,1,-4.193761825561523,4.4363532066345215
199,8,cpu_int8_dynamic,0,0,3.623915910720825,-2.9748024940490723
200,8,cpu_int8_dynamic,1,1,-0.946838915348053,1.1207859516143799
201,8,cpu_int8_dynamic,1,1,-1.95028817653656,2.0089619159698486
202,8,cpu_int8_dynamic,0,0,3.2383997440338135,-2.7045180797576904
203,8,cpu_int8_dynamic,0,0,4.300400733947754,-3.5039608478546143
204,8,cpu_int8_dynamic,1,1,-3.298656702041626,3.504155158996582
205,8,cpu_int8_dynamic,1,1,-1.0372236967086792,1.059615969657898
206,8,cpu_int8_dynamic,1,1,-4.199023246765137,4.49081563949585
207,8,cpu_int8_dynamic,1,1,-4.149724960327148,4.435407638549805
208,8,cpu_int8_dynamic,0,0,3.566565752029419,-2.9063332080841064
209,8,cpu_int8_dynamic,0,0,1.6462595462799072,-1.3880319595336914
210,8,cpu_int8_dynamic,1,1,-3.4976093769073486,3.6852757930755615
211,8,cpu_int8_dynamic,0,0,0.6822596192359924,-0.5192312002182007
212,8,cpu_int8_dynamic,0,0,3.4093244075775146,-2.880018711090088
213,8,cpu_int8_dynamic,0,0,1.6721571683883667,-1.3013944625854492
214,8,cpu_int8_dynamic,0,0,2.679194927215576,-2.3738274574279785
215,8,cpu_int8_dynamic,1,1,-1.401960015296936,1.455278754234314
216,8,cpu_int8_dynamic,1,1,-3.151829719543457,3.2884459495544434
217,8,cpu_int8_dynamic,0,0,3.757668972015381,-3.1413838863372803
218,8,cpu_int8_dynamic,0,1,-0.15192067623138428,0.2704613506793976
219,8,cpu_int8_dynamic,1,1,-3.283839225769043,3.458073616027832
220,8,cpu_int8_dynamic,1,1,-1.1587193012237549,1.2187860012054443
221,8,cpu_int8_dynamic,0,0,4.015894412994385,-3.30789852142334
222,8,cpu_int8_dynamic,1,1,-3.6007091999053955,3.8650705814361572
223,8,cpu_int8_dynamic,1,1,-3.466045379638672,3.6694674491882324
224,8,cpu_int8_dynamic,1,1,-3.3410122394561768,3.554945468902588
225,8,cpu_int8_dynamic,1,1,-3.7687532901763916,3.96427583694458
226,8,cpu_int8_dynamic,0,0,4.333751201629639,-3.512345552444458
227,8,cpu_int8_dynamic,1,1,-4.15305233001709,4.46451997756958
228,8,cpu_int8_dynamic,1,1,-3.9800193309783936,4.222240924835205
229,8,cpu_int8_dynamic,0,0,3.8957266807556152,-3.1695845127105713
230,8,cpu_int8_dynamic,1,1,-1.7617651224136353,1.751356601715088
231,8,cpu_int8_dynamic,1,1,-3.9042012691497803,4.186095714569092
232,8,cpu_int8_dynamic,0,0,1.176054835319519,-0.9830451011657715
233,8,cpu_int8_dynamic,0,0,3.464830160140991,-2.7985692024230957
234,8,cpu_int8_dynamic,1,1,-3.689251184463501,3.843792200088501
235,8,cpu_int8_dynamic,1,1,-2.771439552307129,2.82657527923584
236,8,cpu_int8_dynamic,1,1,-2.3928630352020264,2.517651081085205
237,8,cpu_int8_dynamic,0,0,3.5711605548858643,-2.9686803817749023
238,8,cpu_int8_dynamic,0,0,3.693561315536499,-2.957709312438965
239,8,cpu_int8_dynamic,1,1,-4.05947208404541,4.29741907119751
240,8,cpu_int8_dynamic,1,1,-3.249544143676758,3.3923051357269287
241,8,cpu_int8_dynamic,0,0,4.345535755157471,-3.51566481590271
242,8,cpu_int8_dynamic,0,0,4.380021095275879,-3.5520949363708496
243,8,cpu_int8_dynamic,1,0,1.7771146297454834,-1.5268105268478394
244,8,cpu_int8_dynamic,1,1,-4.217308521270752,4.566511154174805
245,8,cpu_int8_dynamic,1,1,-3.1388721466064453,3.328333854675293
246,8,cpu_int8_dynamic,1,1,-3.7219719886779785,3.9474880695343018
247,8,cpu_int8_dynamic,0,0,3.8064205646514893,-3.1427927017211914
248,8,cpu_int8_dynamic,1,1,-1.2433998584747314,1.067910075187683
249,8,cpu_int8_dynamic,1,1,-0.4939371645450592,0.5047215223312378
250,8,cpu_int8_dynamic,1,1,-3.714256525039673,3.9222116470336914
251,8,cpu_int8_dynamic,0,0,3.203455924987793,-2.577726125717163
252,8,cpu_int8_dynamic,1,1,-3.9518659114837646,4.236547470092773
253,8,cpu_int8_dynamic,0,0,2.171625852584839,-1.8820160627365112
254,8,cpu_int8_dynamic,0,0,4.357594966888428,-3.4627275466918945
255,8,cpu_int8_dynamic,0,0,3.7021546363830566,-3.1946861743927
256,8,cpu_int8_dynamic,0,0,2.3572635650634766,-1.9630253314971924
257,8,cpu_int8_dynamic,0,0,1.469757318496704,-1.1535893678665161
258,8,cpu_int8_dynamic,0,0,4.252275466918945,-3.434293031692505
259,8,cpu_int8_dynamic,1,1,-3.5988407135009766,3.812187910079956
260,8,cpu_int8_dynamic,0,0,3.6600441932678223,-3.0292935371398926
261,8,cpu_int8_dynamic,1,1,-3.774470329284668,3.945507049560547
262,8,cpu_int8_dynamic,0,0,3.759904623031616,-3.070295572280884
263,8,cpu_int8_dynamic,1,1,-3.7154879570007324,3.961042881011963
264,8,cpu_int8_dynamic,0,0,3.9235036373138428,-3.1611244678497314
265,8,cpu_int8_dynamic,0,0,3.3881936073303223,-2.795909881591797
266,8,cpu_int8_dynamic,1,0,2.547922372817993,-2.155155658721924
267,8,cpu_int8_dynamic,0,1,-1.7275958061218262,1.7853847742080688
268,8,cpu_int8_dynamic,0,0,4.2293171882629395,-3.403064489364624
269,8,cpu_int8_dynamic,0,0,3.06269907951355,-2.5457141399383545
270,8,cpu_int8_dynamic,1,1,-3.993293285369873,4.264709949493408
271,8,cpu_int8_dynamic,1,0,2.810102701187134,-2.3070452213287354
272,8,cpu_int8_dynamic,0,0,3.052659749984741,-2.5778417587280273
273,8,cpu_int8_dynamic,1,0,1.1705224514007568,-1.0246546268463135
274,8,cpu_int8_dynamic,0,1,-2.896991729736328,2.9258902072906494
275,8,cpu_int8_dynamic,1,1,-4.327030181884766,4.625168323516846
276,8,cpu_int8_dynamic,1,1,-3.229408025741577,3.4744040966033936
277,8,cpu_int8_dynamic,1,1,-4.109427452087402,4.427106857299805
278,8,cpu_int8_dynamic,0,0,3.705979347229004,-3.0465269088745117
279,8,cpu_int8_dynamic,1,1,-2.6745662689208984,2.7286648750305176
280,8,cpu_int8_dynamic,1,1,-3.960136651992798,4.279716968536377
281,8,cpu_int8_dynamic,0,0,3.9055440425872803,-3.2351574897766113
282,8,cpu_int8_dynamic,1,0,3.1502749919891357,-2.6910181045532227
283,8,cpu_int8_dynamic,1,1,-3.912013053894043,4.174046039581299
284,8,cpu_int8_dynamic,0,0,2.7736947536468506,-2.365252733230591
285,8,cpu_int8_dynamic,0,0,2.3056232929229736,-1.9635165929794312
286,8,cpu_int8_dynamic,1,1,-3.9180924892425537,4.183152198791504
287,8,cpu_int8_dynamic,1,1,-3.9634718894958496,4.2379021644592285
288,8,cpu_int8_dynamic,1,1,-3.325873374938965,3.484253168106079
289,8,cpu_int8_dynamic,1,1,-0.855319619178772,0.9561211466789246
290,8,cpu_int8_dynamic,1,1,-3.7864468097686768,4.025364398956299
291,8,cpu_int8_dynamic,0,0,2.2960500717163086,-1.923775553703308
292,8,cpu_int8_dynamic,0,1,-2.926574468612671,3.0644094944000244
293,8,cpu_int8_dynamic,1,1,-3.9999639987945557,4.26007604598999
294,8,cpu_int8_dynamic,1,1,-3.6269872188568115,3.9281184673309326
295,8,cpu_int8_dynamic,1,1,-3.1293187141418457,3.2778124809265137
296,8,cpu_int8_dynamic,0,0,3.5760951042175293,-2.9487826824188232
297,8,cpu_int8_dynamic,1,1,-2.902498722076416,3.039475202560425
298,8,cpu_int8_dynamic,0,0,3.787501573562622,-3.087012529373169
299,8,cpu_int8_dynamic,1,1,-1.754615306854248,1.7767449617385864
300,8,cpu_int8_dynamic,1,1,-3.8841772079467773,4.126742839813232
301,8,cpu_int8_dynamic,0,1,-1.1886142492294312,1.2941300868988037
302,8,cpu_int8_dynamic,1,1,-4.09227180480957,4.424078464508057
303,8,cpu_int8_dynamic,1,1,-4.198812007904053,4.503576755523682
304,8,cpu_int8_dynamic,1,1,-3.737442970275879,3.9127726554870605
305,8,cpu_int8_dynamic,0,0,2.980607748031616,-2.4047727584838867
306,8,cpu_int8_dynamic,1,1,-3.86930251121521,4.1122589111328125
307,8,cpu_int8_dynamic,1,1,-4.114726543426514,4.40794038772583
308,8,cpu_int8_dynamic,1,1,-3.0053768157958984,3.137068271636963
309,8,cpu_int8_dynamic,1,1,-3.862440586090088,4.105696201324463
310,8,cpu_int8_dynamic,1,1,-3.938929557800293,4.211146354675293
311,8,cpu_int8_dynamic,1,1,-4.242734432220459,4.544511318206787
312,8,cpu_int8_dynamic,0,1,-2.7298150062561035,2.8075718879699707
313,8,cpu_int8_dynamic,1,1,-3.954582452774048,4.254125595092773
314,8,cpu_int8_dynamic,1,1,-4.1802449226379395,4.476825714111328
315,8,cpu_int8_dynamic,0,0,4.505261421203613,-3.5889625549316406
316,8,cpu_int8_dynamic,1,1,-4.05484676361084,4.3955769538879395
317,8,cpu_int8_dynamic,1,1,-4.230819225311279,4.541154861450195
318,8,cpu_int8_dynamic,0,0,3.322113275527954,-2.708686113357544
319,8,cpu_int8_dynamic,0,0,4.273173809051514,-3.498403310775757
320,8,cpu_int8_dynamic,1,1,-4.201159477233887,4.531289100646973
321,8,cpu_int8_dynamic,0,0,2.620600461959839,-2.316993236541748
322,8,cpu_int8_dynamic,0,0,0.5395076870918274,-0.3795245885848999
323,8,cpu_int8_dynamic,1,1,-2.7429375648498535,2.85087513923645
324,8,cpu_int8_dynamic,1,0,1.1514382362365723,-1.0681729316711426
325,8,cpu_int8_dynamic,1,1,-3.833281993865967,4.109100341796875
326,8,cpu_int8_dynamic,1,1,-3.3895649909973145,3.6448163986206055
327,8,cpu_int8_dynamic,1,1,-3.755861282348633,4.017762184143066
328,8,cpu_int8_dynamic,0,0,2.097311019897461,-1.6934058666229248
329,8,cpu_int8_dynamic,0,0,4.417630672454834,-3.5717952251434326
330,8,cpu_int8_dynamic,0,0,2.2597405910491943,-1.9733242988586426
331,8,cpu_int8_dynamic,1,1,-3.211811065673828,3.3577427864074707
332,8,cpu_int8_dynamic,1,1,-2.3334665298461914,2.4133780002593994
333,8,cpu_int8_dynamic,1,1,-3.5665435791015625,3.7467358112335205
334,8,cpu_int8_dynamic,1,1,-3.8789517879486084,4.212284088134766
335,8,cpu_int8_dynamic,0,0,3.081120729446411,-2.566837787628174
336,8,cpu_int8_dynamic,1,1,-4.0825886726379395,4.436873435974121
337,8,cpu_int8_dynamic,0,0,4.514418125152588,-3.687164545059204
338,8,cpu_int8_dynamic,0,0,2.64548397064209,-2.232801914215088
339,8,cpu_int8_dynamic,1,1,-3.806985855102539,4.0331010818481445
340,8,cpu_int8_dynamic,0,0,3.0025970935821533,-2.466008186340332
341,8,cpu_int8_dynamic,1,1,0.08513380587100983,0.09653409570455551
342,8,cpu_int8_dynamic,0,0,2.3684768676757812,-1.986008882522583
343,8,cpu_int8_dynamic,0,0,4.121212005615234,-3.280149459838867
344,8,cpu_int8_dynamic,1,1,-3.5687263011932373,3.8104844093322754
345,8,cpu_int8_dynamic,1,1,-3.574979543685913,3.7520275115966797
346,8,cpu_int8_dynamic,0,0,2.734429359436035,-2.3217933177948
347,8,cpu_int8_dynamic,0,0,3.887662649154663,-3.1019394397735596
348,8,cpu_int8_dynamic,0,0,3.829780101776123,-3.1770904064178467
349,8,cpu_int8_dynamic,0,0,2.4704928398132324,-2.0581531524658203
350,8,cpu_int8_dynamic,0,0,2.889150381088257,-2.461089611053467
351,8,cpu_int8_dynamic,1,1,-4.013230800628662,4.363037586212158
352,8,cpu_int8_dynamic,1,1,-3.5191497802734375,3.7960736751556396
353,8,cpu_int8_dynamic,1,1,-4.175048828125,4.482006549835205
354,8,cpu_int8_dynamic,1,1,-3.3164196014404297,3.502634286880493
355,8,cpu_int8_dynamic,0,0,3.1026382446289062,-2.4978420734405518
356,8,cpu_int8_dynamic,0,1,-1.8870397806167603,1.9590871334075928
357,8,cpu_int8_dynamic,0,0,2.3343989849090576,-1.9395945072174072
358,8,cpu_int8_dynamic,1,0,2.301039218902588,-1.988599419593811
359,8,cpu_int8_dynamic,1,1,-3.4655613899230957,3.658515691757202
360,8,cpu_int8_dynamic,1,1,-3.7835123538970947,4.054934024810791
361,8,cpu_int8_dynamic,0,0,4.461010456085205,-3.6119799613952637
362,8,cpu_int8_dynamic,1,1,-2.918039083480835,3.0297651290893555
363,8,cpu_int8_dynamic,0,0,4.080417633056641,-3.3922863006591797
364,8,cpu_int8_dynamic,0,0,2.8116142749786377,-2.433203935623169
365,8,cpu_int8_dynamic,0,0,1.7611055374145508,-1.5766472816467285
366,8,cpu_int8_dynamic,1,1,-3.734985113143921,3.9490997791290283
367,8,cpu_int8_dynamic,1,1,-3.4191863536834717,3.621095895767212
368,8,cpu_int8_dynamic,0,0,3.7876741886138916,-3.138806104660034
369,8,cpu_int8_dynamic,1,1,-2.349323034286499,2.3708865642547607
370,8,cpu_int8_dynamic,0,0,4.024228572845459,-3.2756826877593994
371,8,cpu_int8_dynamic,1,1,-3.494474411010742,3.7097926139831543
372,8,cpu_int8_dynamic,1,1,-3.3440661430358887,3.507906198501587
373,8,cpu_int8_dynamic,0,0,2.995882987976074,-2.5621325969696045
374,8,cpu_int8_dynamic,0,0,4.022388935089111,-3.2726502418518066
375,8,cpu_int8_dynamic,1,0,2.1067728996276855,-1.7793200016021729
376,8,cpu_int8_dynamic,0,0,3.2569961547851562,-2.7606518268585205
377,8,cpu_int8_dynamic,0,0,3.2891459465026855,-2.713284492492676
378,8,cpu_int8_dynamic,0,0,4.134951591491699,-3.3855764865875244
379,8,cpu_int8_dynamic,0,0,3.1736459732055664,-2.6547534465789795
380,8,cpu_int8_dynamic,0,0,4.587196350097656,-3.6889448165893555
381,8,cpu_int8_dynamic,1,1,-3.7606570720672607,3.9526939392089844
382,8,cpu_int8_dynamic,0,0,1.5588786602020264,-1.3351327180862427
383,8,cpu_int8_dynamic,1,1,-4.168169975280762,4.449431419372559
384,8,cpu_int8_dynamic,0,0,3.919440507888794,-3.269325017929077
385,8,cpu_int8_dynamic,0,1,-0.02708107978105545,0.18872925639152527
386,8,cpu_int8_dynamic,1,1,-4.241915702819824,4.5273051261901855
387,8,cpu_int8_dynamic,1,1,-4.135250568389893,4.418243408203125
388,8,cpu_int8_dynamic,0,0,3.850942373275757,-3.2034261226654053
389,8,cpu_int8_dynamic,1,1,-3.2848970890045166,3.482372760772705
390,8,cpu_int8_dynamic,0,0,4.382101058959961,-3.6184186935424805
391,8,cpu_int8_dynamic,0,0,3.0167601108551025,-2.4655702114105225
392,8,cpu_int8_dynamic,0,0,3.3385722637176514,-2.7737135887145996
393,8,cpu_int8_dynamic,1,1,-4.192000389099121,4.521921634674072
394,8,cpu_int8_dynamic,1,1,-3.400252103805542,3.6046507358551025
395,8,cpu_int8_dynamic,0,1,-1.0221266746520996,1.155003547668457
396,8,cpu_int8_dynamic,1,1,-4.279324531555176,4.603487014770508
397,8,cpu_int8_dynamic,1,1,-4.019937515258789,4.3188629150390625
398,8,cpu_int8_dynamic,1,1,-3.2741219997406006,3.3163108825683594
399,8,cpu_int8_dynamic,0,0,2.134634256362915,-1.8215702772140503
400,8,cpu_int8_dynamic,1,1,-3.95855975151062,4.2752180099487305
401,8,cpu_int8_dynamic,1,1,-1.9336631298065186,1.9615988731384277
402,8,cpu_int8_dynamic,0,0,3.362407684326172,-2.834611415863037
403,8,cpu_int8_dynamic,0,0,3.972615957260132,-3.290802240371704
404,8,cpu_int8_dynamic,1,1,-3.8408570289611816,4.155911922454834
405,8,cpu_int8_dynamic,0,1,-2.3605055809020996,2.478353261947632
406,8,cpu_int8_dynamic,1,1,-3.2458395957946777,3.415346384048462
407,8,cpu_int8_dynamic,0,0,2.886967897415161,-2.449889898300171
408,8,cpu_int8_dynamic,0,0,3.5080313682556152,-2.9022138118743896
409,8,cpu_int8_dynamic,0,0,4.42236328125,-3.6454975605010986
410,8,cpu_int8_dynamic,1,1,-2.9524576663970947,3.0135624408721924
411,8,cpu_int8_dynamic,0,1,-0.9506438970565796,0.9101963639259338
412,8,cpu_int8_dynamic,0,0,2.982720375061035,-2.508141040802002
413,8,cpu_int8_dynamic,0,0,4.236088752746582,-3.403001070022583
414,8,cpu_int8_dynamic,1,1,-3.7265028953552246,3.8681342601776123
415,8,cpu_int8_dynamic,1,1,-4.080277442932129,4.440589427947998
416,8,cpu_int8_dynamic,1,1,-3.1724348068237305,3.4353606700897217
417,8,cpu_int8_dynamic,1,1,-3.8964357376098633,4.151258945465088
418,8,cpu_int8_dynamic,1,1,-2.8838911056518555,3.073899030685425
419,8,cpu_int8_dynamic,0,0,4.310647487640381,-3.516711473464966
420,8,cpu_int8_dynamic,0,0,3.0616509914398193,-2.54132342338562
421,8,cpu_int8_dynamic,1,1,-2.46964430809021,2.581171989440918
422,8,cpu_int8_dynamic,1,1,-1.4560890197753906,1.5240508317947388
423,8,cpu_int8_dynamic,0,0,4.13161039352417,-3.398995876312256
424,8,cpu_int8_dynamic,1,1,-4.128224849700928,4.428022384643555
425,8,cpu_int8_dynamic,1,1,-3.5757195949554443,3.7130820751190186
426,8,cpu_int8_dynamic,1,1,-3.906928539276123,4.125527381896973
427,8,cpu_int8_dynamic,1,1,-4.06525993347168,4.335061073303223
428,8,cpu_int8_dynamic,1,1,-4.267822742462158,4.58159065246582
429,8,cpu_int8_dynamic,0,0,4.3338541984558105,-3.558212995529175
430,8,cpu_int8_dynamic,1,1,-4.121055603027344,4.448143005371094
431,8,cpu_int8_dynamic,0,0,3.1875462532043457,-2.7600367069244385
432,8,cpu_int8_dynamic,0,0,3.7163469791412354,-3.0708560943603516
433,8,cpu_int8_dynamic,1,1,-3.386770009994507,3.521333694458008
434,8,cpu_int8_dynamic,0,0,2.3932528495788574,-2.103017807006836
435,8,cpu_int8_dynamic,1,1,-3.7761471271514893,4.0180535316467285
436,8,cpu_int8_dynamic,0,0,4.103123664855957,-3.349280834197998
437,8,cpu_int8_dynamic,1,1,-4.122804164886475,4.4420952796936035
438,8,cpu_int8_dynamic,1,1,-3.6601481437683105,3.8386154174804688
439,8,cpu_int8_dynamic,1,1,-4.178071975708008,4.577561855316162
440,8,cpu_int8_dynamic,1,1,-0.8716588616371155,1.049811840057373
441,8,cpu_int8_dynamic,0,0,2.475156307220459,-2.0466156005859375
442,8,cpu_int8_dynamic,0,0,2.6846511363983154,-2.1612603664398193
443,8,cpu_int8_dynamic,1,1,-3.916435480117798,4.204275608062744
444,8,cpu_int8_dynamic,0,0,1.9601199626922607,-1.6552342176437378
445,8,cpu_int8_dynamic,1,1,-3.292572021484375,3.4893136024475098
446,8,cpu_int8_dynamic,0,1,-2.1975717544555664,2.2964656352996826
447,8,cpu_int8_dynamic,1,1,-2.9834649562835693,3.124316453933716
448,8,cpu_int8_dynamic,1,0,0.6079476475715637,-0.36049017310142517
449,8,cpu_int8_dynamic,0,1,-1.2532131671905518,1.2744007110595703
450,8,cpu_int8_dynamic,1,1,-4.181865215301514,4.503231048583984
451,8,cpu_int8_dynamic,1,1,-3.598618745803833,3.7605526447296143
452,8,cpu_int8_dynamic,0,0,4.450840950012207,-3.596217155456543
453,8,cpu_int8_dynamic,1,1,-3.2073962688446045,3.4974005222320557
454,8,cpu_int8_dynamic,0,0,2.0034050941467285,-1.697343111038208
455,8,cpu_int8_dynamic,1,1,-4.083130836486816,4.339644432067871
456,8,cpu_int8_dynamic,0,0,3.096447467803955,-2.578050374984741
457,8,cpu_int8_dynamic,1,1,-4.201101779937744,4.485580921173096
458,8,cpu_int8_dynamic,1,1,-3.173175811767578,3.3183631896972656
459,8,cpu_int8_dynamic,1,1,-4.152105331420898,4.473858833312988
460,8,cpu_int8_dynamic,1,1,-3.618098258972168,3.8430397510528564
461,8,cpu_int8_dynamic,0,0,4.519502639770508,-3.658190965652466
462,8,cpu_int8_dynamic,0,0,3.803309440612793,-3.118504524230957
463,8,cpu_int8_dynamic,0,0,3.2328946590423584,-2.654772996902466
464,8,cpu_int8_dynamic,1,0,0.9623610377311707,-0.7388372421264648
465,8,cpu_int8_dynamic,0,0,2.3918607234954834,-2.0308473110198975
466,8,cpu_int8_dynamic,1,1,-3.331873893737793,3.4583587646484375
467,8,cpu_int8_dynamic,1,1,-2.6481118202209473,2.727980136871338
468,8,cpu_int8_dynamic,1,1,-3.812072515487671,4.0597004890441895
469,8,cpu_int8_dynamic,0,0,4.164453983306885,-3.418660879135132
470,8,cpu_int8_dynamic,1,1,-4.0836029052734375,4.4254069328308105
471,8,cpu_int8_dynamic,0,0,3.1305363178253174,-2.6358935832977295
472,8,cpu_int8_dynamic,1,1,-3.3190431594848633,3.345503330230713
473,8,cpu_int8_dynamic,1,1,-2.509490489959717,2.602729558944702
474,8,cpu_int8_dynamic,0,0,4.153351783752441,-3.332972764968872
475,8,cpu_int8_dynamic,1,1,-4.103757381439209,4.430963039398193
476,8,cpu_int8_dynamic,0,0,3.5045268535614014,-2.8996968269348145
477,8,cpu_int8_dynamic,0,1,-1.9956823587417603,1.9707868099212646
478,8,cpu_int8_dynamic,0,1,-0.5035895109176636,0.4787897765636444
479,8,cpu_int8_dynamic,1,1,-4.2493791580200195,4.5668721199035645
480,8,cpu_int8_dynamic,1,1,-3.8376951217651367,4.092745304107666
481,8,cpu_int8_dynamic,1,1,-2.058826446533203,2.137652635574341
482,8,cpu_int8_dynamic,1,1,-3.5360584259033203,3.6953330039978027
483,8,cpu_int8_dynamic,1,1,-3.7391555309295654,4.005861282348633
484,8,cpu_int8_dynamic,1,1,-3.9750540256500244,4.306990623474121
485,8,cpu_int8_dynamic,1,1,-3.7684037685394287,3.9963536262512207
486,8,cpu_int8_dynamic,0,0,3.69171404838562,-2.9444289207458496
487,8,cpu_int8_dynamic,0,0,2.8592491149902344,-2.394974946975708
488,8,cpu_int8_dynamic,1,1,-4.134531021118164,4.4935102462768555
489,8,cpu_int8_dynamic,0,0,3.6698663234710693,-3.0010812282562256
490,8,cpu_int8_dynamic,0,0,4.380570888519287,-3.5734589099884033
491,8,cpu_int8_dynamic,0,0,3.724846363067627,-3.060662031173706
492,8,cpu_int8_dynamic,1,1,-4.192989349365234,4.461637496948242
493,8,cpu_int8_dynamic,0,0,4.434771537780762,-3.5465023517608643
494,8,cpu_int8_dynamic,0,1,-3.085876941680908,3.233423948287964
495,8,cpu_int8_dynamic,1,0,0.21721477806568146,-0.025680014863610268
496,8,cpu_int8_dynamic,1,1,-2.2160816192626953,2.34541916847229
497,8,cpu_int8_dynamic,0,0,2.1079699993133545,-1.7697988748550415
498,8,cpu_int8_dynamic,1,1,-3.9105682373046875,4.206465721130371
499,8,cpu_int8_dynamic,1,1,-2.8897249698638916,2.951943874359131
500,8,cpu_int8_dynamic,0,0,3.871249198913574,-3.1568233966827393
501,8,cpu_int8_dynamic,1,0,2.0901858806610107,-1.8016438484191895
502,8,cpu_int8_dynamic,0,0,4.558304309844971,-3.7012813091278076
503,8,cpu_int8_dynamic,0,0,2.3430278301239014,-1.980255365371704
504,8,cpu_int8_dynamic,1,1,-4.217668533325195,4.505152702331543
505,8,cpu_int8_dynamic,1,1,-2.038372039794922,2.1493163108825684
506,8,cpu_int8_dynamic,1,1,-3.538710832595825,3.708035707473755
507,8,cpu_int8_dynamic,1,1,-3.8102922439575195,4.109447002410889
508,8,cpu_int8_dynamic,1,1,-4.164154052734375,4.496157646179199
509,8,cpu_int8_dynamic,1,0,1.451385259628296,-1.231071949005127
510,8,cpu_int8_dynamic,1,1,-3.042062520980835,3.2443759441375732
511,8,cpu_int8_dynamic,1,1,-3.8870174884796143,4.083831310272217
512,8,cpu_int8_dynamic,0,0,3.6099019050598145,-2.964488983154297
513,8,cpu_int8_dynamic,0,1,-1.1923071146011353,1.3079643249511719
514,8,cpu_int8_dynamic,1,1,-3.832413673400879,4.081994533538818
515,8,cpu_int8_dynamic,0,0,2.4830970764160156,-2.0759494304656982
516,8,cpu_int8_dynamic,0,0,3.3931992053985596,-2.8460330963134766
517,8,cpu_int8_dynamic,1,1,-2.294391632080078,2.393200159072876
518,8,cpu_int8_dynamic,1,1,-3.754652261734009,4.021450042724609
519,8,cpu_int8_dynamic,0,1,-3.298220157623291,3.4516255855560303
520,8,cpu_int8_dynamic,1,1,-3.75994873046875,3.970597743988037
521,8,cpu_int8_dynamic,0,0,3.7931411266326904,-3.144866466522217
522,8,cpu_int8_dynamic,0,0,3.248439311981201,-2.7572567462921143
523,8,cpu_int8_dynamic,1,1,-4.118526458740234,4.4210205078125
524,8,cpu_int8_dynamic,1,1,-3.7002029418945312,3.9428203105926514
525,8,cpu_int8_dynamic,1,1,-3.906679153442383,4.21182107925415
526,8,cpu_int8_dynamic,0,0,2.8558762073516846,-2.3901569843292236
527,8,cpu_int8_dynamic,0,1,-1.5609279870986938,1.5334575176239014
528,8,cpu_int8_dynamic,1,1,-2.2222018241882324,2.332244634628296
529,8,cpu_int8_dynamic,0,0,3.9985854625701904,-3.279073476791382
530,8,cpu_int8_dynamic,1,1,-4.12417459487915,4.438451290130615
531,8,cpu_int8_dynamic,0,0,3.714352607727051,-3.091477155685425
532,8,cpu_int8_dynamic,1,1,-3.1765286922454834,3.317225933074951
533,8,cpu_int8_dynamic,1,1,-3.333716869354248,3.575695753097534
534,8,cpu_int8_dynamic,1,1,-4.091320991516113,4.396243095397949
535,8,cpu_int8_dynamic,1,1,-3.6459028720855713,3.8729970455169678
536,8,cpu_int8_dynamic,0,0,4.334342956542969,-3.548980712890625
537,8,cpu_int8_dynamic,1,1,-3.9779624938964844,4.205305576324463
538,8,cpu_int8_dynamic,0,0,4.439927101135254,-3.5940635204315186
539,8,cpu_int8_dynamic,0,0,1.9704670906066895,-1.5821911096572876
540,8,cpu_int8_dynamic,1,1,-3.3854575157165527,3.6083569526672363
541,8,cpu_int8_dynamic,1,1,-4.088339328765869,4.397103786468506
542,8,cpu_int8_dynamic,0,0,3.1652426719665527,-2.649876356124878
543,8,cpu_int8_dynamic,0,0,2.5367202758789062,-2.134368419647217
544,8,cpu_int8_dynamic,0,1,-3.4014196395874023,3.645352602005005
545,8,cpu_int8_dynamic,0,0,4.117220401763916,-3.3954367637634277
546,8,cpu_int8_dynamic,1,1,-1.7300795316696167,1.721031904220581
547,8,cpu_int8_dynamic,0,0,3.086984395980835,-2.532712459564209
548,8,cpu_int8_dynamic,0,0,2.1149368286132812,-1.8206980228424072
549,8,cpu_int8_dynamic,0,0,4.432734966278076,-3.587779998779297
550,8,cpu_int8_dynamic,0,0,4.454267501831055,-3.6184988021850586
551,8,cpu_int8_dynamic,0,0,3.357714891433716,-2.8057048320770264
552,8,cpu_int8_dynamic,0,0,2.9384660720825195,-2.4772205352783203
553,8,cpu_int8_dynamic,1,1,-3.8078393936157227,4.110352516174316
554,8,cpu_int8_dynamic,0,0,2.621495008468628,-2.2264959812164307
555,8,cpu_int8_dynamic,0,0,3.8580098152160645,-3.2427978515625
556,8,cpu_int8_dynamic,0,0,4.246675491333008,-3.4594569206237793
557,8,cpu_int8_dynamic,1,1,-4.063274383544922,4.409096717834473
558,8,cpu_int8_dynamic,1,1,-2.781715154647827,2.818000555038452
559,8,cpu_int8_dynamic,0,0,2.377953052520752,-2.0168981552124023
560,8,cpu_int8_dynamic,0,0,3.5650289058685303,-2.940934181213379
561,8,cpu_int8_dynamic,1,0,2.123481273651123,-1.8196662664413452
562,8,cpu_int8_dynamic,0,0,3.9698433876037598,-3.2057106494903564
563,8,cpu_int8_dynamic,1,1,-4.013952255249023,4.224931716918945
564,8,cpu_int8_dynamic,0,0,3.419358730316162,-2.8052990436553955
565,8,cpu_int8_dynamic,1,1,-4.224793434143066,4.542496204376221
566,8,cpu_int8_dynamic,0,0,3.782318592071533,-3.099877119064331
567,8,cpu_int8_dynamic,1,1,-3.8088254928588867,4.105119228363037
568,8,cpu_int8_dynamic,0,0,2.934767484664917,-2.4486358165740967
569,8,cpu_int8_dynamic,1,1,-4.231573104858398,4.564046859741211
570,8,cpu_int8_dynamic,1,1,-3.8561830520629883,4.048092842102051
571,8,cpu_int8_dynamic,0,0,2.8415467739105225,-2.3388350009918213
572,8,cpu_int8_dynamic,0,0,3.5710625648498535,-2.8840582370758057
573,8,cpu_int8_dynamic,1,1,-4.213646411895752,4.519359111785889
574,8,cpu_int8_dynamic,0,0,3.196972608566284,-2.675255060195923
575,8,cpu_int8_dynamic,0,0,1.1307309865951538,-0.8863509297370911
576,8,cpu_int8_dynamic,0,0,4.061514377593994,-3.2769625186920166
577,8,cpu_int8_dynamic,1,1,-3.900620222091675,4.207213401794434
578,8,cpu_int8_dynamic,0,0,1.8010799884796143,-1.5910382270812988
579,8,cpu_int8_dynamic,0,1,-2.1502513885498047,2.144162178039551
580,8,cpu_int8_dynamic,0,0,1.5334120988845825,-1.3248003721237183
581,8,cpu_int8_dynamic,0,0,4.066718101501465,-3.3071320056915283
582,8,cpu_int8_dynamic,0,0,1.9017000198364258,-1.546042561531067
583,8,cpu_int8_dynamic,0,0,2.896772861480713,-2.4474613666534424
584,8,cpu_int8_dynamic,0,0,1.4385823011398315,-1.234885811805725
585,8,cpu_int8_dynamic,0,0,4.344174385070801,-3.5226457118988037
586,8,cpu_int8_dynamic,0,0,3.710679292678833,-2.992480516433716
587,8,cpu_int8_dynamic,0,0,2.9854958057403564,-2.4646337032318115
588,8,cpu_int8_dynamic,1,1,-2.396071195602417,2.426539897918701
589,8,cpu_int8_dynamic,1,1,-2.849928140640259,3.004751443862915
590,8,cpu_int8_dynamic,0,0,3.7851932048797607,-3.1232857704162598
591,8,cpu_int8_dynamic,0,0,4.456353664398193,-3.5824038982391357
592,8,cpu_int8_dynamic,0,0,3.5485916137695312,-2.8697397708892822
593,8,cpu_int8_dynamic,1,1,-3.797260284423828,4.066712856292725
594,8,cpu_int8_dynamic,1,1,-3.9497814178466797,4.2418131828308105
595,8,cpu_int8_dynamic,0,1,-0.11635719239711761,0.27158254384994507
596,8,cpu_int8_dynamic,0,0,2.0967960357666016,-1.707323670387268
597,8,cpu_int8_dynamic,0,0,2.927700996398926,-2.4983432292938232
598,8,cpu_int8_dynamic,0,0,4.56514310836792,-3.713998794555664
599,8,cpu_int8_dynamic,0,0,4.175618648529053,-3.486751079559326
600,8,cpu_int8_dynamic,0,0,3.0400075912475586,-2.5965757369995117
601,8,cpu_int8_dynamic,0,0,1.917435646057129,-1.6310880184173584
602,8,cpu_int8_dynamic,1,1,-3.59146785736084,3.896946907043457
603,8,cpu_int8_dynamic,1,1,-4.248979091644287,4.514334201812744
604,8,cpu_int8_dynamic,0,1,-2.9324581623077393,3.0249290466308594
605,8,cpu_int8_dynamic,1,1,-2.4007229804992676,2.4228873252868652
606,8,cpu_int8_dynamic,0,0,3.284968376159668,-2.803182601928711
607,8,cpu_int8_dynamic,1,1,-2.7047855854034424,2.969522714614868
608,8,cpu_int8_dynamic,1,1,-3.502718687057495,3.71045184135437
609,8,cpu_int8_dynamic,1,1,-2.1989238262176514,2.2684648036956787
610,8,cpu_int8_dynamic,0,0,1.941188931465149,-1.682617425918579
611,8,cpu_int8_dynamic,1,1,-2.981353998184204,3.1671409606933594
612,8,cpu_int8_dynamic,0,0,0.7063093185424805,-0.478912353515625
613,8,cpu_int8_dynamic,1,1,-2.072277784347534,2.0733706951141357
614,8,cpu_int8_dynamic,1,1,-3.809105157852173,4.093148708343506
615,8,cpu_int8_dynamic,0,0,3.1521124839782715,-2.586555242538452
616,8,cpu_int8_dynamic,1,1,-3.0242152214050293,3.176760196685791
617,8,cpu_int8_dynamic,0,0,1.48045015335083,-1.318159818649292
618,8,cpu_int8_dynamic,0,0,2.1160051822662354,-1.850415587425232
619,8,cpu_int8_dynamic,0,0,4.282561302185059,-3.5627055168151855
620,8,cpu_int8_dynamic,0,0,2.9020726680755615,-2.4481964111328125
621,8,cpu_int8_dynamic,1,1,-3.9359960556030273,4.168758392333984
622,8,cpu_int8_dynamic,1,1,-3.4352867603302,3.653059959411621
623,8,cpu_int8_dynamic,1,1,-3.8927457332611084,4.174856185913086
624,8,cpu_int8_dynamic,1,1,-3.634307861328125,3.8882224559783936
625,8,cpu_int8_dynamic,1,1,-4.201352596282959,4.5083465576171875
626,8,cpu_int8_dynamic,1,1,-1.1239948272705078,1.2298436164855957
627,8,cpu_int8_dynamic,0,0,4.293640613555908,-3.4188461303710938
628,8,cpu_int8_dynamic,1,1,-3.8659074306488037,4.17780876159668
629,8,cpu_int8_dynamic,0,0,2.700730800628662,-2.330160617828369
630,8,cpu_int8_dynamic,1,1,-3.539848804473877,3.6701066493988037
631,8,cpu_int8_dynamic,0,0,2.3468854427337646,-1.9494569301605225
632,8,cpu_int8_dynamic,0,0,3.9807159900665283,-3.2941603660583496
633,8,cpu_int8_dynamic,1,1,-2.8535537719726562,3.0055510997772217
634,8,cpu_int8_dynamic,1,1,-3.3110239505767822,3.439664363861084
635,8,cpu_int8_dynamic,0,0,3.5494251251220703,-2.9586970806121826
636,8,cpu_int8_dynamic,1,1,-3.8201327323913574,4.132834434509277
637,8,cpu_int8_dynamic,0,0,3.3204262256622314,-2.8382647037506104
638,8,cpu_int8_dynamic,1,1,-3.5210916996002197,3.7387819290161133
639,8,cpu_int8_dynamic,0,0,4.0876030921936035,-3.327674150466919
640,8,cpu_int8_dynamic,1,1,-4.1021623611450195,4.399820327758789
641,8,cpu_int8_dynamic,1,1,-4.1083197593688965,4.399230003356934
642,8,cpu_int8_dynamic,0,0,3.751713991165161,-3.060526132583618
643,8,cpu_int8_dynamic,1,1,-0.703671395778656,0.6871940493583679
644,8,cpu_int8_dynamic,1,1,-3.7917160987854004,4.017336368560791
645,8,cpu_int8_dynamic,0,1,-1.683300256729126,1.7994358539581299
646,8,cpu_int8_dynamic,0,1,-3.3689777851104736,3.643129348754883
647,8,cpu_int8_dynamic,0,0,4.5027899742126465,-3.6054799556732178
648,8,cpu_int8_dynamic,1,1,-3.0434517860412598,3.243520736694336
649,8,cpu_int8_dynamic,0,0,4.22480583190918,-3.454258441925049
650,8,cpu_int8_dynamic,0,0,3.701244831085205,-3.088310480117798
651,8,cpu_int8_dynamic,0,0,4.1360979080200195,-3.32804274559021
652,8,cpu_int8_dynamic,0,0,4.283644676208496,-3.462974786758423
653,8,cpu_int8_dynamic,0,0,4.078130722045898,-3.3545849323272705
654,8,cpu_int8_dynamic,0,0,4.105160236358643,-3.3222601413726807
655,8,cpu_int8_dynamic,1,1,-3.916165590286255,4.170050144195557
656,8,cpu_int8_dynamic,1,0,0.9463826417922974,-0.861571192741394
657,8,cpu_int8_dynamic,0,0,3.1951005458831787,-2.645720958709717
658,8,cpu_int8_dynamic,1,1,-4.178866386413574,4.425461292266846
659,8,cpu_int8_dynamic,0,0,1.8703887462615967,-1.6294363737106323
660,8,cpu_int8_dynamic,1,1,-3.8678231239318848,4.162442684173584
661,8,cpu_int8_dynamic,0,0,3.2068228721618652,-2.6920511722564697
662,8,cpu_int8_dynamic,0,0,3.747413158416748,-3.03761887550354
663,8,cpu_int8_dynamic,1,1,-3.1671719551086426,3.2576723098754883
664,8,cpu_int8_dynamic,1,1,-3.5883946418762207,3.7946219444274902
665,8,cpu_int8_dynamic,1,1,-3.6418490409851074,3.860663414001465
666,8,cpu_int8_dynamic,1,1,-3.738466501235962,3.983787775039673
667,8,cpu_int8_dynamic,1,1,-0.7590125799179077,0.8178331851959229
668,8,cpu_int8_dynamic,0,0,3.2176802158355713,-2.6402792930603027
669,8,cpu_int8_dynamic,1,1,-4.08067512512207,4.440990924835205
670,8,cpu_int8_dynamic,0,0,1.926554799079895,-1.5964016914367676
671,8,cpu_int8_dynamic,1,1,-3.3512487411499023,3.5966148376464844
672,8,cpu_int8_dynamic,0,0,3.5382368564605713,-2.8905324935913086
673,8,cpu_int8_dynamic,1,0,1.6313831806182861,-1.2960569858551025
674,8,cpu_int8_dynamic,1,1,-3.3259074687957764,3.4769153594970703
675,8,cpu_int8_dynamic,1,1,-3.80757474899292,4.0437140464782715
676,8,cpu_int8_dynamic,0,0,4.163553714752197,-3.4231297969818115
677,8,cpu_int8_dynamic,1,1,-2.972548246383667,3.1559109687805176
678,8,cpu_int8_dynamic,1,1,-3.2856154441833496,3.4774389266967773
679,8,cpu_int8_dynamic,1,1,-3.6036064624786377,3.848243474960327
680,8,cpu_int8_dynamic,1,1,-3.4472005367279053,3.6586225032806396
681,8,cpu_int8_dynamic,0,0,3.844644784927368,-3.2080836296081543
682,8,cpu_int8_dynamic,0,0,4.301494121551514,-3.486448287963867
683,8,cpu_int8_dynamic,1,0,0.09709418565034866,0.046387504786252975
684,8,cpu_int8_dynamic,1,1,-1.7559926509857178,1.8028606176376343
685,8,cpu_int8_dynamic,1,0,2.838878870010376,-2.3335812091827393
686,8,cpu_int8_dynamic,1,1,-3.7110607624053955,3.908022403717041
687,8,cpu_int8_dynamic,0,0,3.1841421127319336,-2.6770260334014893
688,8,cpu_int8_dynamic,0,0,1.3066415786743164,-1.040557622909546
689,8,cpu_int8_dynamic,0,0,2.39072322845459,-2.1601738929748535
690,8,cpu_int8_dynamic,0,0,4.4194817543029785,-3.563023328781128
691,8,cpu_int8_dynamic,1,1,-2.760521650314331,2.9216339588165283
692,8,cpu_int8_dynamic,0,1,-1.0930851697921753,1.201030969619751
693,8,cpu_int8_dynamic,0,0,4.2384490966796875,-3.4970526695251465
694,8,cpu_int8_dynamic,0,0,2.769155740737915,-2.314565420150757
695,8,cpu_int8_dynamic,0,1,-2.9887728691101074,3.0390231609344482
696,8,cpu_int8_dynamic,1,1,-3.1715946197509766,3.35640549659729
697,8,cpu_int8_dynamic,1,0,0.8801952004432678,-0.819484293460846
698,8,cpu_int8_dynamic,1,1,-3.3701155185699463,3.6197164058685303
699,8,cpu_int8_dynamic,1,0,1.8823413848876953,-1.5786184072494507
700,8,cpu_int8_dynamic,0,1,-0.5829402804374695,0.7125739455223083
701,8,cpu_int8_dynamic,0,0,1.9799878597259521,-1.6841928958892822
702,8,cpu_int8_dynamic,0,1,-0.44325026869773865,0.4762839376926422
703,8,cpu_int8_dynamic,0,0,3.085934638977051,-2.640012264251709
704,8,cpu_int8_dynamic,0,0,1.3291935920715332,-1.2364085912704468
705,8,cpu_int8_dynamic,0,0,2.7459468841552734,-2.2499101161956787
706,8,cpu_int8_dynamic,0,0,3.8253979682922363,-3.136056900024414
707,8,cpu_int8_dynamic,0,0,2.044126033782959,-1.6958187818527222
708,8,cpu_int8_dynamic,1,1,-4.183619499206543,4.526529788970947
709,8,cpu_int8_dynamic,0,0,4.133026123046875,-3.4029653072357178
710,8,cpu_int8_dynamic,0,0,2.5360095500946045,-2.227017402648926
711,8,cpu_int8_dynamic,0,0,4.576174736022949,-3.69242525100708
712,8,cpu_int8_dynamic,0,0,3.021653890609741,-2.574007511138916
713,8,cpu_int8_dynamic,0,0,2.731816530227661,-2.315669298171997
714,8,cpu_int8_dynamic,1,1,-4.183513164520264,4.525054454803467
715,8,cpu_int8_dynamic,0,0,3.3389384746551514,-2.7264294624328613
716,8,cpu_int8_dynamic,0,0,2.972109079360962,-2.4749648571014404
717,8,cpu_int8_dynamic,1,1,-4.268751621246338,4.581984519958496
718,8,cpu_int8_dynamic,1,1,-4.02311897277832,4.313591480255127
719,8,cpu_int8_dynamic,0,0,3.5050225257873535,-3.02557373046875
720,8,cpu_int8_dynamic,1,1,-3.820225715637207,4.072478294372559
721,8,cpu_int8_dynamic,1,1,-4.163208961486816,4.472424030303955
722,8,cpu_int8_dynamic,0,0,3.519075393676758,-2.9398746490478516
723,8,cpu_int8_dynamic,1,1,-4.051894187927246,4.360024929046631
724,8,cpu_int8_dynamic,0,1,-2.7847211360931396,2.927865982055664
725,8,cpu_int8_dynamic,1,1,-3.646286964416504,3.9052278995513916
726,8,cpu_int8_dynamic,1,1,-3.8593008518218994,4.126705646514893
727,8,cpu_int8_dynamic,0,0,1.9940744638442993,-1.7762142419815063
728,8,cpu_int8_dynamic,1,1,-0.6544520258903503,0.7267332077026367
729,8,cpu_int8_dynamic,1,1,-3.8845574855804443,4.164402484893799
730,8,cpu_int8_dynamic,0,0,4.350984573364258,-3.5359816551208496
731,8,cpu_int8_dynamic,0,0,3.218909978866577,-2.672945022583008
732,8,cpu_int8_dynamic,0,0,3.9347708225250244,-3.2374794483184814
733,8,cpu_int8_dynamic,0,1,-0.8389919996261597,1.0490713119506836
734,8,cpu_int8_dynamic,0,0,2.452235221862793,-2.094177484512329
735,8,cpu_int8_dynamic,0,1,-1.7092626094818115,1.7362213134765625
736,8,cpu_int8_dynamic,0,1,-2.773918628692627,2.9058547019958496
737,8,cpu_int8_dynamic,1,1,-4.055465221405029,4.410893440246582
738,8,cpu_int8_dynamic,1,1,-3.930325984954834,4.246340751647949
739,8,cpu_int8_dynamic,1,1,-3.9012794494628906,4.202017784118652
740,8,cpu_int8_dynamic,1,1,-3.5042810440063477,3.7286376953125
741,8,cpu_int8_dynamic,1,0,1.9638428688049316,-1.6155555248260498
742,8,cpu_int8_dynamic,1,1,-3.5335135459899902,3.7507107257843018
743,8,cpu_int8_dynamic,0,0,1.2101892232894897,-0.9560796022415161
744,8,cpu_int8_dynamic,1,1,-2.7797703742980957,2.943223237991333
745,8,cpu_int8_dynamic,0,0,4.205953598022461,-3.4664995670318604
746,8,cpu_int8_dynamic,1,1,-3.828890562057495,4.090029716491699
747,8,cpu_int8_dynamic,1,1,-3.5140953063964844,3.756094217300415
748,8,cpu_int8_dynamic,0,0,3.7639219760894775,-3.0607612133026123
749,8,cpu_int8_dynamic,1,0,2.7308948040008545,-2.325949192047119
750,8,cpu_int8_dynamic,0,0,1.8653607368469238,-1.6123974323272705
751,8,cpu_int8_dynamic,0,0,4.196479320526123,-3.4383914470672607
752,8,cpu_int8_dynamic,0,0,3.2851309776306152,-2.7206034660339355
753,8,cpu_int8_dynamic,1,1,-2.1370184421539307,2.194343090057373
754,8,cpu_int8_dynamic,1,1,-3.5713307857513428,3.7893545627593994
755,8,cpu_int8_dynamic,1,1,-3.9354803562164307,4.213675022125244
756,8,cpu_int8_dynamic,0,0,2.704371213912964,-2.3260648250579834
757,8,cpu_int8_dynamic,0,1,-0.6061016321182251,0.6544356346130371
758,8,cpu_int8_dynamic,1,1,-4.173579216003418,4.533850193023682
759,8,cpu_int8_dynamic,0,0,1.5955270528793335,-1.4610564708709717
760,8,cpu_int8_dynamic,1,0,1.4648418426513672,-1.3234459161758423
761,8,cpu_int8_dynamic,0,0,4.442187786102295,-3.6216273307800293
762,8,cpu_int8_dynamic,1,1,-4.25228214263916,4.591965675354004
763,8,cpu_int8_dynamic,1,1,-3.810281753540039,4.098684787750244
764,8,cpu_int8_dynamic,0,1,-2.1200618743896484,2.1401257514953613
765,8,cpu_int8_dynamic,0,0,2.841548442840576,-2.366151809692383
766,8,cpu_int8_dynamic,1,1,-3.4860098361968994,3.655503273010254
767,8,cpu_int8_dynamic,1,1,-3.89530086517334,4.169241428375244
768,8,cpu_int8_dynamic,1,1,-3.594058036804199,3.760071039199829
769,8,cpu_int8_dynamic,1,1,-3.858116865158081,4.160257339477539
770,8,cpu_int8_dynamic,0,0,0.1834094375371933,-0.15777720510959625
771,8,cpu_int8_dynamic,0,1,-1.6300642490386963,1.6444388628005981
772,8,cpu_int8_dynamic,1,1,-3.9777517318725586,4.241801738739014
773,8,cpu_int8_dynamic,1,1,-3.8720788955688477,4.1749067306518555
774,8,cpu_int8_dynamic,0,0,3.4045238494873047,-2.878633975982666
775,8,cpu_int8_dynamic,0,0,0.8737719655036926,-0.792007565498352
776,8,cpu_int8_dynamic,0,0,4.566305637359619,-3.679337978363037
777,8,cpu_int8_dynamic,1,1,-3.944639205932617,4.212805271148682
778,8,cpu_int8_dynamic,1,1,-3.972531795501709,4.291178226470947
779,8,cpu_int8_dynamic,0,0,3.2801945209503174,-2.747124195098877
780,8,cpu_int8_dynamic,1,1,-3.5981507301330566,3.8345484733581543
781,8,cpu_int8_dynamic,0,0,3.459075689315796,-2.879833221435547
782,8,cpu_int8_dynamic,1,0,0.7262026071548462,-0.6392532587051392
783,8,cpu_int8_dynamic,1,1,-3.2711899280548096,3.3896756172180176
784,8,cpu_int8_dynamic,1,1,-4.1231865882873535,4.425614356994629
785,8,cpu_int8_dynamic,1,1,-2.5575363636016846,2.664519786834717
786,8,cpu_int8_dynamic,0,0,2.1403450965881348,-1.8344718217849731
787,8,cpu_int8_dynamic,0,0,2.7739453315734863,-2.2759146690368652
788,8,cpu_int8_dynamic,1,1,-3.1465165615081787,3.315429449081421
789,8,cpu_int8_dynamic,0,0,2.1080737113952637,-1.679936170578003
790,8,cpu_int8_dynamic,0,0,3.516132354736328,-2.95074200630188
791,8,cpu_int8_dynamic,0,1,-3.8980581760406494,4.164697647094727
792,8,cpu_int8_dynamic,1,1,-4.178605556488037,4.449315547943115
793,8,cpu_int8_dynamic,1,1,-2.140758991241455,2.120378017425537
794,8,cpu_int8_dynamic,1,1,-3.0697901248931885,3.1774327754974365
795,8,cpu_int8_dynamic,0,0,3.4034409523010254,-2.7810218334198
796,8,cpu_int8_dynamic,1,1,-4.059954643249512,4.34527063369751
797,8,cpu_int8_dynamic,0,0,4.35372257232666,-3.4655277729034424
798,8,cpu_int8_dynamic,0,0,3.368332624435425,-2.865741729736328
799,8,cpu_int8_dynamic,1,1,-4.246738433837891,4.539072036743164
800,8,cpu_int8_dynamic,0,0,2.7950356006622314,-2.361649513244629
801,8,cpu_int8_dynamic,0,0,1.874995231628418,-1.6045114994049072
802,8,cpu_int8_dynamic,0,0,2.1167104244232178,-1.7506049871444702
803,8,cpu_int8_dynamic,1,1,-2.4463231563568115,2.5389392375946045
804,8,cpu_int8_dynamic,0,0,3.464688301086426,-2.8485310077667236
805,8,cpu_int8_dynamic,0,0,0.5168831944465637,-0.3592659831047058
806,8,cpu_int8_dynamic,1,1,-3.882385492324829,4.137132167816162
807,8,cpu_int8_dynamic,1,1,-4.212094783782959,4.561319351196289
808,8,cpu_int8_dynamic,1,1,-4.290377616882324,4.571863174438477
809,8,cpu_int8_dynamic,1,1,-4.137702465057373,4.407154083251953
810,8,cpu_int8_dynamic,1,1,-4.056555271148682,4.404797554016113
811,8,cpu_int8_dynamic,0,0,3.0515074729919434,-2.559051275253296
812,8,cpu_int8_dynamic,1,1,-2.1712870597839355,2.25421142578125
813,8,cpu_int8_dynamic,0,0,0.36818161606788635,-0.26161420345306396
814,8,cpu_int8_dynamic,0,0,4.086555480957031,-3.3115899562835693
815,8,cpu_int8_dynamic,1,1,-4.28037166595459,4.554005146026611
816,8,cpu_int8_dynamic,1,1,-3.5053346157073975,3.677891254425049
817,8,cpu_int8_dynamic,1,1,-4.23150110244751,4.525633811950684
818,8,cpu_int8_dynamic,0,0,2.5058369636535645,-2.1226212978363037
819,8,cpu_int8_dynamic,0,0,1.9200875759124756,-1.6671346426010132
820,8,cpu_int8_dynamic,1,1,-4.175052165985107,4.464231491088867
821,8,cpu_int8_dynamic,1,1,-4.222899436950684,4.546771049499512
822,8,cpu_int8_dynamic,0,0,4.097558975219727,-3.390995740890503
823,8,cpu_int8_dynamic,1,1,-1.8917419910430908,1.9698808193206787
824,8,cpu_int8_dynamic,0,0,2.374197006225586,-1.9748915433883667
825,8,cpu_int8_dynamic,1,1,-4.097981929779053,4.425153732299805
826,8,cpu_int8_dynamic,1,1,-4.196657657623291,4.464494228363037
827,8,cpu_int8_dynamic,0,0,2.120722532272339,-1.8098382949829102
828,8,cpu_int8_dynamic,0,0,2.584089756011963,-2.221799612045288
829,8,cpu_int8_dynamic,0,1,-2.4990358352661133,2.563478946685791
830,8,cpu_int8_dynamic,1,1,-3.0864005088806152,3.1982085704803467
831,8,cpu_int8_dynamic,1,1,-2.793166160583496,2.9001424312591553
832,8,cpu_int8_dynamic,0,0,0.6377291679382324,-0.5006448030471802
833,8,cpu_int8_dynamic,0,0,3.8865694999694824,-3.2383384704589844
834,8,cpu_int8_dynamic,1,1,-1.8562778234481812,1.88982093334198
835,8,cpu_int8_dynamic,1,1,-4.240778923034668,4.560242652893066
836,8,cpu_int8_dynamic,0,0,3.9968101978302,-3.314152240753174
837,8,cpu_int8_dynamic,1,1,-4.0497283935546875,4.2816362380981445
838,8,cpu_int8_dynamic,0,0,3.0731544494628906,-2.495089292526245
839,8,cpu_int8_dynamic,0,0,3.7444515228271484,-3.0747642517089844
840,8,cpu_int8_dynamic,0,0,3.125152349472046,-2.486800193786621
841,8,cpu_int8_dynamic,1,1,-2.9057438373565674,3.1053051948547363
842,8,cpu_int8_dynamic,0,0,1.4427889585494995,-1.24032461643219
843,8,cpu_int8_dynamic,0,0,3.033893585205078,-2.5143978595733643
844,8,cpu_int8_dynamic,0,0,4.3838677406311035,-3.504899263381958
845,8,cpu_int8_dynamic,0,0,2.433777332305908,-2.0994584560394287
846,8,cpu_int8_dynamic,0,1,-1.069012999534607,1.2054096460342407
847,8,cpu_int8_dynamic,1,0,1.090714693069458,-0.8781646490097046
848,8,cpu_int8_dynamic,1,1,-3.964280366897583,4.2417168617248535
849,8,cpu_int8_dynamic,1,1,-3.4408998489379883,3.6250123977661133
850,8,cpu_int8_dynamic,1,1,-2.7739317417144775,2.8416998386383057
851,8,cpu_int8_dynamic,0,0,3.821803092956543,-3.0893256664276123
852,8,cpu_int8_dynamic,0,0,2.226391077041626,-1.9294511079788208
853,8,cpu_int8_dynamic,1,1,-2.842949390411377,2.9552502632141113
854,8,cpu_int8_dynamic,0,0,3.775038719177246,-3.0580480098724365
855,8,cpu_int8_dynamic,1,1,-3.817140579223633,4.080295085906982
856,8,cpu_int8_dynamic,1,1,-2.5670411586761475,2.7402865886688232
857,8,cpu_int8_dynamic,1,1,-4.114811897277832,4.47067403793335
858,8,cpu_int8_dynamic,1,1,-4.10455322265625,4.426495552062988
859,8,cpu_int8_dynamic,1,1,-4.18408203125,4.564521312713623
860,8,cpu_int8_dynamic,1,1,-4.005047798156738,4.325503349304199
861,8,cpu_int8_dynamic,1,1,-3.068166971206665,3.185375452041626
862,8,cpu_int8_dynamic,0,1,-3.0471158027648926,3.244704246520996
863,8,cpu_int8_dynamic,0,0,0.7013162970542908,-0.48798826336860657
864,8,cpu_int8_dynamic,0,0,4.496575355529785,-3.68552565574646
865,8,cpu_int8_dynamic,1,1,-0.4303258955478668,0.5299614071846008
866,8,cpu_int8_dynamic,1,1,-2.9296371936798096,3.0500638484954834
867,8,cpu_int8_dynamic,0,0,1.3951220512390137,-1.1640918254852295
868,8,cpu_int8_dynamic,1,1,-3.6860134601593018,3.950944185256958
869,8,cpu_int8_dynamic,0,0,0.8980250358581543,-0.7273291349411011
870,8,cpu_int8_dynamic,0,0,2.701843738555908,-2.2845687866210938
871,8,cpu_int8_dynamic,1,1,-1.0370672941207886,1.1111818552017212
0,8,cuda_fp32,1,1,-4.36100435256958,4.7004594802856445
1,8,cuda_fp32,0,0,3.725740671157837,-3.150944232940674
2,8,cuda_fp32,1,1,-3.870816946029663,4.0582594871521
3,8,cuda_fp32,1,1,-3.90592360496521,4.2031707763671875
4,8,cuda_fp32,0,0,4.479058265686035,-3.596956968307495
5,8,cuda_fp32,1,1,-4.218740463256836,4.455478668212891
6,8,cuda_fp32,0,0,4.183938503265381,-3.425575017929077
7,8,cuda_fp32,0,0,2.6091439723968506,-2.181290864944458
8,8,cuda_fp32,1,1,-2.433682680130005,2.47489070892334
9,8,cuda_fp32,0,0,3.9623453617095947,-3.2333879470825195
10,8,cuda_fp32,1,1,-4.358582019805908,4.7027082443237305
11,8,cuda_fp32,0,0,4.391480445861816,-3.636770725250244
12,8,cuda_fp32,0,0,4.783197402954102,-3.8151330947875977
13,8,cuda_fp32,1,1,-1.4933274984359741,1.6115385293960571
14,8,cuda_fp32,0,0,4.64641809463501,-3.7373859882354736
15,8,cuda_fp32,1,1,-4.372858047485352,4.714892864227295
16,8,cuda_fp32,1,1,-3.7014286518096924,3.870386838912964
17,8,cuda_fp32,1,1,-4.109631538391113,4.40033483505249
18,8,cuda_fp32,0,0,3.9450511932373047,-3.2927889823913574
19,8,cuda_fp32,0,0,4.28792142868042,-3.5024986267089844
20,8,cuda_fp32,0,0,2.031167507171631,-1.733235478401184
21,8,cuda_fp32,0,0,1.6732008457183838,-1.386177897453308
22,8,cuda_fp32,0,1,-2.281980514526367,2.3921101093292236
23,8,cuda_fp32,1,1,-4.363625526428223,4.692905426025391
24,8,cuda_fp32,1,1,-2.736619710922241,2.917118787765503
25,8,cuda_fp32,0,0,4.358221530914307,-3.5923514366149902
26,8,cuda_fp32,0,0,3.384751081466675,-2.8591837882995605
27,8,cuda_fp32,1,1,-3.9088900089263916,4.119823932647705
28,8,cuda_fp32,0,0,2.5307819843292236,-2.2294909954071045
29,8,cuda_fp32,0,0,3.0977609157562256,-2.7104005813598633
30,8,cuda_fp32,1,1,-4.319858551025391,4.681187152862549
31,8,cuda_fp32,0,0,3.0557382106781006,-2.6311142444610596
32,8,cuda_fp32,1,1,-4.368192672729492,4.727358818054199
33,8,cuda_fp32,0,0,1.593875765800476,-1.3218493461608887
34,8,cuda_fp32,0,0,4.750856399536133,-3.8474130630493164
35,8,cuda_fp32,0,0,4.5036845207214355,-3.6649510860443115
36,8,cuda_fp32,1,1,-3.4336986541748047,3.6121952533721924
37,8,cuda_fp32,0,0,2.31634521484375,-2.016908884048462
38,8,cuda_fp32,1,1,-3.4160242080688477,3.6266870498657227
39,8,cuda_fp32,1,1,-4.0783514976501465,4.306220531463623
40,8,cuda_fp32,1,1,-4.368948936462402,4.729483127593994
41,8,cuda_fp32,1,1,-3.9291181564331055,4.117686748504639
42,8,cuda_fp32,1,1,-4.068191051483154,4.339515209197998
43,8,cuda_fp32,1,1,-4.21105432510376,4.478203773498535
44,8,cuda_fp32,0,0,2.9403836727142334,-2.47422194480896
45,8,cuda_fp32,0,0,3.2275962829589844,-2.673417329788208
46,8,cuda_fp32,0,0,1.7577828168869019,-1.4228191375732422
47,8,cuda_fp32,1,1,-4.307878494262695,4.592294692993164
48,8,cuda_fp32,1,1,-4.1932806968688965,4.502119541168213
49,8,cuda_fp32,0,0,4.651423454284668,-3.758065700531006
50,8,cuda_fp32,0,0,3.967317581176758,-3.1727840900421143
51,8,cuda_fp32,1,1,-4.197662353515625,4.453756809234619
52,8,cuda_fp32,1,1,-3.1760904788970947,3.4097626209259033
53,8,cuda_fp32,1,1,-4.028066635131836,4.230414390563965
54,8,cuda_fp32,0,0,3.8606650829315186,-3.153407096862793
55,8,cuda_fp32,1,1,-4.316878795623779,4.616761207580566
56,8,cuda_fp32,0,0,4.397714614868164,-3.614060401916504
57,8,cuda_fp32,0,0,3.188455820083618,-2.7363595962524414
58,8,cuda_fp32,0,0,3.4079909324645996,-2.8668017387390137
59,8,cuda_fp32,0,0,1.0966429710388184,-0.8431111574172974
60,8,cuda_fp32,1,1,-4.220418453216553,4.506735324859619
61,8,cuda_fp32,0,0,4.4272894859313965,-3.6108906269073486
62,8,cuda_fp32,1,1,-2.2048094272613525,2.3363475799560547
63,8,cuda_fp32,1,1,-4.049453258514404,4.30680513381958
64,8,cuda_fp32,0,1,-0.8275654315948486,0.9682639241218567
65,8,cuda_fp32,0,0,3.420358419418335,-2.9113364219665527
66,8,cuda_fp32,1,1,-0.7217435240745544,0.8757257461547852
67,8,cuda_fp32,1,1,-4.374194145202637,4.751890182495117
68,8,cuda_fp32,1,1,-3.0759329795837402,3.2254154682159424
69,8,cuda_fp32,0,0,1.0880779027938843,-0.7407636046409607
70,8,cuda_fp32,0,0,2.9955546855926514,-2.482515573501587
71,8,cuda_fp32,1,1,-4.275370121002197,4.5541276931762695
72,8,cuda_fp32,1,1,-3.853986978530884,4.056635856628418
73,8,cuda_fp32,1,1,-1.7542837858200073,1.896535038948059
74,8,cuda_fp32,0,0,4.159975051879883,-3.4639711380004883
75,8,cuda_fp32,1,1,-4.163607120513916,4.425305366516113
76,8,cuda_fp32,0,0,4.6385345458984375,-3.679227828979492
77,8,cuda_fp32,1,1,-4.127119541168213,4.414658546447754
78,8,cuda_fp32,1,1,-4.186491012573242,4.458347797393799
79,8,cuda_fp32,0,0,4.353364944458008,-3.5426204204559326
80,8,cuda_fp32,1,1,-4.2462687492370605,4.5774078369140625
81,8,cuda_fp32,0,0,4.353166103363037,-3.5833845138549805
82,8,cuda_fp32,0,0,1.367975115776062,-1.0950722694396973
83,8,cuda_fp32,1,1,-1.0806530714035034,1.150632619857788
84,8,cuda_fp32,1,1,-4.112783908843994,4.35983419418335
85,8,cuda_fp32,1,1,-3.724170684814453,3.9264464378356934
86,8,cuda_fp32,0,0,4.412729740142822,-3.5839648246765137
87,8,cuda_fp32,1,0,3.0006368160247803,-2.5401413440704346
88,8,cuda_fp32,1,1,-3.0417487621307373,3.192765235900879
89,8,cuda_fp32,1,1,-2.934842109680176,3.0194127559661865
90,8,cuda_fp32,1,1,-3.998100519180298,4.202726364135742
91,8,cuda_fp32,1,1,-4.182566165924072,4.424109935760498
92,8,cuda_fp32,0,1,-3.2071235179901123,3.3067166805267334
93,8,cuda_fp32,1,0,4.055171012878418,-3.3494389057159424
94,8,cuda_fp32,1,1,-4.090033531188965,4.315464973449707
95,8,cuda_fp32,0,1,-3.5852391719818115,3.6952850818634033
96,8,cuda_fp32,0,0,3.282824754714966,-2.7382588386535645
97,8,cuda_fp32,1,1,-2.611564874649048,2.6331374645233154
98,8,cuda_fp32,0,0,4.793187141418457,-3.813508987426758
99,8,cuda_fp32,0,0,3.2641665935516357,-2.716000556945801
100,8,cuda_fp32,1,1,-4.152347087860107,4.402889251708984
101,8,cuda_fp32,0,0,3.274595022201538,-2.7228336334228516
102,8,cuda_fp32,1,1,-2.17234206199646,2.209726095199585
103,8,cuda_fp32,1,1,-4.313207626342773,4.630440711975098
104,8,cuda_fp32,1,1,-3.146916389465332,3.281651735305786
105,8,cuda_fp32,0,0,2.2433905601501465,-1.8724005222320557
106,8,cuda_fp32,1,1,-3.703734874725342,3.916134834289551
107,8,cuda_fp32,0,1,-1.3789383172988892,1.3910815715789795
108,8,cuda_fp32,0,0,2.9098916053771973,-2.35048246383667
109,8,cuda_fp32,1,1,-4.320278644561768,4.611590385437012
110,8,cuda_fp32,0,0,4.5140862464904785,-3.5425782203674316
111,8,cuda_fp32,0,0,3.933955669403076,-3.1649186611175537
112,8,cuda_fp32,1,1,-1.94456148147583,2.0788497924804688
113,8,cuda_fp32,0,0,4.712320804595947,-3.7478697299957275
114,8,cuda_fp32,1,1,-4.025358200073242,4.259929656982422
115,8,cuda_fp32,0,1,-2.818516731262207,2.9346117973327637
116,8,cuda_fp32,1,1,-4.190965175628662,4.490184307098389
117,8,cuda_fp32,1,1,-4.028378009796143,4.268571853637695
118,8,cuda_fp32,0,1,-2.118804931640625,2.240912437438965
119,8,cuda_fp32,0,0,2.539842128753662,-2.2116379737854004
120,8,cuda_fp32,1,1,-4.262354850769043,4.535670280456543
121,8,cuda_fp32,0,1,-2.9810705184936523,3.110840082168579
122,8,cuda_fp32,1,1,-2.1104915142059326,2.1288373470306396
123,8,cuda_fp32,1,0,2.67466139793396,-2.216796398162842
124,8,cuda_fp32,1,1,-3.4721128940582275,3.7029337882995605
125,8,cuda_fp32,1,1,-4.326396465301514,4.6614203453063965
126,8,cuda_fp32,0,0,2.228289842605591,-1.7898871898651123
127,8,cuda_fp32,0,0,4.385005474090576,-3.5327155590057373
128,8,cuda_fp32,1,1,-4.024096488952637,4.274526119232178
129,8,cuda_fp32,1,1,-4.364904880523682,4.70147705078125
130,8,cuda_fp32,0,0,4.757904052734375,-3.7418124675750732
131,8,cuda_fp32,0,0,4.565501689910889,-3.65846586227417
132,8,cuda_fp32,1,1,-4.240116596221924,4.608916282653809
133,8,cuda_fp32,0,0,4.212275505065918,-3.486196756362915
134,8,cuda_fp32,0,0,3.906789779663086,-3.2641561031341553
135,8,cuda_fp32,0,1,-1.151273250579834,1.294580340385437
136,8,cuda_fp32,0,0,3.6229724884033203,-3.037820816040039
137,8,cuda_fp32,0,0,4.56566858291626,-3.7505455017089844
138,8,cuda_fp32,1,1,-4.148505210876465,4.510139465332031
139,8,cuda_fp32,0,0,4.352550983428955,-3.4824764728546143
140,8,cuda_fp32,0,0,4.3415937423706055,-3.5580859184265137
141,8,cuda_fp32,0,0,4.720883369445801,-3.7484819889068604
142,8,cuda_fp32,1,0,2.595855951309204,-2.1885569095611572
143,8,cuda_fp32,1,1,-3.738429069519043,3.9714629650115967
144,8,cuda_fp32,0,0,4.5395331382751465,-3.6674349308013916
145,8,cuda_fp32,0,1,-0.8046495318412781,0.9792768359184265
146,8,cuda_fp32,1,1,-4.256562232971191,4.515955448150635
147,8,cuda_fp32,0,0,1.9129236936569214,-1.7199773788452148
148,8,cuda_fp32,0,0,4.702363014221191,-3.8230128288269043
149,8,cuda_fp32,1,1,-2.300746202468872,2.303510904312134
150,8,cuda_fp32,1,1,-4.090104579925537,4.508930683135986
151,8,cuda_fp32,1,1,-4.179994583129883,4.4836602210998535
152,8,cuda_fp32,1,1,-3.322842597961426,3.396761178970337
153,8,cuda_fp32,0,0,3.688157796859741,-2.9866702556610107
154,8,cuda_fp32,1,1,-4.014255523681641,4.238750457763672
155,8,cuda_fp32,0,0,3.9601480960845947,-3.2886266708374023
156,8,cuda_fp32,1,1,-3.9561171531677246,4.218903064727783
157,8,cuda_fp32,0,0,4.4596757888793945,-3.665426731109619
158,8,cuda_fp32,0,1,-2.4703590869903564,2.572614908218384
159,8,cuda_fp32,1,1,-4.2228474617004395,4.571968078613281
160,8,cuda_fp32,0,0,4.622424125671387,-3.707868814468384
161,8,cuda_fp32,0,0,3.8594233989715576,-3.2067556381225586
162,8,cuda_fp32,0,0,4.542808532714844,-3.6329569816589355
163,8,cuda_fp32,0,0,3.5576813220977783,-2.893237829208374
164,8,cuda_fp32,1,1,-3.663195848464966,3.8345823287963867
165,8,cuda_fp32,0,0,3.749342441558838,-3.086580991744995
166,8,cuda_fp32,0,0,3.6744847297668457,-3.032186985015869
167,8,cuda_fp32,0,0,4.573330879211426,-3.631239652633667
168,8,cuda_fp32,1,1,-4.356974124908447,4.730992794036865
169,8,cuda_fp32,1,1,-4.208881855010986,4.537391185760498
170,8,cuda_fp32,1,1,-4.377290725708008,4.73328161239624
171,8,cuda_fp32,0,1,-1.8553684949874878,1.9363988637924194
172,8,cuda_fp32,1,1,-0.45079776644706726,0.6168386936187744
173,8,cuda_fp32,0,0,4.430188179016113,-3.642845392227173
174,8,cuda_fp32,1,1,-3.8432278633117676,4.088804244995117
175,8,cuda_fp32,1,1,-3.160410165786743,3.3154165744781494
176,8,cuda_fp32,0,0,1.7206439971923828,-1.4078781604766846
177,8,cuda_fp32,0,0,4.20605993270874,-3.4207510948181152
178,8,cuda_fp32,0,0,0.4146287143230438,-0.2750902473926544
179,8,cuda_fp32,1,1,-4.3608527183532715,4.732988357543945
180,8,cuda_fp32,0,0,2.9493749141693115,-2.4267094135284424
181,8,cuda_fp32,0,0,4.626542568206787,-3.7036640644073486
182,8,cuda_fp32,0,0,4.213500022888184,-3.4232566356658936
183,8,cuda_fp32,0,1,-3.877678155899048,4.052087306976318
184,8,cuda_fp32,0,1,-0.25769636034965515,0.4229159653186798
185,8,cuda_fp32,1,1,-4.299229621887207,4.569068431854248
186,8,cuda_fp32,1,1,-2.459404945373535,2.562072515487671
187,8,cuda_fp32,1,1,-3.6544060707092285,3.8646116256713867
188,8,cuda_fp32,0,0,3.313354969024658,-2.781644105911255
189,8,cuda_fp32,0,0,4.197644233703613,-3.478533983230591
190,8,cuda_fp32,0,0,3.008762836456299,-2.371154308319092
191,8,cuda_fp32,1,1,-2.8630855083465576,2.895756959915161
192,8,cuda_fp32,1,1,-1.8637028932571411,2.0762996673583984
193,8,cuda_fp32,1,1,-2.4510583877563477,2.5267043113708496
194,8,cuda_fp32,1,1,-3.0880019664764404,3.117180824279785
195,8,cuda_fp32,1,1,-1.2411094903945923,1.2320995330810547
196,8,cuda_fp32,1,1,-2.4568898677825928,2.583930730819702
197,8,cuda_fp32,0,0,4.68583869934082,-3.817331314086914
198,8,cuda_fp32,1,1,-4.351621627807617,4.64339017868042
199,8,cuda_fp32,0,0,4.380383491516113,-3.5430805683135986
200,8,cuda_fp32,1,1,-0.6102572679519653,0.8353167772293091
201,8,cuda_fp32,1,1,-2.1632931232452393,2.2335309982299805
202,8,cuda_fp32,0,0,4.010964870452881,-3.341137170791626
203,8,cuda_fp32,0,0,4.673136234283447,-3.70367431640625
204,8,cuda_fp32,1,1,-3.752016305923462,3.977492332458496
205,8,cuda_fp32,1,1,-3.039398193359375,3.1372811794281006
206,8,cuda_fp32,1,1,-4.268463611602783,4.551429271697998
207,8,cuda_fp32,1,1,-4.3679375648498535,4.724727630615234
208,8,cuda_fp32,0,0,4.542323112487793,-3.661425828933716
209,8,cuda_fp32,0,0,3.1059887409210205,-2.5196008682250977
210,8,cuda_fp32,1,1,-3.727236032485962,3.8885109424591064
211,8,cuda_fp32,0,0,2.280179738998413,-1.9380265474319458
212,8,cuda_fp32,0,0,3.9079325199127197,-3.266425848007202
213,8,cuda_fp32,0,1,-1.8146475553512573,1.8863431215286255
214,8,cuda_fp32,0,0,3.201172351837158,-2.7972660064697266
215,8,cuda_fp32,1,1,-2.446324110031128,2.5319576263427734
216,8,cuda_fp32,1,1,-2.7809650897979736,2.8620057106018066
217,8,cuda_fp32,0,0,4.050241947174072,-3.3223249912261963
218,8,cuda_fp32,0,0,0.9223819971084595,-0.651311993598938
219,8,cuda_fp32,1,1,-3.1274755001068115,3.214545488357544
220,8,cuda_fp32,1,1,-2.3568930625915527,2.3886635303497314
221,8,cuda_fp32,0,0,4.685194492340088,-3.74357008934021
222,8,cuda_fp32,1,1,-3.3592898845672607,3.5399062633514404
223,8,cuda_fp32,1,1,-3.5959312915802,3.772812604904175
224,8,cuda_fp32,1,1,-3.4861857891082764,3.67787504196167
225,8,cuda_fp32,1,1,-4.0294928550720215,4.2281341552734375
226,8,cuda_fp32,0,0,4.714905261993408,-3.778611660003662
227,8,cuda_fp32,1,1,-4.324269771575928,4.642668724060059
228,8,cuda_fp32,1,1,-4.170654296875,4.410355567932129
229,8,cuda_fp32,0,0,4.103569030761719,-3.3591675758361816
230,8,cuda_fp32,1,0,0.4049209654331207,-0.17180630564689636
231,8,cuda_fp32,1,1,-4.195253849029541,4.466312408447266
232,8,cuda_fp32,0,0,2.725473165512085,-2.2180919647216797
233,8,cuda_fp32,0,0,4.271993160247803,-3.4620773792266846
234,8,cuda_fp32,1,1,-4.126054286956787,4.380975723266602
235,8,cuda_fp32,1,1,-2.877929925918579,2.908761739730835
236,8,cuda_fp32,1,1,-3.130234956741333,3.31903076171875
237,8,cuda_fp32,0,0,4.114649295806885,-3.423901081085205
238,8,cuda_fp32,0,0,4.193289756774902,-3.384401559829712
239,8,cuda_fp32,1,1,-4.273933410644531,4.566524505615234
240,8,cuda_fp32,1,1,-2.9807519912719727,3.074697256088257
241,8,cuda_fp32,0,0,4.600422382354736,-3.661243438720703
242,8,cuda_fp32,0,0,4.6718034744262695,-3.758721113204956
243,8,cuda_fp32,1,0,1.7884342670440674,-1.473974585533142
244,8,cuda_fp32,1,1,-4.33284330368042,4.715310096740723
245,8,cuda_fp32,1,1,-3.0668089389801025,3.204772710800171
246,8,cuda_fp32,1,1,-4.057131767272949,4.307276248931885
247,8,cuda_fp32,0,0,4.461517810821533,-3.6279473304748535
248,8,cuda_fp32,1,0,1.7867021560668945,-1.4491428136825562
249,8,cuda_fp32,1,1,-0.8326064944267273,0.9002732038497925
250,8,cuda_fp32,1,1,-3.996155023574829,4.236232280731201
251,8,cuda_fp32,0,0,4.297222137451172,-3.487769365310669
252,8,cuda_fp32,1,1,-4.305217742919922,4.674191474914551
253,8,cuda_fp32,0,0,2.4440066814422607,-2.034416675567627
254,8,cuda_fp32,0,0,4.505853652954102,-3.640127420425415
255,8,cuda_fp32,0,0,4.130331516265869,-3.5090456008911133
256,8,cuda_fp32,0,0,2.4640328884124756,-2.0816547870635986
257,8,cuda_fp32,0,0,4.085123062133789,-3.3862903118133545
258,8,cuda_fp32,0,0,4.732281684875488,-3.7774481773376465
259,8,cuda_fp32,1,1,-3.962294578552246,4.202088832855225
260,8,cuda_fp32,0,0,4.003559112548828,-3.281092405319214
261,8,cuda_fp32,1,1,-4.037683963775635,4.251738548278809
262,8,cuda_fp32,0,0,4.549222469329834,-3.6766467094421387
263,8,cuda_fp32,1,1,-4.153880596160889,4.429797649383545
264,8,cuda_fp32,0,0,4.274766445159912,-3.4441866874694824
265,8,cuda_fp32,0,0,4.514760494232178,-3.6361589431762695
266,8,cuda_fp32,1,0,2.8859610557556152,-2.3752973079681396
267,8,cuda_fp32,0,0,2.0354011058807373,-1.6662834882736206
268,8,cuda_fp32,0,0,4.67146635055542,-3.690539836883545
269,8,cuda_fp32,0,0,3.673527956008911,-2.986832618713379
270,8,cuda_fp32,1,1,-4.285183429718018,4.61867618560791
271,8,cuda_fp32,1,0,2.6341640949249268,-2.20772123336792
272,8,cuda_fp32,0,0,3.2904210090637207,-2.80336594581604
273,8,cuda_fp32,1,0,0.9412388205528259,-0.8521439433097839
274,8,cuda_fp32,0,1,-2.7799344062805176,2.8284692764282227
275,8,cuda_fp32,1,1,-4.381468296051025,4.694534778594971
276,8,cuda_fp32,1,1,-2.909965753555298,3.054401159286499
277,8,cuda_fp32,1,1,-4.18533182144165,4.479610443115234
278,8,cuda_fp32,0,0,3.925294876098633,-3.246220827102661
279,8,cuda_fp32,1,1,-2.6501564979553223,2.668736457824707
280,8,cuda_fp32,1,1,-4.299055576324463,4.6128153800964355
281,8,cuda_fp32,0,0,4.500053405761719,-3.681945323944092
282,8,cuda_fp32,1,0,3.6064398288726807,-3.020416498184204
283,8,cuda_fp32,1,1,-4.3406171798706055,4.652745246887207
284,8,cuda_fp32,0,0,3.3172519207000732,-2.8189291954040527
285,8,cuda_fp32,0,0,2.8180315494537354,-2.3166797161102295
286,8,cuda_fp32,1,1,-4.197085380554199,4.484396457672119
287,8,cuda_fp32,1,1,-4.199889183044434,4.489541053771973
288,8,cuda_fp32,1,1,-4.012662887573242,4.238814830780029
289,8,cuda_fp32,1,1,-2.742469072341919,2.9431636333465576
290,8,cuda_fp32,1,1,-4.143651008605957,4.394465446472168
291,8,cuda_fp32,0,0,2.4037582874298096,-1.9877365827560425
292,8,cuda_fp32,0,1,-2.459477424621582,2.4598581790924072
293,8,cuda_fp32,1,1,-4.107026100158691,4.326065540313721
294,8,cuda_fp32,1,1,-3.6085147857666016,3.8817036151885986
295,8,cuda_fp32,1,1,-3.4395182132720947,3.589256525039673
296,8,cuda_fp32,0,0,4.292110443115234,-3.5408196449279785
297,8,cuda_fp32,1,1,-3.3445801734924316,3.4990038871765137
298,8,cuda_fp32,0,0,4.503124237060547,-3.622600793838501
299,8,cuda_fp32,1,1,-2.6313297748565674,2.73649263381958
300,8,cuda_fp32,1,1,-4.2810378074646,4.605881690979004
301,8,cuda_fp32,0,0,0.20299746096134186,0.1388312578201294
302,8,cuda_fp32,1,1,-4.342651844024658,4.670686721801758
303,8,cuda_fp32,1,1,-4.381182670593262,4.71175479888916
304,8,cuda_fp32,1,1,-3.9035346508026123,4.057995319366455
305,8,cuda_fp32,0,0,3.8956849575042725,-3.1005923748016357
306,8,cuda_fp32,1,1,-4.124765396118164,4.412598133087158
307,8,cuda_fp32,1,1,-4.196983814239502,4.472862720489502
308,8,cuda_fp32,1,1,-3.026906967163086,3.120065927505493
309,8,cuda_fp32,1,1,-4.107444763183594,4.44210958480835
310,8,cuda_fp32,1,1,-4.059442043304443,4.319555759429932
311,8,cuda_fp32,1,1,-4.3468170166015625,4.686870098114014
312,8,cuda_fp32,0,1,-2.9887163639068604,3.1052753925323486
313,8,cuda_fp32,1,1,-4.254676818847656,4.631893634796143
314,8,cuda_fp32,1,1,-4.329391956329346,4.690045356750488
315,8,cuda_fp32,0,0,4.7270073890686035,-3.7519729137420654
316,8,cuda_fp32,1,1,-4.335590362548828,4.732952117919922
317,8,cuda_fp32,1,1,-4.33989953994751,4.654906272888184
318,8,cuda_fp32,0,0,2.727107286453247,-2.3018181324005127
319,8,cuda_fp32,0,0,4.606895923614502,-3.7583491802215576
320,8,cuda_fp32,1,1,-4.339415550231934,4.68586540222168
321,8,cuda_fp32,0,0,2.839277982711792,-2.500434160232544
322,8,cuda_fp32,0,0,3.2389962673187256,-2.708505392074585
323,8,cuda_fp32,1,1,-2.844160556793213,2.9637436866760254
324,8,cuda_fp32,1,0,1.5392581224441528,-1.398827314376831
325,8,cuda_fp32,1,1,-4.134729862213135,4.410834312438965
326,8,cuda_fp32,1,1,-3.5916993618011475,3.8282382488250732
327,8,cuda_fp32,1,1,-4.064574241638184,4.312402725219727
328,8,cuda_fp32,0,0,2.4422011375427246,-2.0110878944396973
329,8,cuda_fp32,0,0,4.718358993530273,-3.751640558242798
330,8,cuda_fp32,0,0,3.5189034938812256,-2.9264471530914307
331,8,cuda_fp32,1,1,-3.84261155128479,3.989104747772217
332,8,cuda_fp32,1,1,-1.7204400300979614,1.857993483543396
333,8,cuda_fp32,1,1,-3.208434581756592,3.2702817916870117
334,8,cuda_fp32,1,1,-4.048643112182617,4.340412139892578
335,8,cuda_fp32,0,0,3.8464818000793457,-3.1312408447265625
336,8,cuda_fp32,1,1,-4.264246463775635,4.632821083068848
337,8,cuda_fp32,0,0,4.744907855987549,-3.821312427520752
338,8,cuda_fp32,0,0,2.384676456451416,-2.0645925998687744
339,8,cuda_fp32,1,1,-4.024282455444336,4.249279022216797
340,8,cuda_fp32,0,0,3.353647232055664,-2.7808873653411865
341,8,cuda_fp32,1,1,-1.471832036972046,1.6278786659240723
342,8,cuda_fp32,0,0,3.3066868782043457,-2.7560346126556396
343,8,cuda_fp32,0,0,4.604621410369873,-3.659029483795166
344,8,cuda_fp32,1,1,-3.749173641204834,3.9720935821533203
345,8,cuda_fp32,1,1,-3.9817135334014893,4.200894832611084
346,8,cuda_fp32,0,0,2.993281126022339,-2.5370912551879883
347,8,cuda_fp32,0,0,4.5705742835998535,-3.701615810394287
348,8,cuda_fp32,0,0,4.524139404296875,-3.7007052898406982
349,8,cuda_fp32,0,0,3.1653616428375244,-2.6655378341674805
350,8,cuda_fp32,0,0,3.3502883911132812,-2.843520164489746
351,8,cuda_fp32,1,1,-4.164046287536621,4.505343437194824
352,8,cuda_fp32,1,1,-3.918383836746216,4.12022066116333
353,8,cuda_fp32,1,1,-4.368187427520752,4.670870304107666
354,8,cuda_fp32,1,1,-3.8396315574645996,4.079905033111572
355,8,cuda_fp32,0,0,4.027057647705078,-3.2843539714813232
356,8,cuda_fp32,0,1,-1.6896451711654663,1.8427836894989014
357,8,cuda_fp32,0,0,2.6866540908813477,-2.236236810684204
358,8,cuda_fp32,1,0,2.4532546997070312,-2.1210083961486816
359,8,cuda_fp32,1,1,-3.8492133617401123,4.115451335906982
360,8,cuda_fp32,1,1,-3.9698832035064697,4.207818508148193
361,8,cuda_fp32,0,0,4.7360100746154785,-3.8097167015075684
362,8,cuda_fp32,1,1,-3.1687281131744385,3.324892520904541
363,8,cuda_fp32,0,0,4.604218482971191,-3.7170660495758057
364,8,cuda_fp32,0,0,3.003478765487671,-2.6093156337738037
365,8,cuda_fp32,0,0,2.5455243587493896,-2.2427902221679688
366,8,cuda_fp32,1,1,-4.117920398712158,4.3750386238098145
367,8,cuda_fp32,1,1,-3.6866462230682373,3.892909049987793
368,8,cuda_fp32,0,0,4.292153358459473,-3.573301315307617
369,8,cuda_fp32,1,1,-3.4544835090637207,3.5780889987945557
370,8,cuda_fp32,0,0,4.52304220199585,-3.6629128456115723
371,8,cuda_fp32,1,1,-3.3417105674743652,3.457916021347046
372,8,cuda_fp32,1,1,-3.447840452194214,3.6709799766540527
373,8,cuda_fp32,0,0,2.934744119644165,-2.564892053604126
374,8,cuda_fp32,0,0,4.61293363571167,-3.7032837867736816
375,8,cuda_fp32,1,0,1.6124197244644165,-1.2247741222381592
376,8,cuda_fp32,0,0,4.435561180114746,-3.6323635578155518
377,8,cuda_fp32,0,0,3.850459337234497,-3.1279067993164062
378,8,cuda_fp32,0,0,4.59873628616333,-3.7679507732391357
379,8,cuda_fp32,0,0,4.313899993896484,-3.538297653198242
380,8,cuda_fp32,0,0,4.772424697875977,-3.8011081218719482
381,8,cuda_fp32,1,1,-4.038891315460205,4.261529445648193
382,8,cuda_fp32,0,0,3.1716530323028564,-2.6165473461151123
383,8,cuda_fp32,1,1,-4.3302435874938965,4.647716999053955
384,8,cuda_fp32,0,0,4.176381587982178,-3.443284749984741
385,8,cuda_fp32,0,0,1.6503291130065918,-1.1874245405197144
386,8,cuda_fp32,1,1,-4.340987682342529,4.6692352294921875
387,8,cuda_fp32,1,1,-4.1705851554870605,4.439776420593262
388,8,cuda_fp32,0,0,3.969341278076172,-3.282040596008301
389,8,cuda_fp32,1,1,-2.4383089542388916,2.494894027709961
390,8,cuda_fp32,0,0,4.6658220291137695,-3.795833110809326
391,8,cuda_fp32,0,0,4.25595235824585,-3.497157096862793
392,8,cuda_fp32,0,0,4.325118064880371,-3.5148909091949463
393,8,cuda_fp32,1,1,-4.335854530334473,4.725013732910156
394,8,cuda_fp32,1,1,-3.613351583480835,3.8166441917419434
395,8,cuda_fp32,0,1,-0.5195183157920837,0.7523125410079956
396,8,cuda_fp32,1,1,-4.355478763580322,4.700080871582031
397,8,cuda_fp32,1,1,-4.267922878265381,4.5814595222473145
398,8,cuda_fp32,1,1,-3.470959424972534,3.575742244720459
399,8,cuda_fp32,0,1,-1.315856695175171,1.3284907341003418
400,8,cuda_fp32,1,1,-2.8394832611083984,2.9655568599700928
401,8,cuda_fp32,1,1,-1.989392876625061,2.013791799545288
402,8,cuda_fp32,0,0,3.7299697399139404,-3.078124523162842
403,8,cuda_fp32,0,0,4.601125240325928,-3.7451694011688232
404,8,cuda_fp32,1,1,-4.123669147491455,4.458855628967285
405,8,cuda_fp32,0,1,-0.5185690522193909,0.6940638422966003
406,8,cuda_fp32,1,1,-3.442748785018921,3.6011300086975098
407,8,cuda_fp32,0,0,3.7990527153015137,-3.168720006942749
408,8,cuda_fp32,0,0,3.817443609237671,-3.1615068912506104
409,8,cuda_fp32,0,0,4.743277072906494,-3.8541202545166016
410,8,cuda_fp32,1,1,-3.7157485485076904,3.855248212814331
411,8,cuda_fp32,0,1,-1.3452264070510864,1.3511615991592407
412,8,cuda_fp32,0,0,2.344148635864258,-1.988175868988037
413,8,cuda_fp32,0,0,4.603704929351807,-3.6864545345306396
414,8,cuda_fp32,1,1,-4.201927661895752,4.469054698944092
415,8,cuda_fp32,1,1,-4.237452507019043,4.574951171875
416,8,cuda_fp32,1,1,-3.7987332344055176,4.113885879516602
417,8,cuda_fp32,1,1,-4.1295166015625,4.356914043426514
418,8,cuda_fp32,1,1,-3.149120807647705,3.3003461360931396
419,8,cuda_fp32,0,0,4.7105937004089355,-3.8005943298339844
420,8,cuda_fp32,0,0,3.7781333923339844,-3.1074366569519043
421,8,cuda_fp32,1,1,-3.004547119140625,3.1117947101593018
422,8,cuda_fp32,1,1,-0.1759246587753296,0.4235617518424988
423,8,cuda_fp32,0,0,4.465420246124268,-3.6349036693573
424,8,cuda_fp32,1,1,-4.297919750213623,4.6462860107421875
425,8,cuda_fp32,1,1,-3.817655563354492,3.9853227138519287
426,8,cuda_fp32,1,1,-4.061126232147217,4.282350063323975
427,8,cuda_fp32,1,1,-4.137918949127197,4.413295269012451
428,8,cuda_fp32,1,1,-4.286623954772949,4.633025169372559
429,8,cuda_fp32,0,0,4.632900714874268,-3.7454800605773926
430,8,cuda_fp32,1,1,-4.3184919357299805,4.6327009201049805
431,8,cuda_fp32,0,0,3.87988543510437,-3.2929317951202393
432,8,cuda_fp32,0,0,4.440655708312988,-3.627814292907715
433,8,cuda_fp32,1,1,-3.565556049346924,3.729658842086792
434,8,cuda_fp32,0,0,2.7417843341827393,-2.4020156860351562
435,8,cuda_fp32,1,1,-3.968683958053589,4.264883518218994
436,8,cuda_fp32,0,0,4.69339656829834,-3.7827694416046143
437,8,cuda_fp32,1,1,-4.259256839752197,4.570932388305664
438,8,cuda_fp32,1,1,-3.7660295963287354,3.9409446716308594
439,8,cuda_fp32,1,1,-4.362264633178711,4.724838733673096
440,8,cuda_fp32,1,0,0.5946511626243591,-0.34312817454338074
441,8,cuda_fp32,0,0,2.962329149246216,-2.43818998336792
442,8,cuda_fp32,0,0,3.0917413234710693,-2.5703628063201904
443,8,cuda_fp32,1,1,-4.274832725524902,4.606561183929443
444,8,cuda_fp32,0,0,2.0333433151245117,-1.742701530456543
445,8,cuda_fp32,1,1,-3.4980554580688477,3.6870083808898926
446,8,cuda_fp32,0,1,-2.3273768424987793,2.37851619720459
447,8,cuda_fp32,1,1,-2.9411816596984863,3.0103485584259033
448,8,cuda_fp32,1,1,-0.5298105478286743,0.6440943479537964
449,8,cuda_fp32,0,1,-2.1149120330810547,2.0754895210266113
450,8,cuda_fp32,1,1,-4.200850963592529,4.466457843780518
451,8,cuda_fp32,1,1,-3.9237966537475586,4.142855167388916
452,8,cuda_fp32,0,0,4.763331890106201,-3.807543992996216
453,8,cuda_fp32,1,1,-2.817084789276123,2.975862741470337
454,8,cuda_fp32,0,0,2.290148973464966,-1.8387144804000854
455,8,cuda_fp32,1,1,-4.269578456878662,4.525936603546143
456,8,cuda_fp32,0,0,2.9375290870666504,-2.4281578063964844
457,8,cuda_fp32,1,1,-4.346513748168945,4.661287307739258
458,8,cuda_fp32,1,1,-3.353062152862549,3.4868671894073486
459,8,cuda_fp32,1,1,-4.132667064666748,4.413984775543213
460,8,cuda_fp32,1,1,-3.7995524406433105,3.969188928604126
461,8,cuda_fp32,0,0,4.733696460723877,-3.808513879776001
462,8,cuda_fp32,0,0,4.483870029449463,-3.6495981216430664
463,8,cuda_fp32,0,0,4.3545331954956055,-3.513256311416626
464,8,cuda_fp32,1,0,1.3947978019714355,-1.0867185592651367
465,8,cuda_fp32,0,0,2.8997104167938232,-2.4545319080352783
466,8,cuda_fp32,1,1,-3.726837635040283,3.859699010848999
467,8,cuda_fp32,1,1,-3.1886956691741943,3.2577922344207764
468,8,cuda_fp32,1,1,-4.140697002410889,4.385735034942627
469,8,cuda_fp32,0,0,4.539078712463379,-3.716052293777466
470,8,cuda_fp32,1,1,-4.311761379241943,4.669745922088623
471,8,cuda_fp32,0,0,3.960378408432007,-3.290557861328125
472,8,cuda_fp32,1,1,-3.3062214851379395,3.324829578399658
473,8,cuda_fp32,1,1,-3.7196755409240723,3.9637503623962402
474,8,cuda_fp32,0,0,4.656111240386963,-3.7205545902252197
475,8,cuda_fp32,1,1,-4.284704685211182,4.624182224273682
476,8,cuda_fp32,0,0,4.156494617462158,-3.400719404220581
477,8,cuda_fp32,0,1,-1.7983225584030151,1.7944111824035645
478,8,cuda_fp32,0,0,1.6566041707992554,-1.3845208883285522
479,8,cuda_fp32,1,1,-4.354427814483643,4.668975830078125
480,8,cuda_fp32,1,1,-3.9375782012939453,4.16042947769165
481,8,cuda_fp32,1,1,-0.3258812129497528,0.5602104663848877
482,8,cuda_fp32,1,1,-3.820854902267456,4.025755882263184
483,8,cuda_fp32,1,1,-4.099252223968506,4.375686168670654
484,8,cuda_fp32,1,1,-4.2274699211120605,4.521400451660156
485,8,cuda_fp32,1,1,-4.065683841705322,4.309688091278076
486,8,cuda_fp32,0,0,4.589075565338135,-3.6183862686157227
487,8,cuda_fp32,0,0,3.307495355606079,-2.765974521636963
488,8,cuda_fp32,1,1,-4.227591514587402,4.544060707092285
489,8,cuda_fp32,0,0,4.305964946746826,-3.4677798748016357
490,8,cuda_fp32,0,0,4.75267219543457,-3.825732469558716
491,8,cuda_fp32,0,0,3.962430953979492,-3.2617785930633545
492,8,cuda_fp32,1,1,-4.365715503692627,4.683262825012207
493,8,cuda_fp32,0,0,4.7070441246032715,-3.719747304916382
494,8,cuda_fp32,0,1,-2.896942615509033,3.0416953563690186
495,8,cuda_fp32,1,1,-1.197516679763794,1.379951000213623
496,8,cuda_fp32,1,0,1.1333281993865967,-0.9997339248657227
497,8,cuda_fp32,0,0,0.12238997966051102,0.012574045918881893
498,8,cuda_fp32,1,1,-4.1479058265686035,4.432286262512207
499,8,cuda_fp32,1,1,-2.969810962677002,3.031205177307129
500,8,cuda_fp32,0,0,4.463064193725586,-3.6447958946228027
501,8,cuda_fp32,1,0,2.729696750640869,-2.3542563915252686
502,8,cuda_fp32,0,0,4.75432014465332,-3.8119301795959473
503,8,cuda_fp32,0,0,3.3161675930023193,-2.755901575088501
504,8,cuda_fp32,1,1,-4.375240802764893,4.717370510101318
505,8,cuda_fp32,1,1,-2.828956365585327,2.956681966781616
506,8,cuda_fp32,1,1,-3.9292876720428467,4.136816501617432
507,8,cuda_fp32,1,1,-3.82682728767395,4.067591667175293
508,8,cuda_fp32,1,1,-4.2987823486328125,4.602351665496826
509,8,cuda_fp32,1,1,-0.154301717877388,0.4503301680088043
510,8,cuda_fp32,1,1,-3.5248610973358154,3.725562334060669
511,8,cuda_fp32,1,1,-3.9205617904663086,4.135012626647949
512,8,cuda_fp32,0,0,4.342988014221191,-3.506237268447876
513,8,cuda_fp32,0,0,1.2366069555282593,-0.9052978754043579
514,8,cuda_fp32,1,1,-3.8224809169769287,4.029260635375977
515,8,cuda_fp32,0,0,3.243879795074463,-2.6404144763946533
516,8,cuda_fp32,0,0,4.222336769104004,-3.4632461071014404
517,8,cuda_fp32,1,1,-2.1421923637390137,2.2403063774108887
518,8,cuda_fp32,1,1,-3.8716838359832764,4.109290599822998
519,8,cuda_fp32,0,1,-3.6433773040771484,3.7528235912323
520,8,cuda_fp32,1,1,-3.967168092727661,4.18443489074707
521,8,cuda_fp32,0,0,4.2350263595581055,-3.4431464672088623
522,8,cuda_fp32,0,0,4.373763084411621,-3.6074047088623047
523,8,cuda_fp32,1,1,-4.296738624572754,4.5717692375183105
524,8,cuda_fp32,1,1,-3.6958212852478027,3.8368382453918457
525,8,cuda_fp32,1,1,-4.086306095123291,4.407985210418701
526,8,cuda_fp32,0,0,4.066307067871094,-3.3163416385650635
527,8,cuda_fp32,0,0,0.12163426727056503,-0.020015614107251167
528,8,cuda_fp32,1,1,-3.17238712310791,3.3427951335906982
529,8,cuda_fp32,0,0,4.291574001312256,-3.5154402256011963
530,8,cuda_fp32,1,1,-4.308433532714844,4.644510269165039
531,8,cuda_fp32,0,0,4.010135650634766,-3.317331075668335
532,8,cuda_fp32,1,1,-3.27390456199646,3.406522750854492
533,8,cuda_fp32,1,1,-3.8927998542785645,4.178547382354736
534,8,cuda_fp32,1,1,-4.325892925262451,4.67158842086792
535,8,cuda_fp32,1,1,-4.022396087646484,4.296838760375977
536,8,cuda_fp32,0,0,4.675105571746826,-3.7928154468536377
537,8,cuda_fp32,1,1,-4.243643760681152,4.5149006843566895
538,8,cuda_fp32,0,0,4.770405292510986,-3.837521553039551
539,8,cuda_fp32,0,0,2.3730130195617676,-1.9451549053192139
540,8,cuda_fp32,1,1,-3.7982380390167236,4.04848575592041
541,8,cuda_fp32,1,1,-4.312842845916748,4.667536735534668
542,8,cuda_fp32,0,0,4.021435260772705,-3.263263463973999
543,8,cuda_fp32,0,0,2.4755873680114746,-2.102341413497925
544,8,cuda_fp32,0,1,-3.855299711227417,4.121203422546387
545,8,cuda_fp32,0,0,4.629671573638916,-3.7399823665618896
546,8,cuda_fp32,1,0,1.8236160278320312,-1.488237738609314
547,8,cuda_fp32,0,0,3.5126163959503174,-2.913031578063965
548,8,cuda_fp32,0,0,3.2687127590179443,-2.7097277641296387
549,8,cuda_fp32,0,0,4.765611171722412,-3.797874689102173
550,8,cuda_fp32,0,0,4.696005344390869,-3.7823824882507324
551,8,cuda_fp32,0,0,3.914410352706909,-3.2314229011535645
552,8,cuda_fp32,0,0,4.091810703277588,-3.3789222240448
553,8,cuda_fp32,1,1,-4.0817670822143555,4.411271095275879
554,8,cuda_fp32,0,0,3.749934673309326,-3.0940232276916504
555,8,cuda_fp32,0,0,4.486308574676514,-3.666865110397339
556,8,cuda_fp32,0,0,4.499211311340332,-3.636462450027466
557,8,cuda_fp32,1,1,-4.251961708068848,4.588571071624756
558,8,cuda_fp32,1,1,-3.178168535232544,3.243654251098633
559,8,cuda_fp32,0,0,3.206902027130127,-2.6957600116729736
560,8,cuda_fp32,0,0,3.486083745956421,-2.8906137943267822
561,8,cuda_fp32,1,0,2.760984420776367,-2.329127073287964
562,8,cuda_fp32,0,0,4.612590789794922,-3.685553550720215
563,8,cuda_fp32,1,1,-4.069301605224609,4.258884429931641
564,8,cuda_fp32,0,0,4.227480411529541,-3.4178802967071533
565,8,cuda_fp32,1,1,-4.365826606750488,4.688634395599365
566,8,cuda_fp32,0,0,4.405898094177246,-3.628892660140991
567,8,cuda_fp32,1,1,-4.083530426025391,4.317939758300781
568,8,cuda_fp32,0,0,3.1718761920928955,-2.613788604736328
569,8,cuda_fp32,1,1,-4.37878942489624,4.7138824462890625
570,8,cuda_fp32,1,1,-3.927229404449463,4.082092761993408
571,8,cuda_fp32,0,0,3.6371653079986572,-2.987070322036743
572,8,cuda_fp32,0,0,4.505838394165039,-3.5813605785369873
573,8,cuda_fp32,1,1,-4.357333660125732,4.697790145874023
574,8,cuda_fp32,0,0,4.235313415527344,-3.502882719039917
575,8,cuda_fp32,0,0,3.0375773906707764,-2.4916205406188965
576,8,cuda_fp32,0,0,4.739461898803711,-3.758216381072998
577,8,cuda_fp32,1,1,-4.114477634429932,4.372365951538086
578,8,cuda_fp32,0,0,3.565807342529297,-2.991474151611328
579,8,cuda_fp32,0,1,-2.255352020263672,2.242574453353882
580,8,cuda_fp32,0,0,2.476245403289795,-2.012423515319824
581,8,cuda_fp32,0,0,4.695396900177002,-3.772981882095337
582,8,cuda_fp32,0,0,2.8169620037078857,-2.326758623123169
583,8,cuda_fp32,0,0,3.0948641300201416,-2.658320665359497
584,8,cuda_fp32,0,0,3.2630608081817627,-2.707193613052368
585,8,cuda_fp32,0,0,4.696839332580566,-3.7763030529022217
586,8,cuda_fp32,0,0,4.591280460357666,-3.6349198818206787
587,8,cuda_fp32,0,0,3.8655529022216797,-3.186685085296631
588,8,cuda_fp32,1,1,-2.821578025817871,2.888563632965088
589,8,cuda_fp32,1,1,-2.700489044189453,2.7416789531707764
590,8,cuda_fp32,0,0,4.399632453918457,-3.6135241985321045
591,8,cuda_fp32,0,0,4.711053848266602,-3.7441580295562744
592,8,cuda_fp32,0,0,4.549139499664307,-3.643573045730591
593,8,cuda_fp32,1,1,-3.882352590560913,4.152454853057861
594,8,cuda_fp32,1,1,-4.209939479827881,4.4664306640625
595,8,cuda_fp32,0,0,1.4904533624649048,-1.2626879215240479
596,8,cuda_fp32,0,0,2.9330368041992188,-2.4341208934783936
597,8,cuda_fp32,0,0,3.5792062282562256,-3.029304265975952
598,8,cuda_fp32,0,0,4.771552562713623,-3.8434340953826904
599,8,cuda_fp32,0,0,4.770946502685547,-3.8113138675689697
600,8,cuda_fp32,0,0,3.677711248397827,-3.080183744430542
601,8,cuda_fp32,0,0,2.4625022411346436,-2.0429847240448
602,8,cuda_fp32,1,1,-3.731651544570923,4.0720038414001465
603,8,cuda_fp32,1,1,-4.349899768829346,4.653146743774414
604,8,cuda_fp32,0,1,-1.9380162954330444,1.932363748550415
605,8,cuda_fp32,1,1,-2.9526517391204834,3.0108180046081543
606,8,cuda_fp32,0,0,3.9766619205474854,-3.3398776054382324
607,8,cuda_fp32,1,1,-2.974890947341919,3.2363436222076416
608,8,cuda_fp32,1,1,-3.4921422004699707,3.6086175441741943
609,8,cuda_fp32,1,1,-2.991586446762085,3.034592628479004
610,8,cuda_fp32,0,0,2.431002378463745,-2.1010239124298096
611,8,cuda_fp32,1,1,-3.321054697036743,3.5152103900909424
612,8,cuda_fp32,0,1,-2.147339105606079,2.2745885848999023
613,8,cuda_fp32,1,1,-2.227325916290283,2.242325782775879
614,8,cuda_fp32,1,1,-3.9331705570220947,4.220864772796631
615,8,cuda_fp32,0,0,3.9069714546203613,-3.212738037109375
616,8,cuda_fp32,1,1,-3.774846076965332,3.967930555343628
617,8,cuda_fp32,0,0,0.34052616357803345,-0.18085306882858276
618,8,cuda_fp32,0,0,1.6636412143707275,-1.3290971517562866
619,8,cuda_fp32,0,0,4.49989652633667,-3.705160617828369
620,8,cuda_fp32,0,0,2.627586603164673,-2.216632604598999
621,8,cuda_fp32,1,1,-4.163151264190674,4.3945512771606445
622,8,cuda_fp32,1,1,-3.860640048980713,4.074862480163574
623,8,cuda_fp32,1,1,-4.170034885406494,4.483297348022461
624,8,cuda_fp32,1,1,-3.6450560092926025,3.860463857650757
625,8,cuda_fp32,1,1,-4.34042501449585,4.678308486938477
626,8,cuda_fp32,1,0,1.312811255455017,-1.0312238931655884
627,8,cuda_fp32,0,0,4.761232852935791,-3.778064012527466
628,8,cuda_fp32,1,1,-3.8681461811065674,4.16116189956665
629,8,cuda_fp32,0,0,3.5379977226257324,-3.0206451416015625
630,8,cuda_fp32,1,1,-3.2937378883361816,3.3801844120025635
631,8,cuda_fp32,0,0,4.200186729431152,-3.339543581008911
632,8,cuda_fp32,0,0,4.51153039932251,-3.6768829822540283
633,8,cuda_fp32,1,1,-2.56762957572937,2.745924949645996
634,8,cuda_fp32,1,1,-3.798786163330078,3.9579055309295654
635,8,cuda_fp32,0,0,3.9857640266418457,-3.3389475345611572
636,8,cuda_fp32,1,1,-3.8991641998291016,4.182049751281738
637,8,cuda_fp32,0,0,4.4085307121276855,-3.6211140155792236
638,8,cuda_fp32,1,1,-3.940941333770752,4.17923641204834
639,8,cuda_fp32,0,0,4.5512189865112305,-3.68586802482605
640,8,cuda_fp32,1,1,-4.2922844886779785,4.627223014831543
641,8,cuda_fp32,1,1,-4.217341423034668,4.505746841430664
642,8,cuda_fp32,0,0,4.315256118774414,-3.549842119216919
643,8,cuda_fp32,1,1,-0.15991197526454926,0.2128855437040329
644,8,cuda_fp32,1,1,-3.824165105819702,4.032405853271484
645,8,cuda_fp32,0,0,1.493463158607483,-1.1246417760849
646,8,cuda_fp32,0,1,-3.7850053310394287,4.100659370422363
647,8,cuda_fp32,0,0,4.76649284362793,-3.7794137001037598
648,8,cuda_fp32,1,1,-2.9281327724456787,3.087010145187378
649,8,cuda_fp32,0,0,4.646949291229248,-3.785102367401123
650,8,cuda_fp32,0,0,4.113214015960693,-3.4053075313568115
651,8,cuda_fp32,0,0,4.217148303985596,-3.4081695079803467
652,8,cuda_fp32,0,0,4.684286594390869,-3.727569818496704
653,8,cuda_fp32,0,0,4.613921165466309,-3.7258460521698
654,8,cuda_fp32,0,0,4.512909889221191,-3.6569416522979736
655,8,cuda_fp32,1,1,-4.200253009796143,4.485970497131348
656,8,cuda_fp32,1,0,1.952242374420166,-1.671531319618225
657,8,cuda_fp32,0,0,3.957193374633789,-3.2837202548980713
658,8,cuda_fp32,1,1,-4.347876071929932,4.665121555328369
659,8,cuda_fp32,0,0,3.28871750831604,-2.7232797145843506
660,8,cuda_fp32,1,1,-4.160616397857666,4.506397247314453
661,8,cuda_fp32,0,0,3.9710304737091064,-3.303488254547119
662,8,cuda_fp32,0,0,4.564548969268799,-3.6179912090301514
663,8,cuda_fp32,1,1,-3.318413257598877,3.4171035289764404
664,8,cuda_fp32,1,1,-3.8629558086395264,4.0608296394348145
665,8,cuda_fp32,1,1,-3.320716142654419,3.4958927631378174
666,8,cuda_fp32,1,1,-4.078761100769043,4.408063888549805
667,8,cuda_fp32,1,0,0.9361491203308105,-0.7661949396133423
668,8,cuda_fp32,0,0,3.806976079940796,-3.1180922985076904
669,8,cuda_fp32,1,1,-4.212018966674805,4.568692684173584
670,8,cuda_fp32,0,0,1.484171986579895,-1.1344712972640991
671,8,cuda_fp32,1,1,-3.8259899616241455,4.067481517791748
672,8,cuda_fp32,0,0,3.84806489944458,-3.135174036026001
673,8,cuda_fp32,1,0,1.5891896486282349,-1.1898378133773804
674,8,cuda_fp32,1,1,-3.5037519931793213,3.687328815460205
675,8,cuda_fp32,1,1,-4.206634044647217,4.534157752990723
676,8,cuda_fp32,0,0,4.3038530349731445,-3.5012385845184326
677,8,cuda_fp32,1,1,-3.4980247020721436,3.6583497524261475
678,8,cuda_fp32,1,1,-3.7761878967285156,4.0198283195495605
679,8,cuda_fp32,1,1,-4.059006690979004,4.352777481079102
680,8,cuda_fp32,1,1,-3.6845858097076416,3.90343976020813
681,8,cuda_fp32,0,0,4.4036030769348145,-3.62850284576416
682,8,cuda_fp32,0,0,4.663685321807861,-3.7277088165283203
683,8,cuda_fp32,1,0,0.4881894290447235,-0.31779274344444275
684,8,cuda_fp32,1,1,-2.1998555660247803,2.2873406410217285
685,8,cuda_fp32,1,0,3.6311705112457275,-3.017820119857788
686,8,cuda_fp32,1,1,-4.222127914428711,4.514048099517822
687,8,cuda_fp32,0,0,4.346269130706787,-3.588953971862793
688,8,cuda_fp32,0,0,2.1251723766326904,-1.7553998231887817
689,8,cuda_fp32,0,0,2.676558256149292,-2.309671401977539
690,8,cuda_fp32,0,0,4.7010064125061035,-3.7459828853607178
691,8,cuda_fp32,1,1,-3.4409544467926025,3.6000308990478516
692,8,cuda_fp32,0,1,-1.3274714946746826,1.4979746341705322
693,8,cuda_fp32,0,0,4.637213230133057,-3.745192766189575
694,8,cuda_fp32,0,0,3.8167593479156494,-3.0528981685638428
695,8,cuda_fp32,0,1,-3.4814107418060303,3.6151580810546875
696,8,cuda_fp32,1,1,-3.421597480773926,3.581045389175415
697,8,cuda_fp32,1,1,-0.6854411959648132,0.7903775572776794
698,8,cuda_fp32,1,1,-3.6342997550964355,3.9016928672790527
699,8,cuda_fp32,1,0,2.720015525817871,-2.2923409938812256
700,8,cuda_fp32,0,0,2.0434844493865967,-1.5222342014312744
701,8,cuda_fp32,0,0,2.79883074760437,-2.368597984313965
702,8,cuda_fp32,0,1,-2.0724294185638428,2.1582651138305664
703,8,cuda_fp32,0,0,3.599241256713867,-2.9950928688049316
704,8,cuda_fp32,0,1,-0.8151989579200745,0.9092660546302795
705,8,cuda_fp32,0,0,3.30153751373291,-2.760546922683716
706,8,cuda_fp32,0,0,4.3090362548828125,-3.4659225940704346
707,8,cuda_fp32,0,0,1.2722529172897339,-1.1068187952041626
708,8,cuda_fp32,1,1,-4.346207618713379,4.687422752380371
709,8,cuda_fp32,0,0,4.605672359466553,-3.7232179641723633
710,8,cuda_fp32,0,0,2.630472421646118,-2.2290332317352295
711,8,cuda_fp32,0,0,4.769750118255615,-3.8235597610473633
712,8,cuda_fp32,0,0,3.6255786418914795,-3.0589940547943115
713,8,cuda_fp32,0,0,3.843366861343384,-3.1781389713287354
714,8,cuda_fp32,1,1,-4.3378190994262695,4.702337265014648
715,8,cuda_fp32,0,0,3.5359601974487305,-2.9800167083740234
716,8,cuda_fp32,0,0,3.46319317817688,-2.8825535774230957
717,8,cuda_fp32,1,1,-4.3568925857543945,4.665219306945801
718,8,cuda_fp32,1,1,-4.19282865524292,4.476562976837158
719,8,cuda_fp32,0,0,3.866147041320801,-3.301097869873047
720,8,cuda_fp32,1,1,-3.9341390132904053,4.118468284606934
721,8,cuda_fp32,1,1,-4.30259370803833,4.585451126098633
722,8,cuda_fp32,0,0,3.9954864978790283,-3.287381410598755
723,8,cuda_fp32,1,1,-4.338489055633545,4.664886474609375
724,8,cuda_fp32,0,1,-3.219801902770996,3.4096322059631348
725,8,cuda_fp32,1,1,-3.9711081981658936,4.243281364440918
726,8,cuda_fp32,1,1,-4.133080005645752,4.372935771942139
727,8,cuda_fp32,0,0,2.5106117725372314,-2.160992383956909
728,8,cuda_fp32,1,1,-2.2967894077301025,2.3952693939208984
729,8,cuda_fp32,1,1,-4.198770046234131,4.580073356628418
730,8,cuda_fp32,0,0,4.665419101715088,-3.761547803878784
731,8,cuda_fp32,0,0,3.17502760887146,-2.6217849254608154
732,8,cuda_fp32,0,0,4.472323417663574,-3.605764627456665
733,8,cuda_fp32,0,0,0.7815436124801636,-0.5564262270927429
734,8,cuda_fp32,0,0,1.581718921661377,-1.198458194732666
735,8,cuda_fp32,0,1,-1.8030825853347778,1.9082878828048706
736,8,cuda_fp32,0,1,-2.7647063732147217,2.855759620666504
737,8,cuda_fp32,1,1,-4.235010147094727,4.556862831115723
738,8,cuda_fp32,1,1,-4.216394901275635,4.5500102043151855
739,8,cuda_fp32,1,1,-4.156345844268799,4.459882736206055
740,8,cuda_fp32,1,1,-3.7904212474823,4.004944801330566
741,8,cuda_fp32,1,0,1.236621618270874,-0.9794094562530518
742,8,cuda_fp32,1,1,-3.6756045818328857,3.8335673809051514
743,8,cuda_fp32,0,0,2.1890718936920166,-1.8489526510238647
744,8,cuda_fp32,1,1,-3.5895791053771973,3.7646658420562744
745,8,cuda_fp32,0,0,4.578118801116943,-3.754152536392212
746,8,cuda_fp32,1,1,-4.249050617218018,4.581160545349121
747,8,cuda_fp32,1,1,-3.789855480194092,4.025930404663086
748,8,cuda_fp32,0,0,3.926271677017212,-3.2003700733184814
749,8,cuda_fp32,1,0,1.9296857118606567,-1.6342202425003052
750,8,cuda_fp32,0,0,2.382418155670166,-2.0670886039733887
751,8,cuda_fp32,0,0,4.70326042175293,-3.7865235805511475
752,8,cuda_fp32,0,0,3.818615674972534,-3.121734142303467
753,8,cuda_fp32,1,1,-2.33915114402771,2.444584846496582
754,8,cuda_fp32,1,1,-4.078503608703613,4.391016006469727
755,8,cuda_fp32,1,1,-4.239349842071533,4.552397727966309
756,8,cuda_fp32,0,0,3.244981288909912,-2.753809690475464
757,8,cuda_fp32,0,0,2.6100387573242188,-2.1866531372070312
758,8,cuda_fp32,1,1,-4.332061767578125,4.647355556488037
759,8,cuda_fp32,0,0,2.8490631580352783,-2.4181225299835205
760,8,cuda_fp32,1,0,1.521334171295166,-1.2881462574005127
761,8,cuda_fp32,0,0,4.632079124450684,-3.743726968765259
762,8,cuda_fp32,1,1,-4.341075897216797,4.702242851257324
763,8,cuda_fp32,1,1,-3.437877893447876,3.6118836402893066
764,8,cuda_fp32,0,1,-2.8282437324523926,2.9292290210723877
765,8,cuda_fp32,0,0,3.681426525115967,-3.0312721729278564
766,8,cuda_fp32,1,1,-3.5516233444213867,3.698111057281494
767,8,cuda_fp32,1,1,-4.043607234954834,4.309435844421387
768,8,cuda_fp32,1,1,-3.751464605331421,3.912038803100586
769,8,cuda_fp32,1,1,-4.250072956085205,4.524016857147217
770,8,cuda_fp32,0,1,-0.8474247455596924,0.9070720672607422
771,8,cuda_fp32,0,1,-2.3408727645874023,2.368134021759033
772,8,cuda_fp32,1,1,-4.137162208557129,4.406259059906006
773,8,cuda_fp32,1,1,-4.006478786468506,4.273184299468994
774,8,cuda_fp32,0,0,4.116311073303223,-3.373889684677124
775,8,cuda_fp32,0,0,1.3273409605026245,-1.1398698091506958
776,8,cuda_fp32,0,0,4.751841068267822,-3.806666851043701
777,8,cuda_fp32,1,1,-3.9071080684661865,4.1011786460876465
778,8,cuda_fp32,1,1,-4.341461181640625,4.692751407623291
779,8,cuda_fp32,0,0,4.170822620391846,-3.415628433227539
780,8,cuda_fp32,1,1,-3.923682689666748,4.142046928405762
781,8,cuda_fp32,0,0,4.1354875564575195,-3.3991384506225586
782,8,cuda_fp32,1,1,-0.5286557674407959,0.6175520420074463
783,8,cuda_fp32,1,1,-3.90149188041687,4.109978199005127
784,8,cuda_fp32,1,1,-4.250765323638916,4.558821678161621
785,8,cuda_fp32,1,1,-2.7375102043151855,2.7595162391662598
786,8,cuda_fp32,0,0,3.194991111755371,-2.7763776779174805
787,8,cuda_fp32,0,0,3.1140544414520264,-2.577779531478882
788,8,cuda_fp32,1,1,-3.990748167037964,4.266631603240967
789,8,cuda_fp32,0,0,2.1187663078308105,-1.729461431503296
790,8,cuda_fp32,0,0,4.0590643882751465,-3.3470020294189453
791,8,cuda_fp32,0,1,-4.1053147315979,4.3699140548706055
792,8,cuda_fp32,1,1,-4.335926532745361,4.715699672698975
793,8,cuda_fp32,1,1,-3.190844774246216,3.302424907684326
794,8,cuda_fp32,1,1,-3.585660696029663,3.774122476577759
795,8,cuda_fp32,0,0,4.502362251281738,-3.5937857627868652
796,8,cuda_fp32,1,1,-4.238877296447754,4.494770526885986
797,8,cuda_fp32,0,0,4.717381954193115,-3.750462055206299
798,8,cuda_fp32,0,0,4.03022575378418,-3.366194248199463
799,8,cuda_fp32,1,1,-4.360461711883545,4.696685314178467
800,8,cuda_fp32,0,0,3.146660089492798,-2.674017906188965
801,8,cuda_fp32,0,0,2.2619893550872803,-1.9341458082199097
802,8,cuda_fp32,0,0,2.4260478019714355,-1.9886775016784668
803,8,cuda_fp32,1,1,-2.877286434173584,2.9563159942626953
804,8,cuda_fp32,0,0,3.786809206008911,-3.128032684326172
805,8,cuda_fp32,0,0,0.4369169771671295,-0.18687961995601654
806,8,cuda_fp32,1,1,-4.1166534423828125,4.397281646728516
807,8,cuda_fp32,1,1,-4.36903715133667,4.746372699737549
808,8,cuda_fp32,1,1,-4.401824474334717,4.7434916496276855
809,8,cuda_fp32,1,1,-4.289352893829346,4.595709323883057
810,8,cuda_fp32,1,1,-4.285362243652344,4.652904033660889
811,8,cuda_fp32,0,0,2.977689027786255,-2.570983648300171
812,8,cuda_fp32,1,1,-1.536605954170227,1.6379388570785522
813,8,cuda_fp32,0,0,0.3599931001663208,-0.14853264391422272
814,8,cuda_fp32,0,0,4.62789249420166,-3.6998724937438965
815,8,cuda_fp32,1,1,-4.379663467407227,4.716063022613525
816,8,cuda_fp32,1,1,-3.494194746017456,3.640289068222046
817,8,cuda_fp32,1,1,-4.36064338684082,4.699521541595459
818,8,cuda_fp32,0,0,3.076972007751465,-2.5310652256011963
819,8,cuda_fp32,0,0,2.3652310371398926,-1.9844943284988403
820,8,cuda_fp32,1,1,-4.351099014282227,4.662251949310303
821,8,cuda_fp32,1,1,-4.320424556732178,4.639874458312988
822,8,cuda_fp32,0,0,4.61735200881958,-3.7504940032958984
823,8,cuda_fp32,1,1,-1.8548065423965454,1.9670850038528442
824,8,cuda_fp32,0,0,2.9927244186401367,-2.3657407760620117
825,8,cuda_fp32,1,1,-4.27643346786499,4.555642127990723
826,8,cuda_fp32,1,1,-4.281941890716553,4.563869476318359
827,8,cuda_fp32,0,0,2.887018918991089,-2.41096830368042
828,8,cuda_fp32,0,0,3.1931629180908203,-2.7137749195098877
829,8,cuda_fp32,0,1,-3.0187878608703613,3.1928117275238037
830,8,cuda_fp32,1,1,-2.737318515777588,2.8122618198394775
831,8,cuda_fp32,1,1,-3.135694980621338,3.231755018234253
832,8,cuda_fp32,0,1,-1.4100104570388794,1.4431766271591187
833,8,cuda_fp32,0,0,4.368474960327148,-3.5716280937194824
834,8,cuda_fp32,1,1,-3.1213037967681885,3.2979509830474854
835,8,cuda_fp32,1,1,-4.347980976104736,4.666609287261963
836,8,cuda_fp32,0,0,4.536715984344482,-3.7160961627960205
837,8,cuda_fp32,1,1,-4.243662357330322,4.487640380859375
838,8,cuda_fp32,0,0,3.048766613006592,-2.507202625274658
839,8,cuda_fp32,0,0,4.604039669036865,-3.711137533187866
840,8,cuda_fp32,0,0,3.9544224739074707,-3.2206315994262695
841,8,cuda_fp32,1,1,-3.5757858753204346,3.7836601734161377
842,8,cuda_fp32,0,0,3.018451452255249,-2.510718822479248
843,8,cuda_fp32,0,0,3.429206132888794,-2.8151845932006836
844,8,cuda_fp32,0,0,4.660569190979004,-3.7403488159179688
845,8,cuda_fp32,0,0,4.150506496429443,-3.409158706665039
846,8,cuda_fp32,0,1,-2.2222437858581543,2.2994229793548584
847,8,cuda_fp32,1,1,0.04874483123421669,0.1483452022075653
848,8,cuda_fp32,1,1,-4.260188579559326,4.578136444091797
849,8,cuda_fp32,1,1,-3.372532606124878,3.481677532196045
850,8,cuda_fp32,1,1,-2.661864995956421,2.706563711166382
851,8,cuda_fp32,0,0,3.898754358291626,-3.161665201187134
852,8,cuda_fp32,0,0,2.351735830307007,-1.9688751697540283
853,8,cuda_fp32,1,1,-2.486574172973633,2.5539844036102295
854,8,cuda_fp32,0,0,4.080686569213867,-3.298123359680176
855,8,cuda_fp32,1,1,-4.155616283416748,4.442814350128174
856,8,cuda_fp32,1,1,-2.520963430404663,2.680758237838745
857,8,cuda_fp32,1,1,-3.973867893218994,4.209714889526367
858,8,cuda_fp32,1,1,-4.276749610900879,4.63967752456665
859,8,cuda_fp32,1,1,-4.310284614562988,4.708578586578369
860,8,cuda_fp32,1,1,-4.1682963371276855,4.498216152191162
861,8,cuda_fp32,1,1,-3.1701314449310303,3.2596113681793213
862,8,cuda_fp32,0,0,0.7728387713432312,-0.48291006684303284
863,8,cuda_fp32,0,0,1.8377338647842407,-1.489091396331787
864,8,cuda_fp32,0,0,4.726071357727051,-3.8145995140075684
865,8,cuda_fp32,1,1,-0.3887048661708832,0.4959404766559601
866,8,cuda_fp32,1,1,-3.3858532905578613,3.5430452823638916
867,8,cuda_fp32,0,0,2.1451539993286133,-1.8193833827972412
868,8,cuda_fp32,1,1,-4.034765243530273,4.265737533569336
869,8,cuda_fp32,0,0,1.3311067819595337,-1.0307838916778564
870,8,cuda_fp32,0,0,3.648148775100708,-3.0161893367767334
871,8,cuda_fp32,1,0,0.7629083395004272,-0.49232566356658936
0,8,cuda_fp16,1,1,-4.36328125,4.69921875
1,8,cuda_fp16,0,0,3.724609375,-3.150390625
2,8,cuda_fp16,1,1,-3.87109375,4.05859375
3,8,cuda_fp16,1,1,-3.90625,4.203125
4,8,cuda_fp16,0,0,4.48046875,-3.59765625
5,8,cuda_fp16,1,1,-4.21875,4.45703125
6,8,cuda_fp16,0,0,4.18359375,-3.42578125
7,8,cuda_fp16,0,0,2.609375,-2.181640625
8,8,cuda_fp16,1,1,-2.43359375,2.474609375
9,8,cuda_fp16,0,0,3.962890625,-3.234375
10,8,cuda_fp16,1,1,-4.359375,4.703125
11,8,cuda_fp16,0,0,4.390625,-3.63671875
12,8,cuda_fp16,0,0,4.78125,-3.814453125
13,8,cuda_fp16,1,1,-1.4931640625,1.611328125
14,8,cuda_fp16,0,0,4.6484375,-3.73828125
15,8,cuda_fp16,1,1,-4.375,4.71484375
16,8,cuda_fp16,1,1,-3.701171875,3.87109375
17,8,cuda_fp16,1,1,-4.109375,4.3984375
18,8,cuda_fp16,0,0,3.9453125,-3.29296875
19,8,cuda_fp16,0,0,4.2890625,-3.501953125
20,8,cuda_fp16,0,0,2.029296875,-1.732421875
21,8,cuda_fp16,0,0,1.669921875,-1.3837890625
22,8,cuda_fp16,0,1,-2.28125,2.392578125
23,8,cuda_fp16,1,1,-4.36328125,4.69140625
24,8,cuda_fp16,1,1,-2.740234375,2.919921875
25,8,cuda_fp16,0,0,4.359375,-3.591796875
26,8,cuda_fp16,0,0,3.384765625,-2.859375
27,8,cuda_fp16,1,1,-3.908203125,4.12109375
28,8,cuda_fp16,0,0,2.529296875,-2.228515625
29,8,cuda_fp16,0,0,3.09765625,-2.7109375
30,8,cuda_fp16,1,1,-4.3203125,4.6796875
31,8,cuda_fp16,0,0,3.056640625,-2.630859375
32,8,cuda_fp16,1,1,-4.3671875,4.7265625
33,8,cuda_fp16,0,0,1.5888671875,-1.3173828125
34,8,cuda_fp16,0,0,4.75,-3.84765625
35,8,cuda_fp16,0,0,4.50390625,-3.666015625
36,8,cuda_fp16,1,1,-3.43359375,3.61328125
37,8,cuda_fp16,0,0,2.31640625,-2.017578125
38,8,cuda_fp16,1,1,-3.41796875,3.626953125
39,8,cuda_fp16,1,1,-4.078125,4.3046875
40,8,cuda_fp16,1,1,-4.37109375,4.73046875
41,8,cuda_fp16,1,1,-3.9296875,4.1171875
42,8,cuda_fp16,1,1,-4.0703125,4.33984375
43,8,cuda_fp16,1,1,-4.2109375,4.4765625
44,8,cuda_fp16,0,0,2.943359375,-2.4765625
45,8,cuda_fp16,0,0,3.228515625,-2.67578125
46,8,cuda_fp16,0,0,1.7470703125,-1.4130859375
47,8,cuda_fp16,1,1,-4.30859375,4.59375
48,8,cuda_fp16,1,1,-4.1953125,4.50390625
49,8,cuda_fp16,0,0,4.65234375,-3.7578125
50,8,cuda_fp16,0,0,3.96875,-3.173828125
51,8,cuda_fp16,1,1,-4.19921875,4.453125
52,8,cuda_fp16,1,1,-3.177734375,3.41015625
53,8,cuda_fp16,1,1,-4.02734375,4.23046875
54,8,cuda_fp16,0,0,3.861328125,-3.154296875
55,8,cuda_fp16,1,1,-4.31640625,4.6171875
56,8,cuda_fp16,0,0,4.3984375,-3.615234375
57,8,cuda_fp16,0,0,3.1875,-2.736328125
58,8,cuda_fp16,0,0,3.41015625,-2.8671875
59,8,cuda_fp16,0,0,1.1005859375,-0.8466796875
60,8,cuda_fp16,1,1,-4.21875,4.5078125
61,8,cuda_fp16,0,0,4.42578125,-3.611328125
62,8,cuda_fp16,1,1,-2.205078125,2.3359375
63,8,cuda_fp16,1,1,-4.05078125,4.30859375
64,8,cuda_fp16,0,1,-0.82861328125,0.96923828125
65,8,cuda_fp16,0,0,3.419921875,-2.912109375
66,8,cuda_fp16,1,1,-0.7158203125,0.8701171875
67,8,cuda_fp16,1,1,-4.375,4.75
68,8,cuda_fp16,1,1,-3.078125,3.2265625
69,8,cuda_fp16,0,0,1.0771484375,-0.73095703125
70,8,cuda_fp16,0,0,2.99609375,-2.482421875
71,8,cuda_fp16,1,1,-4.27734375,4.5546875
72,8,cuda_fp16,1,1,-3.853515625,4.05859375
73,8,cuda_fp16,1,1,-1.7509765625,1.8935546875
74,8,cuda_fp16,0,0,4.16015625,-3.462890625
75,8,cuda_fp16,1,1,-4.1640625,4.42578125
76,8,cuda_fp16,0,0,4.63671875,-3.6796875
77,8,cuda_fp16,1,1,-4.125,4.4140625
78,8,cuda_fp16,1,1,-4.1875,4.45703125
79,8,cuda_fp16,0,0,4.3515625,-3.54296875
80,8,cuda_fp16,1,1,-4.24609375,4.578125
81,8,cuda_fp16,0,0,4.35546875,-3.583984375
82,8,cuda_fp16,0,0,1.3642578125,-1.091796875
83,8,cuda_fp16,1,1,-1.0703125,1.140625
84,8,cuda_fp16,1,1,-4.11328125,4.359375
85,8,cuda_fp16,1,1,-3.724609375,3.927734375
86,8,cuda_fp16,0,0,4.4140625,-3.583984375
87,8,cuda_fp16,1,0,3.0,-2.5390625
88,8,cuda_fp16,1,1,-3.041015625,3.193359375
89,8,cuda_fp16,1,1,-2.935546875,3.01953125
90,8,cuda_fp16,1,1,-3.998046875,4.203125
91,8,cuda_fp16,1,1,-4.18359375,4.42578125
92,8,cuda_fp16,0,1,-3.208984375,3.30859375
93,8,cuda_fp16,1,0,4.0546875,-3.349609375
94,8,cuda_fp16,1,1,-4.08984375,4.31640625
95,8,cuda_fp16,0,1,-3.5859375,3.6953125
96,8,cuda_fp16,0,0,3.283203125,-2.740234375
97,8,cuda_fp16,1,1,-2.61328125,2.6328125
98,8,cuda_fp16,0,0,4.79296875,-3.814453125
99,8,cuda_fp16,0,0,3.265625,-2.716796875
100,8,cuda_fp16,1,1,-4.15234375,4.40234375
101,8,cuda_fp16,0,0,3.275390625,-2.72265625
102,8,cuda_fp16,1,1,-2.171875,2.208984375
103,8,cuda_fp16,1,1,-4.3125,4.62890625
104,8,cuda_fp16,1,1,-3.146484375,3.28125
105,8,cuda_fp16,0,0,2.244140625,-1.873046875
106,8,cuda_fp16,1,1,-3.705078125,3.916015625
107,8,cuda_fp16,0,1,-1.3701171875,1.3828125
108,8,cuda_fp16,0,0,2.908203125,-2.349609375
109,8,cuda_fp16,1,1,-4.3203125,4.609375
110,8,cuda_fp16,0,0,4.515625,-3.54296875
111,8,cuda_fp16,0,0,3.93359375,-3.166015625
112,8,cuda_fp16,1,1,-1.9541015625,2.087890625
113,8,cuda_fp16,0,0,4.7109375,-3.748046875
114,8,cuda_fp16,1,1,-4.02734375,4.26171875
115,8,cuda_fp16,0,1,-2.818359375,2.93359375
116,8,cuda_fp16,1,1,-4.19140625,4.4921875
117,8,cuda_fp16,1,1,-4.02734375,4.26953125
118,8,cuda_fp16,0,1,-2.115234375,2.236328125
119,8,cuda_fp16,0,0,2.541015625,-2.212890625
120,8,cuda_fp16,1,1,-4.26171875,4.53515625
121,8,cuda_fp16,0,1,-2.98046875,3.109375
122,8,cuda_fp16,1,1,-2.107421875,2.125
123,8,cuda_fp16,1,0,2.673828125,-2.216796875
124,8,cuda_fp16,1,1,-3.47265625,3.703125
125,8,cuda_fp16,1,1,-4.328125,4.66015625
126,8,cuda_fp16,0,0,2.228515625,-1.7900390625
127,8,cuda_fp16,0,0,4.38671875,-3.533203125
128,8,cuda_fp16,1,1,-4.0234375,4.2734375
129,8,cuda_fp16,1,1,-4.36328125,4.703125
130,8,cuda_fp16,0,0,4.7578125,-3.7421875
131,8,cuda_fp16,0,0,4.56640625,-3.66015625
132,8,cuda_fp16,1,1,-4.2421875,4.609375
133,8,cuda_fp16,0,0,4.21484375,-3.486328125
134,8,cuda_fp16,0,0,3.908203125,-3.263671875
135,8,cuda_fp16,0,1,-1.1552734375,1.298828125
136,8,cuda_fp16,0,0,3.625,-3.0390625
137,8,cuda_fp16,0,0,4.56640625,-3.75
138,8,cuda_fp16,1,1,-4.1484375,4.51171875
139,8,cuda_fp16,0,0,4.35546875,-3.482421875
140,8,cuda_fp16,0,0,4.33984375,-3.55859375
141,8,cuda_fp16,0,0,4.72265625,-3.748046875
142,8,cuda_fp16,1,0,2.59765625,-2.189453125
143,8,cuda_fp16,1,1,-3.740234375,3.97265625
144,8,cuda_fp16,0,0,4.5390625,-3.66796875
145,8,cuda_fp16,0,1,-0.814453125,0.98828125
146,8,cuda_fp16,1,1,-4.2578125,4.515625
147,8,cuda_fp16,0,0,1.912109375,-1.7197265625
148,8,cuda_fp16,0,0,4.703125,-3.822265625
149,8,cuda_fp16,1,1,-2.30078125,2.3046875
150,8,cuda_fp16,1,1,-4.08984375,4.5078125
151,8,cuda_fp16,1,1,-4.1796875,4.484375
152,8,cuda_fp16,1,1,-3.32421875,3.396484375
153,8,cuda_fp16,0,0,3.689453125,-2.98828125
154,8,cuda_fp16,1,1,-4.015625,4.23828125
155,8,cuda_fp16,0,0,3.958984375,-3.2890625
156,8,cuda_fp16,1,1,-3.955078125,4.21875
157,8,cuda_fp16,0,0,4.4609375,-3.666015625
158,8,cuda_fp16,0,1,-2.47265625,2.57421875
159,8,cuda_fp16,1,1,-4.22265625,4.5703125
160,8,cuda_fp16,0,0,4.62109375,-3.70703125
161,8,cuda_fp16,0,0,3.859375,-3.20703125
162,8,cuda_fp16,0,0,4.54296875,-3.6328125
163,8,cuda_fp16,0,0,3.556640625,-2.892578125
164,8,cuda_fp16,1,1,-3.662109375,3.833984375
165,8,cuda_fp16,0,0,3.75,-3.087890625
166,8,cuda_fp16,0,0,3.673828125,-3.03125
167,8,cuda_fp16,0,0,4.57421875,-3.630859375
168,8,cuda_fp16,1,1,-4.35546875,4.73046875
169,8,cuda_fp16,1,1,-4.2109375,4.5390625
170,8,cuda_fp16,1,1,-4.37890625,4.734375
171,8,cuda_fp16,0,1,-1.859375,1.9404296875
172,8,cuda_fp16,1,1,-0.4609375,0.6259765625
173,8,cuda_fp16,0,0,4.4296875,-3.64453125
174,8,cuda_fp16,1,1,-3.841796875,4.0859375
175,8,cuda_fp16,1,1,-3.16015625,3.314453125
176,8,cuda_fp16,0,0,1.720703125,-1.408203125
177,8,cuda_fp16,0,0,4.20703125,-3.421875
178,8,cuda_fp16,0,0,0.417236328125,-0.277587890625
179,8,cuda_fp16,1,1,-4.359375,4.734375
180,8,cuda_fp16,0,0,2.94921875,-2.427734375
181,8,cuda_fp16,0,0,4.625,-3.703125
182,8,cuda_fp16,0,0,4.21484375,-3.423828125
183,8,cuda_fp16,0,1,-3.87890625,4.0546875
184,8,cuda_fp16,0,1,-0.265869140625,0.430908203125
185,8,cuda_fp16,1,1,-4.30078125,4.5703125
186,8,cuda_fp16,1,1,-2.458984375,2.560546875
187,8,cuda_fp16,1,1,-3.65625,3.865234375
188,8,cuda_fp16,0,0,3.314453125,-2.78125
189,8,cuda_fp16,0,0,4.19921875,-3.478515625
190,8,cuda_fp16,0,0,3.009765625,-2.37109375
191,8,cuda_fp16,1,1,-2.86328125,2.89453125
192,8,cuda_fp16,1,1,-1.857421875,2.0703125
193,8,cuda_fp16,1,1,-2.44921875,2.525390625
194,8,cuda_fp16,1,1,-3.08984375,3.1171875
195,8,cuda_fp16,1,1,-1.2353515625,1.2255859375
196,8,cuda_fp16,1,1,-2.45703125,2.583984375
197,8,cuda_fp16,0,0,4.6875,-3.818359375
198,8,cuda_fp16,1,1,-4.3515625,4.64453125
199,8,cuda_fp16,0,0,4.37890625,-3.54296875
200,8,cuda_fp16,1,1,-0.61328125,0.83837890625
201,8,cuda_fp16,1,1,-2.1640625,2.234375
202,8,cuda_fp16,0,0,4.01171875,-3.341796875
203,8,cuda_fp16,0,0,4.671875,-3.703125
204,8,cuda_fp16,1,1,-3.751953125,3.978515625
205,8,cuda_fp16,1,1,-3.0390625,3.13671875
206,8,cuda_fp16,1,1,-4.26953125,4.55078125
207,8,cuda_fp16,1,1,-4.3671875,4.7265625
208,8,cuda_fp16,0,0,4.54296875,-3.662109375
209,8,cuda_fp16,0,0,3.107421875,-2.51953125
210,8,cuda_fp16,1,1,-3.7265625,3.88671875
211,8,cuda_fp16,0,0,2.28125,-1.939453125
212,8,cuda_fp16,0,0,3.908203125,-3.267578125
213,8,cuda_fp16,0,1,-1.81640625,1.888671875
214,8,cuda_fp16,0,0,3.201171875,-2.796875
215,8,cuda_fp16,1,1,-2.443359375,2.529296875
216,8,cuda_fp16,1,1,-2.779296875,2.859375
217,8,cuda_fp16,0,0,4.05078125,-3.322265625
218,8,cuda_fp16,0,0,0.92431640625,-0.6533203125
219,8,cuda_fp16,1,1,-3.12890625,3.216796875
220,8,cuda_fp16,1,1,-2.359375,2.390625
221,8,cuda_fp16,0,0,4.68359375,-3.744140625
222,8,cuda_fp16,1,1,-3.359375,3.5390625
223,8,cuda_fp16,1,1,-3.595703125,3.771484375
224,8,cuda_fp16,1,1,-3.484375,3.67578125
225,8,cuda_fp16,1,1,-4.03125,4.2265625
226,8,cuda_fp16,0,0,4.71484375,-3.779296875
227,8,cuda_fp16,1,1,-4.32421875,4.640625
228,8,cuda_fp16,1,1,-4.171875,4.41015625
229,8,cuda_fp16,0,0,4.10546875,-3.359375
230,8,cuda_fp16,1,0,0.40185546875,-0.1693115234375
231,8,cuda_fp16,1,1,-4.1953125,4.46484375
232,8,cuda_fp16,0,0,2.736328125,-2.2265625
233,8,cuda_fp16,0,0,4.2734375,-3.462890625
234,8,cuda_fp16,1,1,-4.125,4.3828125
235,8,cuda_fp16,1,1,-2.87890625,2.91015625
236,8,cuda_fp16,1,1,-3.130859375,3.318359375
237,8,cuda_fp16,0,0,4.11328125,-3.423828125
238,8,cuda_fp16,0,0,4.1953125,-3.384765625
239,8,cuda_fp16,1,1,-4.2734375,4.56640625
240,8,cuda_fp16,1,1,-2.982421875,3.076171875
241,8,cuda_fp16,0,0,4.6015625,-3.662109375
242,8,cuda_fp16,0,0,4.671875,-3.7578125
243,8,cuda_fp16,1,0,1.7919921875,-1.4775390625
244,8,cuda_fp16,1,1,-4.33203125,4.71484375
245,8,cuda_fp16,1,1,-3.06640625,3.205078125
246,8,cuda_fp16,1,1,-4.05859375,4.30859375
247,8,cuda_fp16,0,0,4.4609375,-3.62890625
248,8,cuda_fp16,1,0,1.78515625,-1.447265625
249,8,cuda_fp16,1,1,-0.83544921875,0.90283203125
250,8,cuda_fp16,1,1,-3.99609375,4.23828125
251,8,cuda_fp16,0,0,4.296875,-3.48828125
252,8,cuda_fp16,1,1,-4.3046875,4.67578125
253,8,cuda_fp16,0,0,2.4453125,-2.03515625
254,8,cuda_fp16,0,0,4.5078125,-3.640625
255,8,cuda_fp16,0,0,4.12890625,-3.509765625
256,8,cuda_fp16,0,0,2.46484375,-2.08203125
257,8,cuda_fp16,0,0,4.0859375,-3.38671875
258,8,cuda_fp16,0,0,4.73046875,-3.77734375
259,8,cuda_fp16,1,1,-3.962890625,4.203125
260,8,cuda_fp16,0,0,4.0,-3.279296875
261,8,cuda_fp16,1,1,-4.0390625,4.25
262,8,cuda_fp16,0,0,4.546875,-3.67578125
263,8,cuda_fp16,1,1,-4.15234375,4.4296875
264,8,cuda_fp16,0,0,4.2734375,-3.4453125
265,8,cuda_fp16,0,0,4.515625,-3.63671875
266,8,cuda_fp16,1,0,2.884765625,-2.375
267,8,cuda_fp16,0,0,2.03515625,-1.6669921875
268,8,cuda_fp16,0,0,4.671875,-3.69140625
269,8,cuda_fp16,0,0,3.669921875,-2.984375
270,8,cuda_fp16,1,1,-4.28515625,4.6171875
271,8,cuda_fp16,1,0,2.634765625,-2.20703125
272,8,cuda_fp16,0,0,3.2890625,-2.802734375
273,8,cuda_fp16,1,0,0.939453125,-0.8505859375
274,8,cuda_fp16,0,1,-2.78125,2.830078125
275,8,cuda_fp16,1,1,-4.3828125,4.6953125
276,8,cuda_fp16,1,1,-2.908203125,3.052734375
277,8,cuda_fp16,1,1,-4.18359375,4.48046875
278,8,cuda_fp16,0,0,3.92578125,-3.248046875
279,8,cuda_fp16,1,1,-2.650390625,2.669921875
280,8,cuda_fp16,1,1,-4.30078125,4.61328125
281,8,cuda_fp16,0,0,4.5,-3.68359375
282,8,cuda_fp16,1,0,3.60546875,-3.021484375
283,8,cuda_fp16,1,1,-4.33984375,4.65234375
284,8,cuda_fp16,0,0,3.318359375,-2.8203125
285,8,cuda_fp16,0,0,2.818359375,-2.318359375
286,8,cuda_fp16,1,1,-4.1953125,4.484375
287,8,cuda_fp16,1,1,-4.19921875,4.48828125
288,8,cuda_fp16,1,1,-4.01171875,4.23828125
289,8,cuda_fp16,1,1,-2.7421875,2.94140625
290,8,cuda_fp16,1,1,-4.14453125,4.39453125
291,8,cuda_fp16,0,0,2.404296875,-1.98828125
292,8,cuda_fp16,0,1,-2.458984375,2.458984375
293,8,cuda_fp16,1,1,-4.10546875,4.32421875
294,8,cuda_fp16,1,1,-3.609375,3.880859375
295,8,cuda_fp16,1,1,-3.439453125,3.587890625
296,8,cuda_fp16,0,0,4.29296875,-3.541015625
297,8,cuda_fp16,1,1,-3.345703125,3.5
298,8,cuda_fp16,0,0,4.50390625,-3.623046875
299,8,cuda_fp16,1,1,-2.6328125,2.73828125
300,8,cuda_fp16,1,1,-4.28125,4.60546875
301,8,cuda_fp16,0,0,0.18798828125,0.1531982421875
302,8,cuda_fp16,1,1,-4.34375,4.671875
303,8,cuda_fp16,1,1,-4.3828125,4.7109375
304,8,cuda_fp16,1,1,-3.90234375,4.05859375
305,8,cuda_fp16,0,0,3.896484375,-3.1015625
306,8,cuda_fp16,1,1,-4.125,4.4140625
307,8,cuda_fp16,1,1,-4.1953125,4.47265625
308,8,cuda_fp16,1,1,-3.029296875,3.12109375
309,8,cuda_fp16,1,1,-4.10546875,4.44140625
310,8,cuda_fp16,1,1,-4.05859375,4.3203125
311,8,cuda_fp16,1,1,-4.34765625,4.6875
312,8,cuda_fp16,0,1,-2.986328125,3.1015625
313,8,cuda_fp16,1,1,-4.25390625,4.6328125
314,8,cuda_fp16,1,1,-4.328125,4.69140625
315,8,cuda_fp16,0,0,4.7265625,-3.751953125
316,8,cuda_fp16,1,1,-4.3359375,4.734375
317,8,cuda_fp16,1,1,-4.33984375,4.65625
318,8,cuda_fp16,0,0,2.728515625,-2.302734375
319,8,cuda_fp16,0,0,4.60546875,-3.7578125
320,8,cuda_fp16,1,1,-4.33984375,4.6875
321,8,cuda_fp16,0,0,2.837890625,-2.5
322,8,cuda_fp16,0,0,3.2421875,-2.7109375
323,8,cuda_fp16,1,1,-2.84375,2.962890625
324,8,cuda_fp16,1,0,1.5390625,-1.3984375
325,8,cuda_fp16,1,1,-4.13671875,4.41015625
326,8,cuda_fp16,1,1,-3.591796875,3.828125
327,8,cuda_fp16,1,1,-4.06640625,4.3125
328,8,cuda_fp16,0,0,2.443359375,-2.01171875
329,8,cuda_fp16,0,0,4.71875,-3.751953125
330,8,cuda_fp16,0,0,3.5234375,-2.9296875
331,8,cuda_fp16,1,1,-3.841796875,3.98828125
332,8,cuda_fp16,1,1,-1.720703125,1.857421875
333,8,cuda_fp16,1,1,-3.20703125,3.26953125
334,8,cuda_fp16,1,1,-4.05078125,4.33984375
335,8,cuda_fp16,0,0,3.845703125,-3.130859375
336,8,cuda_fp16,1,1,-4.265625,4.6328125
337,8,cuda_fp16,0,0,4.74609375,-3.822265625
338,8,cuda_fp16,0,0,2.3828125,-2.064453125
339,8,cuda_fp16,1,1,-4.0234375,4.25
340,8,cuda_fp16,0,0,3.353515625,-2.78125
341,8,cuda_fp16,1,1,-1.4755859375,1.630859375
342,8,cuda_fp16,0,0,3.30859375,-2.7578125
343,8,cuda_fp16,0,0,4.60546875,-3.658203125
344,8,cuda_fp16,1,1,-3.75,3.97265625
345,8,cuda_fp16,1,1,-3.982421875,4.203125
346,8,cuda_fp16,0,0,2.9921875,-2.53515625
347,8,cuda_fp16,0,0,4.5703125,-3.701171875
348,8,cuda_fp16,0,0,4.5234375,-3.701171875
349,8,cuda_fp16,0,0,3.162109375,-2.6640625
350,8,cuda_fp16,0,0,3.3515625,-2.84375
351,8,cuda_fp16,1,1,-4.1640625,4.50390625
352,8,cuda_fp16,1,1,-3.91796875,4.12109375
353,8,cuda_fp16,1,1,-4.3671875,4.671875
354,8,cuda_fp16,1,1,-3.837890625,4.078125
355,8,cuda_fp16,0,0,4.02734375,-3.28515625
356,8,cuda_fp16,0,1,-1.6943359375,1.8466796875
357,8,cuda_fp16,0,0,2.685546875,-2.236328125
358,8,cuda_fp16,1,0,2.455078125,-2.123046875
359,8,cuda_fp16,1,1,-3.849609375,4.1171875
360,8,cuda_fp16,1,1,-3.970703125,4.20703125
361,8,cuda_fp16,0,0,4.734375,-3.80859375
362,8,cuda_fp16,1,1,-3.16796875,3.32421875
363,8,cuda_fp16,0,0,4.60546875,-3.716796875
364,8,cuda_fp16,0,0,3.001953125,-2.607421875
365,8,cuda_fp16,0,0,2.544921875,-2.2421875
366,8,cuda_fp16,1,1,-4.1171875,4.375
367,8,cuda_fp16,1,1,-3.685546875,3.892578125
368,8,cuda_fp16,0,0,4.29296875,-3.572265625
369,8,cuda_fp16,1,1,-3.455078125,3.578125
370,8,cuda_fp16,0,0,4.5234375,-3.6640625
371,8,cuda_fp16,1,1,-3.341796875,3.45703125
372,8,cuda_fp16,1,1,-3.447265625,3.671875
373,8,cuda_fp16,0,0,2.93359375,-2.5625
374,8,cuda_fp16,0,0,4.61328125,-3.703125
375,8,cuda_fp16,1,0,1.6162109375,-1.2275390625
376,8,cuda_fp16,0,0,4.4375,-3.6328125
377,8,cuda_fp16,0,0,3.8515625,-3.12890625
378,8,cuda_fp16,0,0,4.59765625,-3.767578125
379,8,cuda_fp16,0,0,4.31640625,-3.5390625
380,8,cuda_fp16,0,0,4.7734375,-3.80078125
381,8,cuda_fp16,1,1,-4.0390625,4.26171875
382,8,cuda_fp16,0,0,3.171875,-2.6171875
383,8,cuda_fp16,1,1,-4.33203125,4.6484375
384,8,cuda_fp16,0,0,4.1796875,-3.443359375
385,8,cuda_fp16,0,0,1.6484375,-1.185546875
386,8,cuda_fp16,1,1,-4.33984375,4.66796875
387,8,cuda_fp16,1,1,-4.171875,4.44140625
388,8,cuda_fp16,0,0,3.96875,-3.28125
389,8,cuda_fp16,1,1,-2.435546875,2.4921875
390,8,cuda_fp16,0,0,4.6640625,-3.794921875
391,8,cuda_fp16,0,0,4.2578125,-3.498046875
392,8,cuda_fp16,0,0,4.32421875,-3.515625
393,8,cuda_fp16,1,1,-4.3359375,4.7265625
394,8,cuda_fp16,1,1,-3.61328125,3.81640625
395,8,cuda_fp16,0,1,-0.52001953125,0.7529296875
396,8,cuda_fp16,1,1,-4.35546875,4.69921875
397,8,cuda_fp16,1,1,-4.26953125,4.58203125
398,8,cuda_fp16,1,1,-3.47265625,3.576171875
399,8,cuda_fp16,0,1,-1.3134765625,1.326171875
400,8,cuda_fp16,1,1,-2.83984375,2.966796875
401,8,cuda_fp16,1,1,-1.990234375,2.013671875
402,8,cuda_fp16,0,0,3.7265625,-3.076171875
403,8,cuda_fp16,0,0,4.6015625,-3.74609375
404,8,cuda_fp16,1,1,-4.125,4.45703125
405,8,cuda_fp16,0,1,-0.5234375,0.6982421875
406,8,cuda_fp16,1,1,-3.44140625,3.599609375
407,8,cuda_fp16,0,0,3.798828125,-3.169921875
408,8,cuda_fp16,0,0,3.818359375,-3.162109375
409,8,cuda_fp16,0,0,4.7421875,-3.853515625
410,8,cuda_fp16,1,1,-3.716796875,3.85546875
411,8,cuda_fp16,0,1,-1.345703125,1.3515625
412,8,cuda_fp16,0,0,2.34375,-1.98828125
413,8,cuda_fp16,0,0,4.6015625,-3.685546875
414,8,cuda_fp16,1,1,-4.203125,4.46875
415,8,cuda_fp16,1,1,-4.23828125,4.57421875
416,8,cuda_fp16,1,1,-3.798828125,4.11328125
417,8,cuda_fp16,1,1,-4.12890625,4.35546875
418,8,cuda_fp16,1,1,-3.1484375,3.30078125
419,8,cuda_fp16,0,0,4.7109375,-3.80078125
420,8,cuda_fp16,0,0,3.77734375,-3.107421875
421,8,cuda_fp16,1,1,-3.005859375,3.111328125
422,8,cuda_fp16,1,1,-0.181640625,0.427978515625
423,8,cuda_fp16,0,0,4.46484375,-3.634765625
424,8,cuda_fp16,1,1,-4.296875,4.64453125
425,8,cuda_fp16,1,1,-3.818359375,3.986328125
426,8,cuda_fp16,1,1,-4.0625,4.28125
427,8,cuda_fp16,1,1,-4.13671875,4.4140625
428,8,cuda_fp16,1,1,-4.28515625,4.6328125
429,8,cuda_fp16,0,0,4.6328125,-3.74609375
430,8,cuda_fp16,1,1,-4.3203125,4.6328125
431,8,cuda_fp16,0,0,3.880859375,-3.29296875
432,8,cuda_fp16,0,0,4.44140625,-3.62890625
433,8,cuda_fp16,1,1,-3.564453125,3.728515625
434,8,cuda_fp16,0,0,2.740234375,-2.40234375
435,8,cuda_fp16,1,1,-3.966796875,4.26171875
436,8,cuda_fp16,0,0,4.69140625,-3.783203125
437,8,cuda_fp16,1,1,-4.2578125,4.5703125
438,8,cuda_fp16,1,1,-3.765625,3.939453125
439,8,cuda_fp16,1,1,-4.36328125,4.72265625
440,8,cuda_fp16,1,0,0.595703125,-0.34423828125
441,8,cuda_fp16,0,0,2.962890625,-2.439453125
442,8,cuda_fp16,0,0,3.091796875,-2.5703125
443,8,cuda_fp16,1,1,-4.2734375,4.60546875
444,8,cuda_fp16,0,0,2.033203125,-1.7421875
445,8,cuda_fp16,1,1,-3.498046875,3.685546875
446,8,cuda_fp16,0,1,-2.32421875,2.375
447,8,cuda_fp16,1,1,-2.939453125,3.009765625
448,8,cuda_fp16,1,1,-0.52490234375,0.6396484375
449,8,cuda_fp16,0,1,-2.1171875,2.078125
450,8,cuda_fp16,1,1,-4.19921875,4.46484375
451,8,cuda_fp16,1,1,-3.923828125,4.14453125
452,8,cuda_fp16,0,0,4.76171875,-3.806640625
453,8,cuda_fp16,1,1,-2.81640625,2.974609375
454,8,cuda_fp16,0,0,2.287109375,-1.8369140625
455,8,cuda_fp16,1,1,-4.26953125,4.52734375
456,8,cuda_fp16,0,0,2.935546875,-2.427734375
457,8,cuda_fp16,1,1,-4.34765625,4.66015625
458,8,cuda_fp16,1,1,-3.3515625,3.486328125
459,8,cuda_fp16,1,1,-4.1328125,4.4140625
460,8,cuda_fp16,1,1,-3.798828125,3.96875
461,8,cuda_fp16,0,0,4.734375,-3.80859375
462,8,cuda_fp16,0,0,4.484375,-3.650390625
463,8,cuda_fp16,0,0,4.35546875,-3.513671875
464,8,cuda_fp16,1,0,1.39453125,-1.0859375
465,8,cuda_fp16,0,0,2.90234375,-2.455078125
466,8,cuda_fp16,1,1,-3.7265625,3.859375
467,8,cuda_fp16,1,1,-3.1875,3.255859375
468,8,cuda_fp16,1,1,-4.140625,4.38671875
469,8,cuda_fp16,0,0,4.5390625,-3.716796875
470,8,cuda_fp16,1,1,-4.3125,4.66796875
471,8,cuda_fp16,0,0,3.958984375,-3.291015625
472,8,cuda_fp16,1,1,-3.306640625,3.32421875
473,8,cuda_fp16,1,1,-3.720703125,3.96484375
474,8,cuda_fp16,0,0,4.65625,-3.720703125
475,8,cuda_fp16,1,1,-4.28515625,4.625
476,8,cuda_fp16,0,0,4.15625,-3.40234375
477,8,cuda_fp16,0,1,-1.80078125,1.796875
478,8,cuda_fp16,0,0,1.65625,-1.3837890625
479,8,cuda_fp16,1,1,-4.35546875,4.66796875
480,8,cuda_fp16,1,1,-3.9375,4.16015625
481,8,cuda_fp16,1,1,-0.3232421875,0.5576171875
482,8,cuda_fp16,1,1,-3.8203125,4.02734375
483,8,cuda_fp16,1,1,-4.09765625,4.375
484,8,cuda_fp16,1,1,-4.2265625,4.5234375
485,8,cuda_fp16,1,1,-4.06640625,4.3125
486,8,cuda_fp16,0,0,4.58984375,-3.619140625
487,8,cuda_fp16,0,0,3.30859375,-2.767578125
488,8,cuda_fp16,1,1,-4.2265625,4.54296875
489,8,cuda_fp16,0,0,4.3046875,-3.46875
490,8,cuda_fp16,0,0,4.75390625,-3.826171875
491,8,cuda_fp16,0,0,3.962890625,-3.26171875
492,8,cuda_fp16,1,1,-4.3671875,4.68359375
493,8,cuda_fp16,0,0,4.70703125,-3.71875
494,8,cuda_fp16,0,1,-2.896484375,3.041015625
495,8,cuda_fp16,1,1,-1.193359375,1.3759765625
496,8,cuda_fp16,1,0,1.1376953125,-1.00390625
497,8,cuda_fp16,0,0,0.12353515625,0.01142120361328125
498,8,cuda_fp16,1,1,-4.1484375,4.43359375
499,8,cuda_fp16,1,1,-2.970703125,3.03125
500,8,cuda_fp16,0,0,4.46484375,-3.646484375
501,8,cuda_fp16,1,0,2.73046875,-2.353515625
502,8,cuda_fp16,0,0,4.75390625,-3.8125
503,8,cuda_fp16,0,0,3.31640625,-2.755859375
504,8,cuda_fp16,1,1,-4.375,4.71875
505,8,cuda_fp16,1,1,-2.830078125,2.958984375
506,8,cuda_fp16,1,1,-3.9296875,4.13671875
507,8,cuda_fp16,1,1,-3.828125,4.06640625
508,8,cuda_fp16,1,1,-4.30078125,4.6015625
509,8,cuda_fp16,1,1,-0.153564453125,0.44970703125
510,8,cuda_fp16,1,1,-3.525390625,3.7265625
511,8,cuda_fp16,1,1,-3.919921875,4.1328125
512,8,cuda_fp16,0,0,4.34375,-3.505859375
513,8,cuda_fp16,0,0,1.2412109375,-0.9091796875
514,8,cuda_fp16,1,1,-3.822265625,4.02734375
515,8,cuda_fp16,0,0,3.244140625,-2.640625
516,8,cuda_fp16,0,0,4.22265625,-3.462890625
517,8,cuda_fp16,1,1,-2.140625,2.23828125
518,8,cuda_fp16,1,1,-3.873046875,4.109375
519,8,cuda_fp16,0,1,-3.64453125,3.75390625
520,8,cuda_fp16,1,1,-3.966796875,4.18359375
521,8,cuda_fp16,0,0,4.234375,-3.443359375
522,8,cuda_fp16,0,0,4.375,-3.607421875
523,8,cuda_fp16,1,1,-4.296875,4.5703125
524,8,cuda_fp16,1,1,-3.6953125,3.8359375
525,8,cuda_fp16,1,1,-4.0859375,4.40625
526,8,cuda_fp16,0,0,4.06640625,-3.31640625
527,8,cuda_fp16,0,0,0.128662109375,-0.0266571044921875
528,8,cuda_fp16,1,1,-3.173828125,3.34375
529,8,cuda_fp16,0,0,4.29296875,-3.515625
530,8,cuda_fp16,1,1,-4.30859375,4.64453125
531,8,cuda_fp16,0,0,4.0078125,-3.31640625
532,8,cuda_fp16,1,1,-3.2734375,3.40625
533,8,cuda_fp16,1,1,-3.892578125,4.1796875
534,8,cuda_fp16,1,1,-4.32421875,4.671875
535,8,cuda_fp16,1,1,-4.0234375,4.296875
536,8,cuda_fp16,0,0,4.67578125,-3.79296875
537,8,cuda_fp16,1,1,-4.2421875,4.515625
538,8,cuda_fp16,0,0,4.76953125,-3.837890625
539,8,cuda_fp16,0,0,2.37109375,-1.943359375
540,8,cuda_fp16,1,1,-3.798828125,4.046875
541,8,cuda_fp16,1,1,-4.3125,4.66796875
542,8,cuda_fp16,0,0,4.01953125,-3.263671875
543,8,cuda_fp16,0,0,2.474609375,-2.1015625
544,8,cuda_fp16,0,1,-3.85546875,4.12109375
545,8,cuda_fp16,0,0,4.62890625,-3.740234375
546,8,cuda_fp16,1,0,1.8251953125,-1.490234375
547,8,cuda_fp16,0,0,3.515625,-2.916015625
548,8,cuda_fp16,0,0,3.26953125,-2.7109375
549,8,cuda_fp16,0,0,4.765625,-3.798828125
550,8,cuda_fp16,0,0,4.6953125,-3.783203125
551,8,cuda_fp16,0,0,3.9140625,-3.232421875
552,8,cuda_fp16,0,0,4.09375,-3.380859375
553,8,cuda_fp16,1,1,-4.08203125,4.41015625
554,8,cuda_fp16,0,0,3.748046875,-3.091796875
555,8,cuda_fp16,0,0,4.48828125,-3.66796875
556,8,cuda_fp16,0,0,4.5,-3.63671875
557,8,cuda_fp16,1,1,-4.25,4.58984375
558,8,cuda_fp16,1,1,-3.17578125,3.240234375
559,8,cuda_fp16,0,0,3.20703125,-2.697265625
560,8,cuda_fp16,0,0,3.484375,-2.890625
561,8,cuda_fp16,1,0,2.763671875,-2.330078125
562,8,cuda_fp16,0,0,4.61328125,-3.685546875
563,8,cuda_fp16,1,1,-4.0703125,4.2578125
564,8,cuda_fp16,0,0,4.2265625,-3.41796875
565,8,cuda_fp16,1,1,-4.3671875,4.6875
566,8,cuda_fp16,0,0,4.40625,-3.62890625
567,8,cuda_fp16,1,1,-4.08203125,4.31640625
568,8,cuda_fp16,0,0,3.171875,-2.61328125
569,8,cuda_fp16,1,1,-4.37890625,4.71484375
570,8,cuda_fp16,1,1,-3.927734375,4.08203125
571,8,cuda_fp16,0,0,3.638671875,-2.98828125
572,8,cuda_fp16,0,0,4.50390625,-3.580078125
573,8,cuda_fp16,1,1,-4.359375,4.69921875
574,8,cuda_fp16,0,0,4.234375,-3.501953125
575,8,cuda_fp16,0,0,3.0390625,-2.4921875
576,8,cuda_fp16,0,0,4.73828125,-3.7578125
577,8,cuda_fp16,1,1,-4.11328125,4.37109375
578,8,cuda_fp16,0,0,3.568359375,-2.9921875
579,8,cuda_fp16,0,1,-2.2578125,2.244140625
580,8,cuda_fp16,0,0,2.478515625,-2.013671875
581,8,cuda_fp16,0,0,4.6953125,-3.7734375
582,8,cuda_fp16,0,0,2.81640625,-2.326171875
583,8,cuda_fp16,0,0,3.095703125,-2.66015625
584,8,cuda_fp16,0,0,3.26171875,-2.70703125
585,8,cuda_fp16,0,0,4.6953125,-3.775390625
586,8,cuda_fp16,0,0,4.59375,-3.634765625
587,8,cuda_fp16,0,0,3.865234375,-3.1875
588,8,cuda_fp16,1,1,-2.82421875,2.890625
589,8,cuda_fp16,1,1,-2.701171875,2.7421875
590,8,cuda_fp16,0,0,4.3984375,-3.61328125
591,8,cuda_fp16,0,0,4.7109375,-3.744140625
592,8,cuda_fp16,0,0,4.55078125,-3.642578125
593,8,cuda_fp16,1,1,-3.8828125,4.15234375
594,8,cuda_fp16,1,1,-4.2109375,4.46484375
595,8,cuda_fp16,0,0,1.4931640625,-1.2646484375
596,8,cuda_fp16,0,0,2.9375,-2.4375
597,8,cuda_fp16,0,0,3.580078125,-3.029296875
598,8,cuda_fp16,0,0,4.7734375,-3.84375
599,8,cuda_fp16,0,0,4.76953125,-3.8125
600,8,cuda_fp16,0,0,3.67578125,-3.080078125
601,8,cuda_fp16,0,0,2.466796875,-2.046875
602,8,cuda_fp16,1,1,-3.73046875,4.0703125
603,8,cuda_fp16,1,1,-4.3515625,4.65234375
604,8,cuda_fp16,0,1,-1.9375,1.9326171875
605,8,cuda_fp16,1,1,-2.953125,3.01171875
606,8,cuda_fp16,0,0,3.9765625,-3.33984375
607,8,cuda_fp16,1,1,-2.974609375,3.236328125
608,8,cuda_fp16,1,1,-3.4921875,3.607421875
609,8,cuda_fp16,1,1,-2.9921875,3.03515625
610,8,cuda_fp16,0,0,2.431640625,-2.1015625
611,8,cuda_fp16,1,1,-3.3203125,3.513671875
612,8,cuda_fp16,0,1,-2.146484375,2.2734375
613,8,cuda_fp16,1,1,-2.2265625,2.2421875
614,8,cuda_fp16,1,1,-3.93359375,4.21875
615,8,cuda_fp16,0,0,3.908203125,-3.21484375
616,8,cuda_fp16,1,1,-3.775390625,3.96875
617,8,cuda_fp16,0,0,0.341064453125,-0.1817626953125
618,8,cuda_fp16,0,0,1.6650390625,-1.330078125
619,8,cuda_fp16,0,0,4.5,-3.705078125
620,8,cuda_fp16,0,0,2.626953125,-2.216796875
621,8,cuda_fp16,1,1,-4.1640625,4.39453125
622,8,cuda_fp16,1,1,-3.861328125,4.07421875
623,8,cuda_fp16,1,1,-4.171875,4.484375
624,8,cuda_fp16,1,1,-3.64453125,3.861328125
625,8,cuda_fp16,1,1,-4.33984375,4.6796875
626,8,cuda_fp16,1,0,1.314453125,-1.0322265625
627,8,cuda_fp16,0,0,4.76171875,-3.77734375
628,8,cuda_fp16,1,1,-3.869140625,4.16015625
629,8,cuda_fp16,0,0,3.5390625,-3.021484375
630,8,cuda_fp16,1,1,-3.29296875,3.37890625
631,8,cuda_fp16,0,0,4.203125,-3.33984375
632,8,cuda_fp16,0,0,4.51171875,-3.677734375
633,8,cuda_fp16,1,1,-2.5703125,2.748046875
634,8,cuda_fp16,1,1,-3.798828125,3.95703125
635,8,cuda_fp16,0,0,3.986328125,-3.33984375
636,8,cuda_fp16,1,1,-3.8984375,4.1796875
637,8,cuda_fp16,0,0,4.41015625,-3.62109375
638,8,cuda_fp16,1,1,-3.94140625,4.1796875
639,8,cuda_fp16,0,0,4.55078125,-3.685546875
640,8,cuda_fp16,1,1,-4.29296875,4.62890625
641,8,cuda_fp16,1,1,-4.21875,4.5078125
642,8,cuda_fp16,0,0,4.31640625,-3.548828125
643,8,cuda_fp16,1,1,-0.15087890625,0.2041015625
644,8,cuda_fp16,1,1,-3.82421875,4.03125
645,8,cuda_fp16,0,0,1.4931640625,-1.1240234375
646,8,cuda_fp16,0,1,-3.78515625,4.1015625
647,8,cuda_fp16,0,0,4.765625,-3.779296875
648,8,cuda_fp16,1,1,-2.927734375,3.087890625
649,8,cuda_fp16,0,0,4.6484375,-3.78515625
650,8,cuda_fp16,0,0,4.11328125,-3.40625
651,8,cuda_fp16,0,0,4.21484375,-3.40625
652,8,cuda_fp16,0,0,4.68359375,-3.7265625
653,8,cuda_fp16,0,0,4.61328125,-3.7265625
654,8,cuda_fp16,0,0,4.51171875,-3.65625
655,8,cuda_fp16,1,1,-4.19921875,4.484375
656,8,cuda_fp16,1,0,1.9560546875,-1.6748046875
657,8,cuda_fp16,0,0,3.95703125,-3.283203125
658,8,cuda_fp16,1,1,-4.34765625,4.6640625
659,8,cuda_fp16,0,0,3.287109375,-2.72265625
660,8,cuda_fp16,1,1,-4.16015625,4.5078125
661,8,cuda_fp16,0,0,3.970703125,-3.302734375
662,8,cuda_fp16,0,0,4.56640625,-3.619140625
663,8,cuda_fp16,1,1,-3.31640625,3.416015625
664,8,cuda_fp16,1,1,-3.86328125,4.0625
665,8,cuda_fp16,1,1,-3.3203125,3.49609375
666,8,cuda_fp16,1,1,-4.078125,4.40625
667,8,cuda_fp16,1,0,0.943359375,-0.7734375
668,8,cuda_fp16,0,0,3.806640625,-3.1171875
669,8,cuda_fp16,1,1,-4.2109375,4.5703125
670,8,cuda_fp16,0,0,1.4814453125,-1.1318359375
671,8,cuda_fp16,1,1,-3.826171875,4.06640625
672,8,cuda_fp16,0,0,3.853515625,-3.138671875
673,8,cuda_fp16,1,0,1.58203125,-1.18359375
674,8,cuda_fp16,1,1,-3.50390625,3.6875
675,8,cuda_fp16,1,1,-4.20703125,4.53515625
676,8,cuda_fp16,0,0,4.3046875,-3.501953125
677,8,cuda_fp16,1,1,-3.498046875,3.658203125
678,8,cuda_fp16,1,1,-3.775390625,4.01953125
679,8,cuda_fp16,1,1,-4.05859375,4.3515625
680,8,cuda_fp16,1,1,-3.685546875,3.904296875
681,8,cuda_fp16,0,0,4.40234375,-3.62890625
682,8,cuda_fp16,0,0,4.6640625,-3.7265625
683,8,cuda_fp16,1,0,0.48681640625,-0.316650390625
684,8,cuda_fp16,1,1,-2.203125,2.291015625
685,8,cuda_fp16,1,0,3.6328125,-3.01953125
686,8,cuda_fp16,1,1,-4.22265625,4.515625
687,8,cuda_fp16,0,0,4.34765625,-3.58984375
688,8,cuda_fp16,0,0,2.125,-1.7548828125
689,8,cuda_fp16,0,0,2.6796875,-2.3125
690,8,cuda_fp16,0,0,4.69921875,-3.74609375
691,8,cuda_fp16,1,1,-3.44140625,3.599609375
692,8,cuda_fp16,0,1,-1.3369140625,1.505859375
693,8,cuda_fp16,0,0,4.63671875,-3.74609375
694,8,cuda_fp16,0,0,3.818359375,-3.0546875
695,8,cuda_fp16,0,1,-3.482421875,3.615234375
696,8,cuda_fp16,1,1,-3.421875,3.58203125
697,8,cuda_fp16,1,1,-0.6826171875,0.7880859375
698,8,cuda_fp16,1,1,-3.634765625,3.90234375
699,8,cuda_fp16,1,0,2.720703125,-2.29296875
700,8,cuda_fp16,0,0,2.044921875,-1.5234375
701,8,cuda_fp16,0,0,2.80078125,-2.37109375
702,8,cuda_fp16,0,1,-2.072265625,2.158203125
703,8,cuda_fp16,0,0,3.599609375,-2.99609375
704,8,cuda_fp16,0,1,-0.8125,0.90673828125
705,8,cuda_fp16,0,0,3.298828125,-2.7578125
706,8,cuda_fp16,0,0,4.30859375,-3.46484375
707,8,cuda_fp16,0,0,1.2705078125,-1.10546875
708,8,cuda_fp16,1,1,-4.34765625,4.6875
709,8,cuda_fp16,0,0,4.60546875,-3.72265625
710,8,cuda_fp16,0,0,2.634765625,-2.232421875
711,8,cuda_fp16,0,0,4.76953125,-3.82421875
712,8,cuda_fp16,0,0,3.625,-3.05859375
713,8,cuda_fp16,0,0,3.84765625,-3.181640625
714,8,cuda_fp16,1,1,-4.33984375,4.703125
715,8,cuda_fp16,0,0,3.541015625,-2.982421875
716,8,cuda_fp16,0,0,3.462890625,-2.8828125
717,8,cuda_fp16,1,1,-4.35546875,4.6640625
718,8,cuda_fp16,1,1,-4.19140625,4.4765625
719,8,cuda_fp16,0,0,3.8671875,-3.302734375
720,8,cuda_fp16,1,1,-3.93359375,4.1171875
721,8,cuda_fp16,1,1,-4.3046875,4.5859375
722,8,cuda_fp16,0,0,3.99609375,-3.287109375
723,8,cuda_fp16,1,1,-4.33984375,4.6640625
724,8,cuda_fp16,0,1,-3.220703125,3.41015625
725,8,cuda_fp16,1,1,-3.97265625,4.2421875
726,8,cuda_fp16,1,1,-4.1328125,4.37109375
727,8,cuda_fp16,0,0,2.509765625,-2.16015625
728,8,cuda_fp16,1,1,-2.294921875,2.39453125
729,8,cuda_fp16,1,1,-4.19921875,4.578125
730,8,cuda_fp16,0,0,4.6640625,-3.76171875
731,8,cuda_fp16,0,0,3.17578125,-2.623046875
732,8,cuda_fp16,0,0,4.47265625,-3.60546875
733,8,cuda_fp16,0,0,0.77880859375,-0.55419921875
734,8,cuda_fp16,0,0,1.5888671875,-1.2041015625
735,8,cuda_fp16,0,1,-1.802734375,1.908203125
736,8,cuda_fp16,0,1,-2.763671875,2.85546875
737,8,cuda_fp16,1,1,-4.234375,4.55859375
738,8,cuda_fp16,1,1,-4.21484375,4.55078125
739,8,cuda_fp16,1,1,-4.15625,4.4609375
740,8,cuda_fp16,1,1,-3.791015625,4.00390625
741,8,cuda_fp16,1,0,1.23828125,-0.98095703125
742,8,cuda_fp16,1,1,-3.67578125,3.833984375
743,8,cuda_fp16,0,0,2.189453125,-1.849609375
744,8,cuda_fp16,1,1,-3.58984375,3.763671875
745,8,cuda_fp16,0,0,4.578125,-3.75390625
746,8,cuda_fp16,1,1,-4.25,4.58203125
747,8,cuda_fp16,1,1,-3.791015625,4.02734375
748,8,cuda_fp16,0,0,3.92578125,-3.201171875
749,8,cuda_fp16,1,0,1.9287109375,-1.6337890625
750,8,cuda_fp16,0,0,2.37890625,-2.064453125
751,8,cuda_fp16,0,0,4.703125,-3.787109375
752,8,cuda_fp16,0,0,3.8203125,-3.123046875
753,8,cuda_fp16,1,1,-2.33984375,2.443359375
754,8,cuda_fp16,1,1,-4.078125,4.390625
755,8,cuda_fp16,1,1,-4.23828125,4.55078125
756,8,cuda_fp16,0,0,3.244140625,-2.75390625
757,8,cuda_fp16,0,0,2.611328125,-2.1875
758,8,cuda_fp16,1,1,-4.33203125,4.6484375
759,8,cuda_fp16,0,0,2.849609375,-2.41796875
760,8,cuda_fp16,1,0,1.5244140625,-1.291015625
761,8,cuda_fp16,0,0,4.6328125,-3.744140625
762,8,cuda_fp16,1,1,-4.33984375,4.703125
763,8,cuda_fp16,1,1,-3.4375,3.611328125
764,8,cuda_fp16,0,1,-2.828125,2.9296875
765,8,cuda_fp16,0,0,3.68359375,-3.033203125
766,8,cuda_fp16,1,1,-3.55078125,3.697265625
767,8,cuda_fp16,1,1,-4.04296875,4.30859375
768,8,cuda_fp16,1,1,-3.751953125,3.912109375
769,8,cuda_fp16,1,1,-4.25,4.5234375
770,8,cuda_fp16,0,1,-0.8583984375,0.916015625
771,8,cuda_fp16,0,1,-2.345703125,2.373046875
772,8,cuda_fp16,1,1,-4.13671875,4.40625
773,8,cuda_fp16,1,1,-4.0078125,4.2734375
774,8,cuda_fp16,0,0,4.1171875,-3.373046875
775,8,cuda_fp16,0,0,1.3251953125,-1.138671875
776,8,cuda_fp16,0,0,4.75,-3.806640625
777,8,cuda_fp16,1,1,-3.90625,4.1015625
778,8,cuda_fp16,1,1,-4.33984375,4.69140625
779,8,cuda_fp16,0,0,4.171875,-3.416015625
780,8,cuda_fp16,1,1,-3.923828125,4.140625
781,8,cuda_fp16,0,0,4.13671875,-3.400390625
782,8,cuda_fp16,1,1,-0.53857421875,0.626953125
783,8,cuda_fp16,1,1,-3.90234375,4.109375
784,8,cuda_fp16,1,1,-4.25,4.55859375
785,8,cuda_fp16,1,1,-2.736328125,2.759765625
786,8,cuda_fp16,0,0,3.197265625,-2.779296875
787,8,cuda_fp16,0,0,3.115234375,-2.578125
788,8,cuda_fp16,1,1,-3.9921875,4.26953125
789,8,cuda_fp16,0,0,2.115234375,-1.7265625
790,8,cuda_fp16,0,0,4.05859375,-3.345703125
791,8,cuda_fp16,0,1,-4.10546875,4.37109375
792,8,cuda_fp16,1,1,-4.3359375,4.71484375
793,8,cuda_fp16,1,1,-3.189453125,3.30078125
794,8,cuda_fp16,1,1,-3.583984375,3.7734375
795,8,cuda_fp16,0,0,4.50390625,-3.59375
796,8,cuda_fp16,1,1,-4.23828125,4.49609375
797,8,cuda_fp16,0,0,4.71875,-3.75
798,8,cuda_fp16,0,0,4.03125,-3.3671875
799,8,cuda_fp16,1,1,-4.359375,4.6953125
800,8,cuda_fp16,0,0,3.1484375,-2.67578125
801,8,cuda_fp16,0,0,2.26171875,-1.93359375
802,8,cuda_fp16,0,0,2.42578125,-1.98828125
803,8,cuda_fp16,1,1,-2.876953125,2.95703125
804,8,cuda_fp16,0,0,3.7890625,-3.12890625
805,8,cuda_fp16,0,0,0.441162109375,-0.1910400390625
806,8,cuda_fp16,1,1,-4.1171875,4.3984375
807,8,cuda_fp16,1,1,-4.37109375,4.74609375
808,8,cuda_fp16,1,1,-4.40234375,4.7421875
809,8,cuda_fp16,1,1,-4.2890625,4.59765625
810,8,cuda_fp16,1,1,-4.28515625,4.65234375
811,8,cuda_fp16,0,0,2.98046875,-2.57421875
812,8,cuda_fp16,1,1,-1.5322265625,1.6337890625
813,8,cuda_fp16,0,0,0.373046875,-0.1617431640625
814,8,cuda_fp16,0,0,4.62890625,-3.69921875
815,8,cuda_fp16,1,1,-4.37890625,4.71484375
816,8,cuda_fp16,1,1,-3.494140625,3.640625
817,8,cuda_fp16,1,1,-4.359375,4.69921875
818,8,cuda_fp16,0,0,3.076171875,-2.53125
819,8,cuda_fp16,0,0,2.3671875,-1.9853515625
820,8,cuda_fp16,1,1,-4.3515625,4.6640625
821,8,cuda_fp16,1,1,-4.3203125,4.640625
822,8,cuda_fp16,0,0,4.6171875,-3.75
823,8,cuda_fp16,1,1,-1.8564453125,1.9677734375
824,8,cuda_fp16,0,0,2.9921875,-2.365234375
825,8,cuda_fp16,1,1,-4.27734375,4.5546875
826,8,cuda_fp16,1,1,-4.28125,4.5625
827,8,cuda_fp16,0,0,2.88671875,-2.412109375
828,8,cuda_fp16,0,0,3.193359375,-2.71484375
829,8,cuda_fp16,0,1,-3.01953125,3.193359375
830,8,cuda_fp16,1,1,-2.736328125,2.8125
831,8,cuda_fp16,1,1,-3.13671875,3.232421875
832,8,cuda_fp16,0,1,-1.4130859375,1.4462890625
833,8,cuda_fp16,0,0,4.3671875,-3.572265625
834,8,cuda_fp16,1,1,-3.12109375,3.296875
835,8,cuda_fp16,1,1,-4.34765625,4.66796875
836,8,cuda_fp16,0,0,4.53515625,-3.716796875
837,8,cuda_fp16,1,1,-4.2421875,4.48828125
838,8,cuda_fp16,0,0,3.046875,-2.505859375
839,8,cuda_fp16,0,0,4.6015625,-3.7109375
840,8,cuda_fp16,0,0,3.955078125,-3.220703125
841,8,cuda_fp16,1,1,-3.57421875,3.78125
842,8,cuda_fp16,0,0,3.01953125,-2.51171875
843,8,cuda_fp16,0,0,3.431640625,-2.81640625
844,8,cuda_fp16,0,0,4.66015625,-3.740234375
845,8,cuda_fp16,0,0,4.1484375,-3.408203125
846,8,cuda_fp16,0,1,-2.22265625,2.30078125
847,8,cuda_fp16,1,1,0.053070068359375,0.1439208984375
848,8,cuda_fp16,1,1,-4.26171875,4.578125
849,8,cuda_fp16,1,1,-3.373046875,3.482421875
850,8,cuda_fp16,1,1,-2.662109375,2.70703125
851,8,cuda_fp16,0,0,3.900390625,-3.162109375
852,8,cuda_fp16,0,0,2.3515625,-1.9697265625
853,8,cuda_fp16,1,1,-2.48828125,2.5546875
854,8,cuda_fp16,0,0,4.08203125,-3.298828125
855,8,cuda_fp16,1,1,-4.15625,4.44140625
856,8,cuda_fp16,1,1,-2.521484375,2.681640625
857,8,cuda_fp16,1,1,-3.970703125,4.20703125
858,8,cuda_fp16,1,1,-4.27734375,4.640625
859,8,cuda_fp16,1,1,-4.3125,4.70703125
860,8,cuda_fp16,1,1,-4.16796875,4.5
861,8,cuda_fp16,1,1,-3.169921875,3.259765625
862,8,cuda_fp16,0,0,0.7841796875,-0.494384765625
863,8,cuda_fp16,0,0,1.8388671875,-1.490234375
864,8,cuda_fp16,0,0,4.7265625,-3.814453125
865,8,cuda_fp16,1,1,-0.38818359375,0.495361328125
866,8,cuda_fp16,1,1,-3.384765625,3.54296875
867,8,cuda_fp16,0,0,2.14453125,-1.8193359375
868,8,cuda_fp16,1,1,-4.03515625,4.265625
869,8,cuda_fp16,0,0,1.328125,-1.0283203125
870,8,cuda_fp16,0,0,3.650390625,-3.017578125
871,8,cuda_fp16,1,0,0.75341796875,-0.483154296875
